{"type":"FeatureCollection","features":[{"type":"Feature","geometry":{"type":"LineString","coordinates":[[-73.7294286,45.6249939],[-73.7293253,45.625055],[-73.7291968,45.625128],[-73.7290281,45.6252466],[-73.7289584,45.6252956],[-73.7287035,45.6254854],[-73.7286115,45.6255586]]},"properties":{"id":"56cf2893-4294-4caf-bcec-6ae0a588bd59","name":"Rue Prudentiel","class":"residential","subtype":"road","surface":"paved","osm_id":"41275905"}},{"type":"Feature","geometry":{"type":"LineString","coordinates":[[-73.7290548,45.624648],[-73.7286107,45.6248977]]},"properties":{"id":"5a1ab77a-9ae7-48fb-9f7e-2bb9335fef96","class":"service","subtype":"road","subclass":"parking_aisle","surface":"paved","osm_id":"1210646851"}},{"type":"Feature","geometry":{"type":"LineString","coordinates":[[-73.7284575,45.6247749],[-73.7289098,45.6245138]]},"properties":{"id":"4fc37736-02d5-4fe5-b38f-b3bad990509e","class":"service","subtype":"road","subclass":"parking_aisle","surface":"paved","osm_id":"1210646852"}},{"type":"Feature","geometry":{"type":"LineString","coordinates":[[-73.7289324,45.6243608],[-73.7293164,45.6241569]]},"properties":{"id":"caeae283-97e5-401b-903d-169264d83190","class":"service","subtype":"road","subclass":"parking_aisle","surface":"paved","osm_id":"1203296286"}},{"type":"Feature","geometry":{"type":"LineString","coordinates":[[-73.7283358,45.6239843],[-73.727908,45.6242217]]},"properties":{"id":"22d52a4c-7d5b-4f70-a648-498e8009bd7a","class":"service","subtype":"road","subclass":"parking_aisle","surface":"paved","osm_id":"1210646849"}},{"type":"Feature","geometry":{"type":"LineString","coordinates":[[-73.7277292,45.6240953],[-73.7281865,45.6238511]]},"properties":{"id":"fab83314-f2e9-4536-9228-fb14a5f92783","class":"service","subtype":"road","subclass":"parking_aisle","surface":"paved","osm_id":"1210646850"}},{"type":"Feature","geometry":{"type":"LineString","coordinates":[[-73.7288565,45.6237298],[-73.7284711,45.6239249]]},"properties":{"id":"3d2e331c-ff1c-4788-b717-5500044c0bdb","class":"service","subtype":"road","subclass":"parking_aisle","surface":"paved","osm_id":"1203296648"}},{"type":"Feature","geometry":{"type":"LineString","coordinates":[[-73.7261839,45.6220075],[-73.7257093,45.6222731]]},"properties":{"id":"e4177363-457b-4e42-ac9c-92eda9745261","class":"service","subtype":"road","subclass":"parking_aisle","osm_id":"1210646844"}},{"type":"Feature","geometry":{"type":"LineString","coordinates":[[-73.726267,45.6228036],[-73.7267374,45.6225473]]},"properties":{"id":"938ea69d-1bc8-4488-9026-0cfbffdc4d24","class":"service","subtype":"road","subclass":"parking_aisle","surface":"paved","osm_id":"1210646846"}},{"type":"Feature","geometry":{"type":"LineString","coordinates":[[-73.726878,45.6226844],[-73.7264684,45.6228919]]},"properties":{"id":"766e7144-f092-40c1-b229-449dcf7cfe7d","class":"service","subtype":"road","subclass":"parking_aisle","surface":"paved","osm_id":"1210646845"}},{"type":"Feature","geometry":{"type":"LineString","coordinates":[[-73.7278119,45.6228585],[-73.727503,45.62301]]},"properties":{"id":"5c41d860-7561-442e-91fb-73e066145c39","class":"service","subtype":"road","subclass":"parking_aisle","surface":"paved","osm_id":"1203305978"}},{"type":"Feature","geometry":{"type":"LineString","coordinates":[[-73.7295376,45.6249349],[-73.7294398,45.6248404],[-73.7292744,45.6246841],[-73.7289324,45.6243608],[-73.7284711,45.6239249],[-73.727898,45.6233833],[-73.7277056,45.6232014],[-73.727503,45.62301],[-73.7272016,45.6227251],[-73.7268627,45.6224048],[-73.726562,45.6221207],[-73.7264246,45.6219909],[-73.7260693,45.6216551],[-73.7258922,45.6214876],[-73.7256086,45.6212608]]},"properties":{"id":"4d1cbb89-4a88-442a-b524-f46620916468","name":"Boulevard René-Laennec","class":"tertiary","subtype":"road","surface":"paved","osm_id":"41221000","oneway":"yes"}},{"type":"Feature","geometry":{"type":"LineString","coordinates":[[-73.7277056,45.6232014],[-73.7280115,45.6230361]]},"properties":{"id":"494b1517-7b3b-4000-bd7c-391833bfdb48","class":"service","subtype":"road","subclass":"driveway","osm_id":"1203305982"}},{"type":"Feature","geometry":{"type":"LineString","coordinates":[[-73.7254543,45.6213377],[-73.7260337,45.6218696],[-73.7261839,45.6220075],[-73.7267374,45.6225473],[-73.726878,45.6226844],[-73.7274644,45.6232073],[-73.7276167,45.6233431],[-73.7281865,45.6238511],[-73.7283358,45.6239843],[-73.7283853,45.6240284],[-73.7289098,45.6245138],[-73.7290548,45.624648],[-73.7294286,45.6249939]]},"properties":{"id":"c8b8736c-5e8f-4c08-b109-adaefc4b3c9e","name":"Boulevard René-Laennec","class":"tertiary","subtype":"road","surface":"paved","osm_id":"44847348","oneway":"yes"}},{"type":"Feature","geometry":{"type":"LineString","coordinates":[[-73.7270087,45.6234468],[-73.7274644,45.6232073]]},"properties":{"id":"7016a79f-a0d9-4460-b9e9-26d1ce909a11","class":"service","subtype":"road","subclass":"parking_aisle","surface":"paved","osm_id":"1210646848"}},{"type":"Feature","geometry":{"type":"LineString","coordinates":[[-73.7276167,45.6233431],[-73.7271648,45.623568]]},"properties":{"id":"26cea046-ad35-4e6c-b3b9-a85b78b71c71","class":"service","subtype":"road","subclass":"parking_aisle","surface":"paved","osm_id":"1210646847"}},{"type":"Feature","geometry":{"type":"LineString","coordinates":[[-73.7283246,45.623299],[-73.7282316,45.6232066],[-73.727898,45.6233833]]},"properties":{"id":"53fa3489-69e3-4ad4-a534-d0a5661f99f9","class":"service","subtype":"road","subclass":"parking_aisle","surface":"paved","osm_id":"1203305981"}},{"type":"Feature","geometry":{"type":"LineString","coordinates":[[-73.7275258,45.621892],[-73.7303674,45.6245172]]},"properties":{"id":"fbb45b76-7d19-4d9a-9972-dba4b4307f71","name":"Rue des Abeilles","class":"residential","subtype":"road","surface":"paved","osm_id":"45286599"}},{"type":"Feature","geometry":{"type":"LineString","coordinates":[[-73.7275672,45.6225373],[-73.7272016,45.6227251]]},"properties":{"id":"d8a64f89-3201-4717-8ffd-5518d6114ad9","class":"service","subtype":"road","subclass":"parking_aisle","osm_id":"1203305975"}},{"type":"Feature","geometry":{"type":"LineString","coordinates":[[-73.7268627,45.6224048],[-73.7272106,45.6222096]]},"properties":{"id":"386403ea-90ec-41a2-b26a-2adcb0239712","class":"service","subtype":"road","subclass":"parking_aisle","osm_id":"1203305972"}},{"type":"Feature","geometry":{"type":"LineString","coordinates":[[-73.726844,45.6219855],[-73.726562,45.6221207]]},"properties":{"id":"6e4a4bf9-fcdc-43fe-841f-33a7879b8493","class":"service","subtype":"road","subclass":"parking_aisle","osm_id":"1203305983"}},{"type":"Feature","geometry":{"type":"LineString","coordinates":[[-73.7265766,45.6216991],[-73.7267197,45.6218395],[-73.7264246,45.6219909]]},"properties":{"id":"bb09f71b-d17f-4f15-875d-bcaba08c6e70","class":"service","subtype":"road","subclass":"parking_aisle","osm_id":"1204236588"}},{"type":"Feature","geometry":{"type":"LineString","coordinates":[[-73.7269826,45.6213831],[-73.7275258,45.621892]]},"properties":{"id":"5b2d72fc-cc6e-4d18-963d-f103ce06cc3a","name":"Rue des Abeilles","class":"residential","subtype":"road","surface":"paved","osm_id":"45286599"}},{"type":"Feature","geometry":{"type":"LineString","coordinates":[[-73.7275258,45.621892],[-73.7293435,45.6208991]]},"properties":{"id":"cc5d47f4-37d3-43c0-bea4-6fce822e88bd","name":"Rue De La Butineuse","class":"residential","subtype":"road","surface":"paved","osm_id":"45286601"}},{"type":"Feature","geometry":{"type":"LineString","coordinates":[[-73.7287953,45.6204054],[-73.7269826,45.6213831]]},"properties":{"id":"39ab95c9-2814-4c67-83c9-5d9b8f296d67","name":"Rue De La Reine","class":"residential","subtype":"road","surface":"paved","osm_id":"45286600"}},{"type":"Feature","geometry":{"type":"LineString","coordinates":[[-73.726395,45.6208389],[-73.7269826,45.6213831]]},"properties":{"id":"6c8c75e2-b4e9-46fd-a253-024bc4bd970e","name":"Rue des Abeilles","class":"residential","subtype":"road","surface":"paved","osm_id":"45286599"}},{"type":"Feature","geometry":{"type":"LineString","coordinates":[[-73.726395,45.6208389],[-73.7256086,45.6212608]]},"properties":{"id":"cf8b203a-23a6-471e-879f-f769ac1f62d8","name":"Rue Aladin","class":"residential","subtype":"road","surface":"paved","osm_id":"41276350"}},{"type":"Feature","geometry":{"type":"LineString","coordinates":[[-73.7254881,45.6206785],[-73.725156,45.6208397]]},"properties":{"id":"f6483026-1884-441b-b73a-035a06284206","class":"service","subtype":"road","subclass":"parking_aisle","osm_id":"1204238465"}},{"type":"Feature","geometry":{"type":"LineString","coordinates":[[-73.7256086,45.6212608],[-73.7253368,45.6210139],[-73.725156,45.6208397],[-73.7249528,45.6206627],[-73.7247885,45.6205162]]},"properties":{"id":"bc46d36b-2bd7-4a5a-9ed3-e92aa0b47c3a","name":"Boulevard René-Laennec","class":"tertiary","subtype":"road","surface":"paved","osm_id":"41221000","oneway":"yes"}},{"type":"Feature","geometry":{"type":"LineString","coordinates":[[-73.7256851,45.62084],[-73.7253368,45.6210139]]},"properties":{"id":"a2733255-b097-4f02-8c6e-f611aa797182","class":"service","subtype":"road","subclass":"parking_aisle","osm_id":"1204238466"}},{"type":"Feature","geometry":{"type":"LineString","coordinates":[[-73.7256086,45.6212608],[-73.7254543,45.6213377]]},"properties":{"id":"9613ac08-e98a-4536-84ee-be6d02f8f1cb","name":"Rue Aladin","class":"residential","subtype":"road","surface":"paved","osm_id":"41276350"}},{"type":"Feature","geometry":{"type":"LineString","coordinates":[[-73.72624,45.6213136],[-73.7258922,45.6214876]]},"properties":{"id":"a2637504-f907-4225-a004-4e975c1a579f","class":"service","subtype":"road","subclass":"parking_aisle","osm_id":"1204236590"}},{"type":"Feature","geometry":{"type":"LineString","coordinates":[[-73.7264827,45.6215407],[-73.7264175,45.6214807],[-73.7260693,45.6216551]]},"properties":{"id":"f4ea602e-b95e-4a34-8a44-08ea5eddc748","class":"service","subtype":"road","subclass":"parking_aisle","osm_id":"1204236589"}},{"type":"Feature","geometry":{"type":"LineString","coordinates":[[-73.7260337,45.6218696],[-73.7255532,45.6221261]]},"properties":{"id":"3d5f231f-ce48-46e7-b947-30bc499ab56e","class":"service","subtype":"road","subclass":"parking_aisle","osm_id":"1210646843"}},{"type":"Feature","geometry":{"type":"LineString","coordinates":[[-73.7254543,45.6213377],[-73.7250038,45.621584]]},"properties":{"id":"476191e4-e5ac-4381-aa75-eaaa98dade67","class":"service","subtype":"road","subclass":"parking_aisle","osm_id":"1210646390"}},{"type":"Feature","geometry":{"type":"LineString","coordinates":[[-73.7253039,45.6212084],[-73.724875,45.6214526]]},"properties":{"id":"db48436d-8975-4523-a8b1-a6db94bc3f94","class":"service","subtype":"road","subclass":"parking_aisle","osm_id":"1210646391"}},{"type":"Feature","geometry":{"type":"LineString","coordinates":[[-73.7246278,45.6205934],[-73.7246953,45.6206578],[-73.7249898,45.6209385],[-73.7250719,45.6210091],[-73.7253039,45.6212084],[-73.7254543,45.6213377]]},"properties":{"id":"9ef42680-9be4-4e57-9014-2ba21d688d50","name":"Boulevard René-Laennec","class":"tertiary","subtype":"road","surface":"paved","osm_id":"44847348","oneway":"yes"}},{"type":"Feature","geometry":{"type":"LineString","coordinates":[[-73.7249898,45.6209385],[-73.7249245,45.6209703],[-73.7247864,45.6210311],[-73.7246978,45.620942],[-73.7244187,45.6207061]]},"properties":{"id":"91007340-187f-47f4-acb7-236785e10bd5","class":"service","subtype":"road","subclass":"parking_aisle","osm_id":"1210646389"}},{"type":"Feature","geometry":{"type":"LineString","coordinates":[[-73.7239602,45.6209612],[-73.7244187,45.6207061],[-73.7245859,45.6206131],[-73.7246278,45.6205934]]},"properties":{"id":"83ad8635-bac3-4d55-9081-69c51a2a84ff","name":"Rue de Lausanne","class":"residential","subtype":"road","surface":"paved","osm_id":"118164952"}},{"type":"Feature","geometry":{"type":"LineString","coordinates":[[-73.7236368,45.6196355],[-73.7237193,45.6197129],[-73.7237463,45.6197321]]},"properties":{"id":"1587eaa0-e60d-48eb-9279-2a5534ddbb73","name":"Boulevard René-Laennec","class":"tertiary","subtype":"road","surface":"paved","osm_id":"52585690","oneway":"yes"}},{"type":"Feature","geometry":{"type":"LineString","coordinates":[[-73.7237551,45.6195762],[-73.7236368,45.6196355]]},"properties":{"id":"b1aadf34-bafc-4188-8521-587bc18d5188","name":"Boulevard Bellerose Est","class":"tertiary","subtype":"road","surface":"paved","osm_id":"669902228","oneway":"yes"}},{"type":"Feature","geometry":{"type":"LineString","coordinates":[[-73.7225846,45.6190552],[-73.7226307,45.6192948],[-73.7226472,45.619336],[-73.7226766,45.6193552],[-73.7227299,45.6193552],[-73.7228672,45.6192982]]},"properties":{"id":"331a9e44-3794-4844-bded-34ceecf2293a","class":"service","subtype":"road","subclass":"driveway","osm_id":"1153734571"}},{"type":"Feature","geometry":{"type":"LineString","coordinates":[[-73.7234555,45.6192999],[-73.7238412,45.6190934]]},"properties":{"id":"ebaa0555-27f1-431d-ae4b-23faa0278ae5","class":"service","subtype":"road","subclass":"parking_aisle","osm_id":"1201792917"}},{"type":"Feature","geometry":{"type":"LineString","coordinates":[[-73.7236661,45.6188879],[-73.7232158,45.6190723]]},"properties":{"id":"553aec68-ab4e-4d57-b0f5-35452851039d","class":"service","subtype":"road","subclass":"parking_aisle","osm_id":"1201792909"}},{"type":"Feature","geometry":{"type":"LineString","coordinates":[[-73.7231565,45.6158576],[-73.7229498,45.6170363],[-73.7227535,45.6180187],[-73.7227429,45.6181588],[-73.7227365,45.6184284],[-73.722766,45.6186033],[-73.722821,45.6187438],[-73.7228691,45.6188611],[-73.7229694,45.6190143],[-73.7230931,45.6191599],[-73.7235564,45.6195651],[-73.7236368,45.6196355]]},"properties":{"id":"2cb8e183-4d15-4eae-832a-a99df20296d8","name":"Boulevard René-Laennec","class":"tertiary","subtype":"road","surface":"paved","osm_id":"52585690","oneway":"yes"}},{"type":"Feature","geometry":{"type":"LineString","coordinates":[[-73.7237551,45.6195762],[-73.7234555,45.6192999],[-73.7232158,45.6190723],[-73.723077,45.6188827],[-73.7230019,45.6187487],[-73.7229745,45.6187127],[-73.722919,45.6185536],[-73.7228878,45.6183741],[-73.7228903,45.6183239],[-73.7228975,45.618124],[-73.7229373,45.6179346],[-73.7230126,45.6175767],[-73.7231385,45.6169779],[-73.7231876,45.6167446],[-73.7233198,45.615924],[-73.7233283,45.6158715]]},"properties":{"id":"ac1ae12d-e4e0-45a6-97b0-f66c5326d559","name":"Boulevard René-Laennec","class":"tertiary","subtype":"road","surface":"paved","osm_id":"669902227","oneway":"yes"}},{"type":"Feature","geometry":{"type":"LineString","coordinates":[[-73.7255831,45.6178437],[-73.725251,45.6177459],[-73.7252402,45.6176259],[-73.7253046,45.6175133],[-73.7254548,45.6174458],[-73.7256586,45.6174758],[-73.7258063,45.6175315]]},"properties":{"id":"8a1cef5d-19da-4008-bb23-ae18847d6d2c","name":"Boulevard Bellerose Est","class":"residential","subtype":"road","surface":"paved","osm_id":"45286582"}},{"type":"Feature","geometry":{"type":"LineString","coordinates":[[-73.7258063,45.6175315],[-73.7255831,45.6178437]]},"properties":{"id":"b3df1275-68d0-48df-a6a2-3ba929abe127","name":"Boulevard Bellerose Est","class":"tertiary","subtype":"road","surface":"paved","osm_id":"1285907181","oneway":"yes"}},{"type":"Feature","geometry":{"type":"LineString","coordinates":[[-73.7257633,45.6178977],[-73.7255831,45.6178437]]},"properties":{"id":"1f47233f-80fd-4e73-9f27-136dcde7994c","name":"Rue Du Rucher","class":"residential","subtype":"road","surface":"paved","osm_id":"45286602"}},{"type":"Feature","geometry":{"type":"LineString","coordinates":[[-73.7245875,45.6190744],[-73.7241673,45.618699],[-73.7239957,45.6184813],[-73.7239313,45.6182787],[-73.7241137,45.6174383],[-73.7242424,45.6172732],[-73.725997,45.6160128],[-73.7262809,45.6160199],[-73.7266989,45.6163368]]},"properties":{"id":"47faea03-ddc8-4f88-bfe3-bf45be138dce","name":"Rue Des Vosges","class":"residential","subtype":"road","surface":"paved","osm_id":"45286583"}},{"type":"Feature","geometry":{"type":"LineString","coordinates":[[-73.7257633,45.6178977],[-73.7259779,45.6175735],[-73.726815,45.6164689]]},"properties":{"id":"09fffd97-85c7-4053-9d7a-15755e8dcac7","name":"Boulevard Bellerose Est","class":"tertiary","subtype":"road","surface":"paved","osm_id":"41337635","oneway":"yes"}},{"type":"Feature","geometry":{"type":"LineString","coordinates":[[-73.7266989,45.6163368],[-73.7258063,45.6175315]]},"properties":{"id":"61cf1e6f-6da4-4c90-b90c-8ea88bc093cd","name":"Boulevard Bellerose Est","class":"tertiary","subtype":"road","surface":"paved","osm_id":"1285907181","oneway":"yes"}},{"type":"Feature","geometry":{"type":"LineString","coordinates":[[-73.7266989,45.6163368],[-73.726815,45.6164689]]},"properties":{"id":"9d2d6e48-97ce-44a0-b6fd-8f036f5b924f","name":"Rue Des Vosges","class":"residential","subtype":"road","surface":"paved","osm_id":"45286583"}},{"type":"Feature","geometry":{"type":"LineString","coordinates":[[-73.726815,45.6164689],[-73.7268877,45.6163729],[-73.7272225,45.6160907],[-73.7274715,45.6159434],[-73.7278478,45.6157207]]},"properties":{"id":"84c1e8ec-b1d2-4ed9-8d4f-b877e27fd6af","name":"Boulevard Bellerose Est","class":"tertiary","subtype":"road","surface":"paved","osm_id":"41337635","oneway":"yes"}},{"type":"Feature","geometry":{"type":"LineString","coordinates":[[-73.7274715,45.6159434],[-73.7277684,45.6161046]]},"properties":{"id":"a5ea9b7c-2e14-4a11-96ad-2b7fff334436","class":"service","subtype":"road","subclass":"parking_aisle","osm_id":"1204238490"}},{"type":"Feature","geometry":{"type":"LineString","coordinates":[[-73.7277007,45.6156475],[-73.7278478,45.6157207]]},"properties":{"id":"0603485c-c0b2-45dc-8551-6fb1d177de4c","name":"Rue de Palerme","class":"residential","subtype":"road","surface":"paved","osm_id":"1163107757"}},{"type":"Feature","geometry":{"type":"LineString","coordinates":[[-73.7278478,45.6157207],[-73.7284762,45.6159385]]},"properties":{"id":"e72b7207-1f54-4a4f-a43f-6d597265048c","name":"Rue de Palerme","class":"residential","subtype":"road","surface":"paved","osm_id":"1163107757"}},{"type":"Feature","geometry":{"type":"LineString","coordinates":[[-73.7278478,45.6157207],[-73.7284756,45.6154303]]},"properties":{"id":"1c5e4dfb-a9ba-4c7e-8d8c-f7b28b9cd0c7","name":"Boulevard Bellerose Est","class":"tertiary","subtype":"road","surface":"paved","osm_id":"41337635","oneway":"yes"}},{"type":"Feature","geometry":{"type":"LineString","coordinates":[[-73.7283872,45.6153591],[-73.7277007,45.6156475]]},"properties":{"id":"1de29495-4bc9-4256-b742-2ba014e4924a","name":"Boulevard Bellerose Est","class":"tertiary","subtype":"road","surface":"paved","osm_id":"1285907181","oneway":"yes"}},{"type":"Feature","geometry":{"type":"LineString","coordinates":[[-73.7283872,45.6153591],[-73.7284756,45.6154303]]},"properties":{"id":"b3609a37-1323-4e18-ade8-1260486b4b6c","name":"Rue De Gentilly","class":"residential","subtype":"road","surface":"paved","osm_id":"45286584"}},{"type":"Feature","geometry":{"type":"LineString","coordinates":[[-73.7293671,45.6154108],[-73.7289739,45.6155918],[-73.7287193,45.6153283]]},"properties":{"id":"3f090cae-f4e2-4c11-a37d-576904f7c9f2","class":"service","subtype":"road","subclass":"parking_aisle","osm_id":"1204240350"}},{"type":"Feature","geometry":{"type":"LineString","coordinates":[[-73.7284762,45.6159385],[-73.7293018,45.6161794]]},"properties":{"id":"15a83627-3fae-4f15-bb4b-e552754aea96","name":"Rue de Palerme","class":"residential","subtype":"road","surface":"paved","osm_id":"1163107757"}},{"type":"Feature","geometry":{"type":"LineString","coordinates":[[-73.727522,45.6171401],[-73.727648,45.6169351],[-73.7281716,45.6162928],[-73.7284762,45.6159385]]},"properties":{"id":"f43cfe21-aa2d-4d06-b795-b11e01e01693","name":"Rue Rachel","class":"residential","subtype":"road","surface":"paved","osm_id":"44808388"}},{"type":"Feature","geometry":{"type":"LineString","coordinates":[[-73.7293018,45.6161794],[-73.7289241,45.6167665],[-73.7289182,45.6167702]]},"properties":{"id":"068b4cb1-b0a1-4a28-8b09-c0d9a4963bc2","name":"Place Byron","class":"residential","subtype":"road","surface":"paved","osm_id":"44807550"}},{"type":"Feature","geometry":{"type":"LineString","coordinates":[[-73.7289182,45.6167702],[-73.7287524,45.6168145],[-73.7286971,45.6168763],[-73.7287009,45.6169646],[-73.7287867,45.6170066],[-73.7288897,45.6169826],[-73.7289245,45.6169346],[-73.7289246,45.6168746]]},"properties":{"id":"bdba4b82-9cd5-45ba-8556-067233f5c109","name":"Place Byron","class":"residential","subtype":"road","surface":"paved","osm_id":"1293096220","oneway":"yes"}},{"type":"Feature","geometry":{"type":"LineString","coordinates":[[-73.7289246,45.6168746],[-73.7289182,45.6167702]]},"properties":{"id":"0cb3f687-9621-4b9a-8546-521d1eb4d08a","name":"Place Byron","class":"residential","subtype":"road","surface":"paved","osm_id":"1293096220","oneway":"yes"}},{"type":"Feature","geometry":{"type":"LineString","coordinates":[[-73.7307085,45.6167386],[-73.7298773,45.6171645],[-73.7295384,45.617412],[-73.7291902,45.6176149],[-73.7286655,45.6178812],[-73.7285313,45.6178482],[-73.7279828,45.6173194],[-73.7277339,45.6172053],[-73.727522,45.6171401]]},"properties":{"id":"72fee7eb-0534-4d5f-a451-70683ca40171","name":"Rue D'Oslo","class":"residential","subtype":"road","surface":"paved","osm_id":"44808380"}},{"type":"Feature","geometry":{"type":"LineString","coordinates":[[-73.7289822,45.6194426],[-73.7284096,45.6188844]]},"properties":{"id":"65c4790f-a43e-49c0-a352-9d3741f360bc","name":"Rue Rachel","class":"residential","subtype":"road","surface":"paved","osm_id":"44808388"}},{"type":"Feature","geometry":{"type":"LineString","coordinates":[[-73.7273272,45.6190477],[-73.7269709,45.6193654],[-73.7268439,45.6195433]]},"properties":{"id":"09169d5f-c2ca-4669-9144-5036c059f25b","name":"Place du Rucher","class":"residential","subtype":"road","surface":"paved","osm_id":"54671397"}},{"type":"Feature","geometry":{"type":"LineString","coordinates":[[-73.7273272,45.6190477],[-73.7267009,45.6184786]]},"properties":{"id":"c503a726-d9c7-4389-b239-acb61327dc60","name":"Rue Du Rucher","class":"residential","subtype":"road","surface":"paved","osm_id":"45286602"}},{"type":"Feature","geometry":{"type":"LineString","coordinates":[[-73.7284096,45.6188844],[-73.7274624,45.6180316],[-73.7272704,45.6177936],[-73.727236,45.6176796],[-73.7273047,45.6174935],[-73.727522,45.6171401]]},"properties":{"id":"bdda8314-fcb4-4f2d-8d58-b462eb4e11aa","name":"Rue Rachel","class":"residential","subtype":"road","surface":"paved","osm_id":"44808388"}},{"type":"Feature","geometry":{"type":"LineString","coordinates":[[-73.7267009,45.6184786],[-73.7266555,45.6184372],[-73.7262973,45.6181017],[-73.7260807,45.6179961],[-73.7257633,45.6178977]]},"properties":{"id":"62718912-444e-428a-9d77-d325118723e2","name":"Rue Du Rucher","class":"residential","subtype":"road","surface":"paved","osm_id":"45286602"}},{"type":"Feature","geometry":{"type":"LineString","coordinates":[[-73.724699,45.6191704],[-73.7250681,45.6188583],[-73.7257633,45.6178977]]},"properties":{"id":"e1cccdef-5da1-408d-ad74-6d21a749cd99","name":"Boulevard Bellerose Est","class":"tertiary","subtype":"road","surface":"paved","osm_id":"41337635","oneway":"yes"}},{"type":"Feature","geometry":{"type":"LineString","coordinates":[[-73.7247985,45.6180827],[-73.7247247,45.6182528],[-73.7251925,45.6184076]]},"properties":{"id":"00c85e89-707e-4a59-82eb-1e30b6b36a32","class":"service","subtype":"road","subclass":"parking_aisle","osm_id":"1201792897"}},{"type":"Feature","geometry":{"type":"LineString","coordinates":[[-73.7255831,45.6178437],[-73.7251925,45.6184076],[-73.7249136,45.6188102],[-73.7245875,45.6190744]]},"properties":{"id":"8b5367af-d6e0-481c-8508-91e9c6b10d41","name":"Boulevard Bellerose Est","class":"tertiary","subtype":"road","surface":"paved","osm_id":"1285907181","oneway":"yes"}},{"type":"Feature","geometry":{"type":"LineString","coordinates":[[-73.7245875,45.6190744],[-73.7243808,45.6192246],[-73.7237551,45.6195762]]},"properties":{"id":"a6ff1934-9752-497c-92b1-c132bc4cb715","name":"Boulevard Bellerose Est","class":"tertiary","subtype":"road","surface":"paved","osm_id":"1285907181","oneway":"yes"}},{"type":"Feature","geometry":{"type":"LineString","coordinates":[[-73.724699,45.6191704],[-73.7245875,45.6190744]]},"properties":{"id":"e3f906fe-6909-4ea3-8205-0ab8206634f8","name":"Rue Des Vosges","class":"residential","subtype":"road","surface":"paved","osm_id":"45286583"}},{"type":"Feature","geometry":{"type":"LineString","coordinates":[[-73.7267009,45.6184786],[-73.7262273,45.618864],[-73.7256533,45.6194944],[-73.7253049,45.6197551],[-73.725294,45.6198527],[-73.726395,45.6208389]]},"properties":{"id":"af839cd5-ea82-4804-9028-f6984beeb7ff","name":"Rue des Abeilles","class":"residential","subtype":"road","surface":"paved","osm_id":"45286599"}},{"type":"Feature","geometry":{"type":"LineString","coordinates":[[-73.7238819,45.6196561],[-73.7245564,45.619276],[-73.724699,45.6191704]]},"properties":{"id":"6056d52f-f3b1-4af6-9327-252677a7740b","name":"Boulevard Bellerose Est","class":"tertiary","subtype":"road","surface":"paved","osm_id":"41337635","oneway":"yes"}},{"type":"Feature","geometry":{"type":"LineString","coordinates":[[-73.7238819,45.6196561],[-73.7237551,45.6195762]]},"properties":{"id":"23ba87fb-4191-464f-82ee-e4a0854ad4ad","name":"Boulevard René-Laennec","class":"tertiary","subtype":"road","surface":"paved","osm_id":"41221000","oneway":"yes"}},{"type":"Feature","geometry":{"type":"LineString","coordinates":[[-73.7244904,45.6196829],[-73.724115,45.6198494]]},"properties":{"id":"3ff23b22-e980-4656-bbe4-aad8beba76bb","class":"service","subtype":"road","subclass":"parking_aisle","osm_id":"1204238460"}},{"type":"Feature","geometry":{"type":"LineString","coordinates":[[-73.7237463,45.6197321],[-73.7238819,45.6196561]]},"properties":{"id":"a8fd9c2c-057d-44e0-8f92-a145198c7a3f","name":"Boulevard Bellerose Est","class":"tertiary","subtype":"road","surface":"paved","osm_id":"41337635","oneway":"yes"}},{"type":"Feature","geometry":{"type":"LineString","coordinates":[[-73.7250002,45.6201432],[-73.7246082,45.620337]]},"properties":{"id":"dff5f349-0649-47f6-b0b1-9b3d035b0625","class":"service","subtype":"road","subclass":"parking_aisle","osm_id":"1204238462"}},{"type":"Feature","geometry":{"type":"LineString","coordinates":[[-73.7248179,45.6199899],[-73.7244351,45.6201773]]},"properties":{"id":"4125551d-eb75-46a9-a604-8bd754356d41","class":"service","subtype":"road","subclass":"parking_aisle","osm_id":"1204238461"}},{"type":"Feature","geometry":{"type":"LineString","coordinates":[[-73.7247885,45.6205162],[-73.7246082,45.620337],[-73.7244351,45.6201773],[-73.724115,45.6198494],[-73.7238819,45.6196561]]},"properties":{"id":"58bf9297-6dc0-4dc9-af72-5600de2172ef","name":"Boulevard René-Laennec","class":"tertiary","subtype":"road","surface":"paved","osm_id":"41221000","oneway":"yes"}},{"type":"Feature","geometry":{"type":"LineString","coordinates":[[-73.7237463,45.6197321],[-73.7246278,45.6205934]]},"properties":{"id":"dc73fe67-84bf-4c6a-8971-a74869650ff4","name":"Boulevard René-Laennec","class":"tertiary","subtype":"road","surface":"paved","osm_id":"669902221","oneway":"yes"}},{"type":"Feature","geometry":{"type":"LineString","coordinates":[[-73.7246278,45.6205934],[-73.7247885,45.6205162]]},"properties":{"id":"89f29195-4893-43e5-bb4f-444fe7b92aad","name":"Rue de Lausanne","class":"residential","subtype":"road","surface":"paved","osm_id":"118164952"}},{"type":"Feature","geometry":{"type":"LineString","coordinates":[[-73.7251586,45.6203042],[-73.7247885,45.6205162]]},"properties":{"id":"56cdaba2-42dc-4a1c-8dc5-24b2e503bda0","class":"service","subtype":"road","subclass":"parking_aisle","osm_id":"1204238463"}},{"type":"Feature","geometry":{"type":"LineString","coordinates":[[-73.7253233,45.6204915],[-73.7249528,45.6206627]]},"properties":{"id":"fb24c7b2-1379-4801-8a94-ede3badecc7c","class":"service","subtype":"road","subclass":"parking_aisle","osm_id":"1204238464"}},{"type":"Feature","geometry":{"type":"LineString","coordinates":[[-73.72822,45.6198539],[-73.726395,45.6208389]]},"properties":{"id":"b6f3bc3b-72c8-4f6d-bce7-a9282859d25b","name":"Rue Aladin","class":"residential","subtype":"road","surface":"paved","osm_id":"41276350"}},{"type":"Feature","geometry":{"type":"LineString","coordinates":[[-73.7268439,45.6195433],[-73.7266659,45.6196173],[-73.7265484,45.6197312],[-73.7265739,45.6198231],[-73.7266486,45.6198604],[-73.7267348,45.6198456],[-73.7268314,45.6197856],[-73.7268636,45.6196956]]},"properties":{"id":"20bcbb2f-5178-411e-9b04-aaa4517deb0f","name":"Place du Rucher","class":"residential","subtype":"road","surface":"paved","osm_id":"54671397"}},{"type":"Feature","geometry":{"type":"LineString","coordinates":[[-73.7268636,45.6196956],[-73.7268439,45.6195433]]},"properties":{"id":"66699f51-fa52-4f86-bafc-8dc4a44b4ae7","name":"Place du Rucher","class":"residential","subtype":"road","surface":"paved","osm_id":"54671397"}},{"type":"Feature","geometry":{"type":"LineString","coordinates":[[-73.72822,45.6198539],[-73.7273272,45.6190477]]},"properties":{"id":"c18205af-e097-4da6-a93b-61a73ea4503a","name":"Rue Du Rucher","class":"residential","subtype":"road","surface":"paved","osm_id":"45286602"}},{"type":"Feature","geometry":{"type":"LineString","coordinates":[[-73.7289822,45.6194426],[-73.72822,45.6198539]]},"properties":{"id":"1ee1e254-d397-4ce4-ad20-641e7ee37e72","name":"Rue Aladin","class":"residential","subtype":"road","surface":"paved","osm_id":"41276350"}},{"type":"Feature","geometry":{"type":"LineString","coordinates":[[-73.7287953,45.6204054],[-73.72822,45.6198539]]},"properties":{"id":"243df700-e4b1-4309-ae24-357697062c64","name":"Rue Du Rucher","class":"residential","subtype":"road","surface":"paved","osm_id":"45286597"}},{"type":"Feature","geometry":{"type":"LineString","coordinates":[[-73.7293435,45.6208991],[-73.7287953,45.6204054]]},"properties":{"id":"817632e8-686b-476b-a9d2-c6cf4f6aa78c","name":"Rue Du Rucher","class":"residential","subtype":"road","surface":"paved","osm_id":"45286597"}},{"type":"Feature","geometry":{"type":"LineString","coordinates":[[-73.7293435,45.6208991],[-73.7302091,45.6204647]]},"properties":{"id":"58ee6ea8-a674-43f4-9080-a0a19bbf6260","name":"Rue De La Butineuse","class":"residential","subtype":"road","surface":"paved","osm_id":"45286601"}},{"type":"Feature","geometry":{"type":"LineString","coordinates":[[-73.7302091,45.6204647],[-73.7301458,45.6203477],[-73.7302046,45.6202606],[-73.7303305,45.6202003],[-73.7304266,45.6202403],[-73.7305343,45.6203095]]},"properties":{"id":"e182dce0-f3f5-4ea9-8e6e-13710bd2ac82","class":"service","subtype":"road","subclass":"driveway","osm_id":"1203304020"}},{"type":"Feature","geometry":{"type":"LineString","coordinates":[[-73.7302091,45.6204647],[-73.7305343,45.6203095],[-73.7309802,45.6200966]]},"properties":{"id":"1d1440a3-1f79-4162-922c-ed739500f797","name":"Rue De La Butineuse","class":"residential","subtype":"road","surface":"paved","osm_id":"45286601"}},{"type":"Feature","geometry":{"type":"LineString","coordinates":[[-73.7289822,45.6194426],[-73.7296205,45.6199659]]},"properties":{"id":"8d69f372-bccd-4313-b58f-a1681978ecb6","class":"service","subtype":"road","subclass":"parking_aisle","osm_id":"1203295820"}},{"type":"Feature","geometry":{"type":"LineString","coordinates":[[-73.7302386,45.6196375],[-73.7301121,45.6195097],[-73.729633,45.6197574]]},"properties":{"id":"8990539f-9c7c-4ddc-b8d4-72b580b82c1a","class":"service","subtype":"road","subclass":"parking_aisle","osm_id":"1203295817"}},{"type":"Feature","geometry":{"type":"LineString","coordinates":[[-73.7298017,45.6190003],[-73.7303976,45.6195546],[-73.7309802,45.6200966]]},"properties":{"id":"f844c500-6416-4567-904c-393928c86610","name":"Rue Des Alvéoles","class":"residential","subtype":"road","surface":"paved","osm_id":"45286592"}},{"type":"Feature","geometry":{"type":"LineString","coordinates":[[-73.7303976,45.6195546],[-73.7302386,45.6196375],[-73.7297603,45.6198866]]},"properties":{"id":"574514bc-70b9-44c5-903e-af8fa47724a2","class":"service","subtype":"road","subclass":"parking_aisle","osm_id":"1203295816"}},{"type":"Feature","geometry":{"type":"LineString","coordinates":[[-73.7303305,45.6202003],[-73.7305399,45.620077],[-73.7302616,45.6197876]]},"properties":{"id":"89f70b21-8537-42a9-a960-eb848e3286de","class":"service","subtype":"road","subclass":"parking_aisle","osm_id":"1203304021"}},{"type":"Feature","geometry":{"type":"LineString","coordinates":[[-73.7346565,45.6201328],[-73.734707,45.6204563],[-73.7348354,45.6208355]]},"properties":{"id":"78a48b50-292a-43d5-9946-e201f8069e0f","name":"Boulevard Prudentiel","class":"residential","subtype":"road","surface":"paved","osm_id":"1293092671"}},{"type":"Feature","geometry":{"type":"LineString","coordinates":[[-73.7346565,45.6201328],[-73.7336731,45.6200497]]},"properties":{"id":"252f5deb-978c-4cdf-a69e-7da511cd6cc5","name":"Rue Casault","class":"residential","subtype":"road","surface":"paved","osm_id":"45286594"}},{"type":"Feature","geometry":{"type":"LineString","coordinates":[[-73.7336731,45.6200497],[-73.7336087,45.6203949],[-73.733716,45.620665]]},"properties":{"id":"9e48a4f2-7e14-47c2-bebe-02ac33a70783","name":"Rue Louvain","class":"residential","subtype":"road","surface":"paved","osm_id":"45286596"}},{"type":"Feature","geometry":{"type":"LineString","coordinates":[[-73.7348244,45.6196182],[-73.7347302,45.619845],[-73.7346565,45.6201328]]},"properties":{"id":"ed46cf69-e619-49f7-addb-6b3f7efcf171","name":"Boulevard Prudentiel","class":"residential","subtype":"road","surface":"paved","osm_id":"1293092671"}},{"type":"Feature","geometry":{"type":"LineString","coordinates":[[-73.7311989,45.6191998],[-73.7327504,45.620635],[-73.733716,45.620665]]},"properties":{"id":"462f2dfc-c230-4bc6-9fbf-7d1d9eef44e8","name":"Rue De Carignan","class":"residential","subtype":"road","surface":"paved","osm_id":"45286595"}},{"type":"Feature","geometry":{"type":"LineString","coordinates":[[-73.7336731,45.6200497],[-73.7331152,45.6197045],[-73.7326217,45.6192843],[-73.7323642,45.6190742],[-73.7320208,45.6189691],[-73.7316561,45.6189691],[-73.7311989,45.6191998]]},"properties":{"id":"469add29-c75d-4c17-bb71-36b980b17c88","name":"Rue Casault","class":"residential","subtype":"road","surface":"paved","osm_id":"45286594"}},{"type":"Feature","geometry":{"type":"LineString","coordinates":[[-73.7348244,45.6196182],[-73.7340838,45.6193967],[-73.7336804,45.6191446],[-73.7330796,45.6186103],[-73.7328212,45.618462],[-73.7325722,45.6183564],[-73.7320219,45.6182516]]},"properties":{"id":"25fe9384-cf73-4ea7-b0c0-4c4804f9a32d","name":"Rue Aladin","class":"residential","subtype":"road","surface":"paved","osm_id":"41276350"}},{"type":"Feature","geometry":{"type":"LineString","coordinates":[[-73.7320219,45.6182516],[-73.7313887,45.6182922],[-73.731052,45.6183755],[-73.7305664,45.6185876]]},"properties":{"id":"223fb8b6-f01f-4ae6-a0aa-fbfb2ecccb03","name":"Rue Aladin","class":"residential","subtype":"road","surface":"paved","osm_id":"41276350"}},{"type":"Feature","geometry":{"type":"LineString","coordinates":[[-73.7305664,45.6185876],[-73.7311989,45.6191998]]},"properties":{"id":"d2942c7d-9f52-40b2-8959-a75e28cc07bf","name":"Rue De Carignan","class":"residential","subtype":"road","surface":"paved","osm_id":"45286595"}},{"type":"Feature","geometry":{"type":"LineString","coordinates":[[-73.7305664,45.6185876],[-73.7303376,45.618711],[-73.7298017,45.6190003]]},"properties":{"id":"f7429809-8796-4532-877d-bfe8f6c63229","name":"Rue Aladin","class":"residential","subtype":"road","surface":"paved","osm_id":"41276350"}},{"type":"Feature","geometry":{"type":"LineString","coordinates":[[-73.7298017,45.6190003],[-73.7289822,45.6194426]]},"properties":{"id":"b0b608b7-bd45-48b5-87a7-c858d96b1ea5","name":"Rue Aladin","class":"residential","subtype":"road","surface":"paved","osm_id":"41276350"}},{"type":"Feature","geometry":{"type":"LineString","coordinates":[[-73.7307234,45.6175368],[-73.7303898,45.6177103],[-73.7301204,45.6179234],[-73.7298061,45.6180955],[-73.7297596,45.6181327],[-73.7284096,45.6188844]]},"properties":{"id":"16a55baf-ccb7-43ab-a4b5-d2457c7e7928","name":"Place Grasset","class":"residential","subtype":"road","surface":"paved","osm_id":"44808385"}},{"type":"Feature","geometry":{"type":"LineString","coordinates":[[-73.7312618,45.6172591],[-73.7307234,45.6175368]]},"properties":{"id":"e23d2451-cec2-4f9b-8a8f-7f4f20e59a10","name":"Place Grasset","class":"residential","subtype":"road","surface":"paved","osm_id":"44808385"}},{"type":"Feature","geometry":{"type":"LineString","coordinates":[[-73.7312618,45.6172591],[-73.7313387,45.6173674],[-73.7312958,45.6174814],[-73.7312768,45.6175],[-73.73121,45.6175655],[-73.7310813,45.6176075],[-73.7309268,45.6175895],[-73.7307234,45.6175368]]},"properties":{"id":"a3835f7f-feff-4431-9b2e-09a4b213a51b","name":"Place Grasset","class":"residential","subtype":"road","surface":"paved","osm_id":"44808386"}},{"type":"Feature","geometry":{"type":"LineString","coordinates":[[-73.7307085,45.6167386],[-73.7312618,45.6172591]]},"properties":{"id":"d90b6afc-2dd6-4cbd-b1fd-b1e87cc6bea9","name":"Rue Grasset","class":"residential","subtype":"road","surface":"paved","osm_id":"44807544"}},{"type":"Feature","geometry":{"type":"LineString","coordinates":[[-73.7303112,45.6162068],[-73.7304436,45.6164397],[-73.7307085,45.6167386]]},"properties":{"id":"4e0c7026-ca77-4d92-923b-018a051d0162","name":"Rue Grasset","class":"residential","subtype":"road","surface":"paved","osm_id":"44807544"}},{"type":"Feature","geometry":{"type":"LineString","coordinates":[[-73.7293018,45.6161794],[-73.7297542,45.6162845],[-73.7297995,45.6162802],[-73.7300313,45.6162802],[-73.7303112,45.6162068]]},"properties":{"id":"00eb1560-28b3-4ecc-b9df-82b3945ab3d0","name":"Rue de Palerme","class":"residential","subtype":"road","surface":"paved","osm_id":"1163107757"}},{"type":"Feature","geometry":{"type":"LineString","coordinates":[[-73.7312466,45.6150322],[-73.7308552,45.6152416],[-73.7302716,45.6155118],[-73.7297909,45.6156799],[-73.729651,45.6157447],[-73.7295335,45.6158299],[-73.7293018,45.6161794]]},"properties":{"id":"6056d034-e0f7-49ed-8af9-85fec9383320","name":"Rue Byron","class":"residential","subtype":"road","surface":"paved","osm_id":"44807549"}},{"type":"Feature","geometry":{"type":"LineString","coordinates":[[-73.7319325,45.6145166],[-73.7323184,45.6147808],[-73.7323911,45.6149358],[-73.7323785,45.6151633],[-73.7323144,45.6153196],[-73.7322555,45.6154265],[-73.732102,45.6155699],[-73.7313247,45.6159818],[-73.7311637,45.6161681]]},"properties":{"id":"0bcc64bb-ab30-4bf2-918d-dabff7a6e84c","name":"Rue de Florence","class":"residential","subtype":"road","surface":"paved","osm_id":"44807543"}},{"type":"Feature","geometry":{"type":"LineString","coordinates":[[-73.7303112,45.6162068],[-73.7304734,45.6161535],[-73.7307124,45.616126],[-73.7309875,45.6161381],[-73.7311637,45.6161681]]},"properties":{"id":"0cb36e9e-1d94-4b76-aa3d-f531ded31003","name":"Rue de Palerme","class":"residential","subtype":"road","surface":"paved","osm_id":"1163107757"}},{"type":"Feature","geometry":{"type":"LineString","coordinates":[[-73.7311637,45.6161681],[-73.73145,45.6163087],[-73.7318852,45.6166404]]},"properties":{"id":"c7379fd3-bea2-488d-b42f-14a5206ba207","name":"Rue de Palerme","class":"residential","subtype":"road","surface":"paved","osm_id":"1163107757"}},{"type":"Feature","geometry":{"type":"LineString","coordinates":[[-73.7329027,45.6139703],[-73.7332154,45.61448],[-73.7332981,45.6146472],[-73.733387,45.615033],[-73.7333348,45.6154104],[-73.733158,45.6157184],[-73.7329581,45.6159177],[-73.7328659,45.6160095],[-73.7326834,45.6161301],[-73.7318852,45.6166404]]},"properties":{"id":"cca4ba71-4c3a-4a41-9bd6-1fc3a1734d95","name":"Rue de Perse","class":"residential","subtype":"road","surface":"paved","osm_id":"44807539"}},{"type":"Feature","geometry":{"type":"LineString","coordinates":[[-73.7343979,45.6152022],[-73.7342086,45.6157725],[-73.7338094,45.6163058]]},"properties":{"id":"908842ba-4fc3-4dd8-8b75-2e1ce2280849","name":"Rue Marc","class":"residential","subtype":"road","surface":"paved","osm_id":"41337739"}},{"type":"Feature","geometry":{"type":"LineString","coordinates":[[-73.7338094,45.6163058],[-73.7344728,45.6166542],[-73.7345722,45.6167431],[-73.7349013,45.6170374],[-73.7355019,45.6176565],[-73.7355853,45.6177628]]},"properties":{"id":"cf757360-4d8a-482a-bbb3-294db7cf4248","name":"Boulevard Prudentiel","class":"residential","subtype":"road","surface":"paved","osm_id":"694161754"}},{"type":"Feature","geometry":{"type":"LineString","coordinates":[[-73.7338094,45.6163058],[-73.7337711,45.6163405],[-73.733265,45.6166908],[-73.7325354,45.6171713]]},"properties":{"id":"9a0d1c88-a92a-4800-8f7d-a2959906636a","name":"Rue Marc","class":"residential","subtype":"road","surface":"paved","osm_id":"41337739"}},{"type":"Feature","geometry":{"type":"LineString","coordinates":[[-73.7318852,45.6166404],[-73.7325354,45.6171713]]},"properties":{"id":"91fe574b-bd7a-44fe-8a8a-ba0ff72220eb","name":"Rue de Palerme","class":"residential","subtype":"road","surface":"paved","osm_id":"1163107757"}},{"type":"Feature","geometry":{"type":"LineString","coordinates":[[-73.7325354,45.6171713],[-73.7322357,45.6174475],[-73.7321511,45.6176497],[-73.7320957,45.6177542],[-73.7320219,45.6182516]]},"properties":{"id":"b8b38400-2221-4974-a80d-c52f78f7d53e","name":"Rue Marc","class":"residential","subtype":"road","surface":"paved","osm_id":"41337739"}},{"type":"Feature","geometry":{"type":"LineString","coordinates":[[-73.7355853,45.6177628],[-73.7356624,45.6179418],[-73.7357149,45.6181475]]},"properties":{"id":"419d214c-fcfb-4646-bc2e-1d696102da56","name":"Boulevard Prudentiel","class":"residential","subtype":"road","surface":"paved","osm_id":"41276055"}},{"type":"Feature","geometry":{"type":"LineString","coordinates":[[-73.7355853,45.6177628],[-73.7364971,45.6175053],[-73.7369934,45.6173058],[-73.7374188,45.6170491],[-73.737839,45.6167171]]},"properties":{"id":"c5c00eed-ba11-47f4-9f3b-6813c7e3854d","name":"Rue de Belgrade Est","class":"residential","subtype":"road","surface":"paved","osm_id":"1068832505"}},{"type":"Feature","geometry":{"type":"LineString","coordinates":[[-73.7372959,45.6163121],[-73.7360881,45.6169228],[-73.7358928,45.6168916],[-73.7357105,45.6167414],[-73.7354176,45.6164626]]},"properties":{"id":"efaa6f19-4762-4293-b738-523c4e6479fc","name":"Rue D'Aublain","class":"residential","subtype":"road","surface":"paved","osm_id":"44807547"}},{"type":"Feature","geometry":{"type":"LineString","coordinates":[[-73.7354176,45.6164626],[-73.7352851,45.616351],[-73.7351736,45.6162571],[-73.7351026,45.6161569],[-73.7350746,45.6160565],[-73.7351145,45.6158973],[-73.7352239,45.6155616],[-73.7352021,45.6154028],[-73.7351725,45.6153617],[-73.7350095,45.6152536],[-73.7348206,45.6152116],[-73.7346404,45.6151996],[-73.7343979,45.6152022]]},"properties":{"id":"6c055529-8b76-45bf-88e5-0b451ee82f16","name":"Rue D'Aublain","class":"residential","subtype":"road","surface":"paved","osm_id":"44807547"}},{"type":"Feature","geometry":{"type":"LineString","coordinates":[[-73.7371396,45.6159465],[-73.7370195,45.6150441]]},"properties":{"id":"71719ff0-30a0-4e0e-b0b0-2542b1ee7c75","name":"Rue de Gruyères","class":"residential","subtype":"road","surface":"paved","osm_id":"44807552"}},{"type":"Feature","geometry":{"type":"LineString","coordinates":[[-73.7370195,45.6150441],[-73.7377708,45.6156578],[-73.737803,45.6157343],[-73.7378048,45.6157971],[-73.7377541,45.6158564],[-73.7376759,45.615904],[-73.7371396,45.6159465]]},"properties":{"id":"af956761-51a0-4188-a7f8-e5bef1c2721e","name":"Rue de Gruyères","class":"residential","subtype":"road","surface":"paved","osm_id":"44807553"}},{"type":"Feature","geometry":{"type":"LineString","coordinates":[[-73.7372959,45.6163121],[-73.737194,45.6162066],[-73.7371589,45.6161081],[-73.7371396,45.6159465]]},"properties":{"id":"f2900f03-a3e7-4f20-84b7-18eaae2e47fe","name":"Rue de Gruyères","class":"residential","subtype":"road","surface":"paved","osm_id":"44807552"}},{"type":"Feature","geometry":{"type":"LineString","coordinates":[[-73.737839,45.6167171],[-73.7375434,45.616508],[-73.7372959,45.6163121]]},"properties":{"id":"15ba2d8c-0359-4b61-9a06-7406103d455e","name":"Rue de Gruyères","class":"residential","subtype":"road","surface":"paved","osm_id":"44807552"}},{"type":"Feature","geometry":{"type":"LineString","coordinates":[[-73.737839,45.6167171],[-73.7383197,45.6163736]]},"properties":{"id":"09136b4d-3a66-4c97-9f42-1c86a244351f","name":"Rue de Belgrade Est","class":"residential","subtype":"road","surface":"paved","osm_id":"1068832505"}},{"type":"Feature","geometry":{"type":"LineString","coordinates":[[-73.7383197,45.6163736],[-73.7386795,45.6161179],[-73.7388559,45.6159911],[-73.7388954,45.6159719],[-73.7389424,45.6159486],[-73.7390139,45.6159206],[-73.739153,45.6158725]]},"properties":{"id":"37755ed8-08b4-4d1f-8cbc-321b8b028853","name":"Rue de Belgrade Est","class":"residential","subtype":"road","surface":"paved","osm_id":"1068832505"}},{"type":"Feature","geometry":{"type":"LineString","coordinates":[[-73.7398257,45.6155733],[-73.7399547,45.6156885],[-73.7400415,45.615766],[-73.7401707,45.6157013],[-73.7402712,45.6156509]]},"properties":{"id":"4a6866d1-1ef7-43a7-8dba-de3874a8c427","class":"service","subtype":"road","surface":"paved","osm_id":"1286288797"}},{"type":"Feature","geometry":{"type":"LineString","coordinates":[[-73.739153,45.6158725],[-73.7392343,45.6158429],[-73.7393213,45.615812],[-73.7394083,45.6157782],[-73.7394928,45.6157427],[-73.7395903,45.6156949],[-73.7398257,45.6155733],[-73.7399365,45.6155161],[-73.7399666,45.6155005],[-73.7400603,45.6154545]]},"properties":{"id":"6af31736-a31a-40be-8992-604d98e61c0f","name":"Rue de Belgrade Est","class":"residential","subtype":"road","surface":"paved","osm_id":"1068832505"}},{"type":"Feature","geometry":{"type":"LineString","coordinates":[[-73.739753,45.6157936],[-73.7399547,45.6156885]]},"properties":{"id":"909f8112-c70e-4c1b-a088-10b7a68d64c6","class":"service","subtype":"road","surface":"paved","osm_id":"1286288799"}},{"type":"Feature","geometry":{"type":"LineString","coordinates":[[-73.7398029,45.6160332],[-73.7394928,45.6157427]]},"properties":{"id":"7ff6b2db-c77b-41fa-bcb7-548e21dfe2fa","class":"service","subtype":"road","subclass":"driveway","surface":"paved","osm_id":"1286288795"}},{"type":"Feature","geometry":{"type":"LineString","coordinates":[[-73.7400415,45.615766],[-73.7401389,45.6158531]]},"properties":{"id":"caa91143-0b13-4bc8-b92e-7e5cd4811917","class":"service","subtype":"road","subclass":"parking_aisle","surface":"paved","osm_id":"1286288798"}},{"type":"Feature","geometry":{"type":"LineString","coordinates":[[-73.7399563,45.6160945],[-73.7401082,45.6162377]]},"properties":{"id":"a9612b4a-68d8-45e3-abed-ce701dea7853","class":"service","subtype":"road","subclass":"driveway","surface":"paved","osm_id":"1286288793"}},{"type":"Feature","geometry":{"type":"LineString","coordinates":[[-73.7397507,45.6161181],[-73.7399653,45.6163139]]},"properties":{"id":"ce8fe2b5-21ba-4ff1-b267-63895f385fe9","class":"service","subtype":"road","subclass":"driveway","surface":"paved","osm_id":"1286288794"}},{"type":"Feature","geometry":{"type":"LineString","coordinates":[[-73.7392262,45.616334],[-73.7388559,45.6159911]]},"properties":{"id":"ada49db7-d859-4fd1-9327-f33ef24860a7","class":"service","subtype":"road","subclass":"driveway","surface":"paved","osm_id":"1286288796"}},{"type":"Feature","geometry":{"type":"LineString","coordinates":[[-73.7394481,45.6164367],[-73.7395891,45.6165664],[-73.7397079,45.6165097],[-73.7397843,45.6165054]]},"properties":{"id":"fba05bbd-08b3-4d63-a250-d5270d36ecdb","class":"service","subtype":"road","subclass":"driveway","surface":"paved","osm_id":"1286288808"}},{"type":"Feature","geometry":{"type":"LineString","coordinates":[[-73.7401466,45.616394],[-73.7398219,45.6165558]]},"properties":{"id":"9acc67ba-1ca2-4508-86c5-f366af1f77d3","class":"service","subtype":"road","subclass":"driveway","surface":"paved","osm_id":"1286288807"}},{"type":"Feature","geometry":{"type":"LineString","coordinates":[[-73.7399456,45.6169797],[-73.7401538,45.6168703]]},"properties":{"id":"bcebcf94-f6d8-4f2e-a15b-440df37f0ca2","class":"service","subtype":"road","subclass":"driveway","surface":"paved","osm_id":"1286288809"}},{"type":"Feature","geometry":{"type":"LineString","coordinates":[[-73.7391808,45.6169886],[-73.7383197,45.6163736]]},"properties":{"id":"a968d921-5790-4f75-a557-e7dd20a67867","name":"Rue de Roncevaux","class":"residential","subtype":"road","surface":"paved","osm_id":"44807563"}},{"type":"Feature","geometry":{"type":"LineString","coordinates":[[-73.7391808,45.6169886],[-73.7384155,45.6173898],[-73.7370691,45.6180956]]},"properties":{"id":"48f9e360-412f-4086-8a62-4dfd48a117b2","name":"Rue Goupil","class":"residential","subtype":"road","surface":"paved","osm_id":"44807565"}},{"type":"Feature","geometry":{"type":"LineString","coordinates":[[-73.7403683,45.6180969],[-73.7391808,45.6169886]]},"properties":{"id":"877b1b36-e99c-4cd2-9e23-d7f6c49d1fb2","name":"Rue de Roncevaux","class":"residential","subtype":"road","surface":"paved","osm_id":"44807563"}},{"type":"Feature","geometry":{"type":"LineString","coordinates":[[-73.7388069,45.6191107],[-73.7392789,45.6187986],[-73.7403683,45.6180969]]},"properties":{"id":"d28325c1-b622-4a20-bad0-80fea73e4e95","name":"Rue D'Orléans","class":"residential","subtype":"road","surface":"paved","osm_id":"44805626"}},{"type":"Feature","geometry":{"type":"LineString","coordinates":[[-73.7388069,45.6191107],[-73.7381714,45.6187388]]},"properties":{"id":"40c6f303-c258-4cd3-a8fa-d3cfe63a9155","name":"Rue Richmond","class":"residential","subtype":"road","surface":"paved","osm_id":"44805623"}},{"type":"Feature","geometry":{"type":"LineString","coordinates":[[-73.7381714,45.6187388],[-73.7383777,45.6184444],[-73.7383777,45.6183483],[-73.7383005,45.6182883],[-73.7381803,45.6182883],[-73.7380687,45.6183783],[-73.7378727,45.6185946]]},"properties":{"id":"53227771-27c4-4a63-9c38-5dde7fc0a334","name":"Place Richmond","class":"residential","subtype":"road","surface":"paved","osm_id":"44805624"}},{"type":"Feature","geometry":{"type":"LineString","coordinates":[[-73.7381714,45.6187388],[-73.7378727,45.6185946]]},"properties":{"id":"2222b8db-1ad3-429b-87c0-ef05fa07076c","name":"Rue Richmond","class":"residential","subtype":"road","surface":"paved","osm_id":"44805623"}},{"type":"Feature","geometry":{"type":"LineString","coordinates":[[-73.7378727,45.6185946],[-73.7375966,45.6184804],[-73.7374679,45.6183904],[-73.7370691,45.6180956]]},"properties":{"id":"80902328-592e-42a5-9b88-6f7294b8881a","name":"Rue Richmond","class":"residential","subtype":"road","surface":"paved","osm_id":"44805623"}},{"type":"Feature","geometry":{"type":"LineString","coordinates":[[-73.7370691,45.6180956],[-73.7368842,45.6182786],[-73.7368119,45.6184354],[-73.7365758,45.6189992]]},"properties":{"id":"a8f86998-d77f-47ac-bc07-ccd9f184d34b","name":"Rue Goupil","class":"residential","subtype":"road","surface":"paved","osm_id":"44807565"}},{"type":"Feature","geometry":{"type":"LineString","coordinates":[[-73.7357149,45.6181475],[-73.7357126,45.6182807]]},"properties":{"id":"36f8eb14-dad8-4241-bfa7-9f5e95923b8e","name":"Boulevard Prudentiel","class":"residential","subtype":"road","surface":"paved","osm_id":"41276055"}},{"type":"Feature","geometry":{"type":"LineString","coordinates":[[-73.7357149,45.6181475],[-73.7354157,45.6181358],[-73.735287,45.6181778],[-73.735347,45.6182559],[-73.7354535,45.6182679],[-73.7357126,45.6182807]]},"properties":{"id":"b29e7185-6d5b-43ce-bdc4-25c672006220","name":"Boulevard Prudentiel","class":"residential","subtype":"road","surface":"paved","osm_id":"44808382"}},{"type":"Feature","geometry":{"type":"LineString","coordinates":[[-73.7355019,45.6176565],[-73.7352874,45.6177622],[-73.7348642,45.6179707],[-73.7347822,45.6180614],[-73.7347581,45.6182232],[-73.7348191,45.6183658],[-73.7348869,45.6184364],[-73.7349574,45.618492],[-73.7352143,45.618593],[-73.7353598,45.6186429],[-73.7356194,45.6187722]]},"properties":{"id":"c92131db-f58c-4f35-a0f7-e36a6307f689","class":"service","subtype":"road","surface":"paved","osm_id":"44808383","oneway":"yes"}},{"type":"Feature","geometry":{"type":"LineString","coordinates":[[-73.7357126,45.6182807],[-73.7357004,45.6184321],[-73.7356194,45.6187722]]},"properties":{"id":"523adc3c-c49a-4c63-bdf7-4972399cb37a","name":"Boulevard Prudentiel","class":"residential","subtype":"road","surface":"paved","osm_id":"41276055"}},{"type":"Feature","geometry":{"type":"LineString","coordinates":[[-73.7365758,45.6189992],[-73.7356194,45.6187722]]},"properties":{"id":"075d47da-14c4-4fdc-818b-bb45e33a028f","name":"Rue Trevet","class":"residential","subtype":"road","surface":"paved","osm_id":"44741675"}},{"type":"Feature","geometry":{"type":"LineString","coordinates":[[-73.7356194,45.6187722],[-73.735113,45.6192859],[-73.7348244,45.6196182]]},"properties":{"id":"c2daa940-df1d-438e-989d-0da7e361309e","name":"Boulevard Prudentiel","class":"residential","subtype":"road","surface":"paved","osm_id":"41276055"}},{"type":"Feature","geometry":{"type":"LineString","coordinates":[[-73.7361446,45.6200365],[-73.7356649,45.6202927],[-73.7356104,45.6203714],[-73.7357385,45.6206131]]},"properties":{"id":"6bc7d53a-66eb-44d0-b5ba-2bb6c8e4d9b6","name":"Rue d'Alexandrie","class":"residential","subtype":"road","surface":"paved","osm_id":"265241979"}},{"type":"Feature","geometry":{"type":"LineString","coordinates":[[-73.7383429,45.6209803],[-73.7373137,45.6199357],[-73.7370618,45.6198004],[-73.7368881,45.6197625],[-73.7367266,45.6197451],[-73.7365849,45.6198012],[-73.7362062,45.6200035],[-73.7361446,45.6200365]]},"properties":{"id":"ab3670fa-b8a5-4709-95fd-1db6ad8d1234","name":"Rue d'Alexandrie","class":"residential","subtype":"road","surface":"paved","osm_id":"265241979"}},{"type":"Feature","geometry":{"type":"LineString","coordinates":[[-73.7391438,45.6206021],[-73.7382407,45.6197255],[-73.7381207,45.6196115],[-73.7378032,45.6193354],[-73.7375285,45.6192033],[-73.737168,45.6191253],[-73.7365758,45.6189992]]},"properties":{"id":"5fd8ddec-88c3-4132-a8bd-7d13852c8885","name":"Rue Trevet","class":"residential","subtype":"road","surface":"paved","osm_id":"44741675"}},{"type":"Feature","geometry":{"type":"LineString","coordinates":[[-73.739368,45.619673],[-73.7390101,45.6193389],[-73.7388069,45.6191107]]},"properties":{"id":"ac5f7a70-3095-47c4-b5a4-a810f425856d","name":"Rue Richmond","class":"residential","subtype":"road","surface":"paved","osm_id":"44805623"}},{"type":"Feature","geometry":{"type":"LineString","coordinates":[[-73.7401792,45.6192358],[-73.739368,45.619673]]},"properties":{"id":"09aeb887-3d9a-4868-b633-414777ef6396","name":"Rue Poupart","class":"residential","subtype":"road","surface":"paved","osm_id":"44805621"}},{"type":"Feature","geometry":{"type":"LineString","coordinates":[[-73.7399038,45.621338],[-73.7404227,45.6210241],[-73.7405224,45.6209064],[-73.7405319,45.6208213],[-73.739368,45.619673]]},"properties":{"id":"42db930d-f54e-4510-95f5-fa735dc97127","name":"Rue Richmond","class":"residential","subtype":"road","surface":"paved","osm_id":"44805622"}},{"type":"Feature","geometry":{"type":"LineString","coordinates":[[-73.7399038,45.621338],[-73.7391438,45.6206021]]},"properties":{"id":"2c181ae3-ac79-47a9-9adb-8e875f654f21","name":"Rue Trevet","class":"residential","subtype":"road","surface":"paved","osm_id":"44741675"}},{"type":"Feature","geometry":{"type":"LineString","coordinates":[[-73.7391438,45.6206021],[-73.7383429,45.6209803]]},"properties":{"id":"7eec35c5-11f4-4da9-9c73-efdd33f0f78a","name":"Rue des Abeilles","class":"residential","subtype":"road","surface":"paved","osm_id":"87892645"}},{"type":"Feature","geometry":{"type":"LineString","coordinates":[[-73.7383429,45.6209803],[-73.7390101,45.6216745],[-73.7390862,45.621752],[-73.7390811,45.6218392],[-73.7387699,45.6219817],[-73.7383496,45.6221972]]},"properties":{"id":"8c2730e4-4229-4230-8c49-feb745edb01d","name":"Rue des Abeilles","class":"residential","subtype":"road","surface":"paved","osm_id":"87892645"}},{"type":"Feature","geometry":{"type":"LineString","coordinates":[[-73.7400947,45.6223686],[-73.7389802,45.6232544]]},"properties":{"id":"fec68b7f-f53b-40a4-8c13-223197f9e433","name":"Avenue des Lacasse","class":"tertiary","subtype":"road","surface":"paved","osm_id":"32644792"}},{"type":"Feature","geometry":{"type":"LineString","coordinates":[[-73.7383496,45.6221972],[-73.7381766,45.6220243],[-73.7380709,45.6220243],[-73.737705,45.6222461],[-73.737705,45.6223314],[-73.7378352,45.6224661]]},"properties":{"id":"99869fc0-cc71-42b9-9990-f78962f18cdf","name":"Rue des Abeilles","class":"residential","subtype":"road","surface":"paved","osm_id":"265241986"}},{"type":"Feature","geometry":{"type":"LineString","coordinates":[[-73.7383496,45.6221972],[-73.7378352,45.6224661]]},"properties":{"id":"e614fcc0-736c-4966-88a9-d5ad6beacd8f","name":"Rue des Abeilles","class":"residential","subtype":"road","surface":"paved","osm_id":"87892645"}},{"type":"Feature","geometry":{"type":"LineString","coordinates":[[-73.7378352,45.6224661],[-73.7375659,45.622626],[-73.737061,45.6228778]]},"properties":{"id":"f371f3aa-0248-4621-a97a-309d5ab82479","name":"Rue des Abeilles","class":"residential","subtype":"road","surface":"paved","osm_id":"87892645"}},{"type":"Feature","geometry":{"type":"LineString","coordinates":[[-73.73626,45.6232451],[-73.7364584,45.6232068],[-73.7367532,45.6230523],[-73.737061,45.6228778]]},"properties":{"id":"3b53f69f-8212-4071-883b-beadee08e1cb","name":"Rue des Abeilles","class":"residential","subtype":"road","surface":"paved","osm_id":"45359706"}},{"type":"Feature","geometry":{"type":"LineString","coordinates":[[-73.7358256,45.6228395],[-73.73626,45.6232451]]},"properties":{"id":"718c06ba-e598-49e5-8ebe-838c8ade0b71","name":"Rue d'Alexandrie","class":"residential","subtype":"road","surface":"paved","osm_id":"265241979"}},{"type":"Feature","geometry":{"type":"LineString","coordinates":[[-73.7354527,45.6236619],[-73.73626,45.6232451]]},"properties":{"id":"ce287292-eb67-43de-874e-e2f72187af3d","name":"Rue des Abeilles","class":"residential","subtype":"road","surface":"paved","osm_id":"45359706"}},{"type":"Feature","geometry":{"type":"LineString","coordinates":[[-73.7360561,45.6213748],[-73.73602,45.6214817],[-73.7354353,45.6222884],[-73.7354511,45.6224435],[-73.7355437,45.6225781],[-73.7358256,45.6228395]]},"properties":{"id":"726b671f-941b-416e-84b6-cee7c6496936","name":"Rue d'Alexandrie","class":"residential","subtype":"road","surface":"paved","osm_id":"265241979"}},{"type":"Feature","geometry":{"type":"LineString","coordinates":[[-73.7358256,45.6228395],[-73.7361778,45.6226403],[-73.7363151,45.6224919],[-73.7369497,45.6216455],[-73.7373691,45.6214036],[-73.7374488,45.6213181],[-73.7374329,45.6212338],[-73.7361446,45.6200365]]},"properties":{"id":"25c4fc3b-b8a9-4332-911d-a8592fc424e6","name":"Rue de Tivoli","class":"residential","subtype":"road","surface":"paved","osm_id":"265241984"}},{"type":"Feature","geometry":{"type":"LineString","coordinates":[[-73.7357385,45.6206131],[-73.7359617,45.6210566]]},"properties":{"id":"59d6f66d-5ad3-48c9-9c16-536b937d4a9c","name":"Rue d'Alexandrie","class":"residential","subtype":"road","surface":"paved","osm_id":"265241979"}},{"type":"Feature","geometry":{"type":"LineString","coordinates":[[-73.7359617,45.6210566],[-73.7360188,45.6212508],[-73.7360561,45.6213748]]},"properties":{"id":"11e60f06-c363-4617-b29b-842c43e2029f","name":"Rue d'Alexandrie","class":"residential","subtype":"road","surface":"paved","osm_id":"265241979"}},{"type":"Feature","geometry":{"type":"LineString","coordinates":[[-73.7360561,45.6213748],[-73.7361868,45.621318],[-73.7362356,45.6212213],[-73.736138,45.6211133],[-73.7359617,45.6210566]]},"properties":{"id":"403dbc21-3de7-4b14-af34-4caca220581c","name":"Rue d'Alexandrie","class":"residential","subtype":"road","surface":"paved","osm_id":"265241982"}},{"type":"Feature","geometry":{"type":"LineString","coordinates":[[-73.7348354,45.6208355],[-73.7357385,45.6206131]]},"properties":{"id":"5e1baf45-013b-42a1-b7e5-ae17540b9f4e","name":"Rue de Bari","class":"residential","subtype":"road","surface":"paved","osm_id":"47938844"}},{"type":"Feature","geometry":{"type":"LineString","coordinates":[[-73.733716,45.620665],[-73.7339049,45.6209354],[-73.7339852,45.6211542],[-73.7339584,45.6214665],[-73.7338233,45.6217455],[-73.7334371,45.6220457],[-73.7331945,45.6221581]]},"properties":{"id":"fb551fce-bcdd-41e3-949c-14d8d3d19f07","name":"Rue Louvain","class":"residential","subtype":"road","surface":"paved","osm_id":"45286596"}},{"type":"Feature","geometry":{"type":"LineString","coordinates":[[-73.7348354,45.6208355],[-73.734908,45.6212159],[-73.7348663,45.6214105],[-73.7348099,45.6216203],[-73.7346376,45.6218675],[-73.7341782,45.6223742],[-73.7337381,45.6226653]]},"properties":{"id":"f857affb-bf04-4103-b91f-ea4c88659616","name":"Boulevard Prudentiel","class":"residential","subtype":"road","surface":"paved","osm_id":"1293092671"}},{"type":"Feature","geometry":{"type":"LineString","coordinates":[[-73.7324365,45.6214525],[-73.7327504,45.6212803],[-73.7330294,45.6212953],[-73.7331366,45.6214154],[-73.7326866,45.6216853]]},"properties":{"id":"5e34758d-9985-49b7-a42e-d6323ec8c1ca","name":"Rue Des Alvéoles","class":"residential","subtype":"road","surface":"paved","osm_id":"45286593"}},{"type":"Feature","geometry":{"type":"LineString","coordinates":[[-73.7326866,45.6216853],[-73.7331945,45.6221581]]},"properties":{"id":"c5a4b703-c7db-41f8-ba32-d986818fdb34","name":"Rue Des Alvéoles","class":"residential","subtype":"road","surface":"paved","osm_id":"45286592"}},{"type":"Feature","geometry":{"type":"LineString","coordinates":[[-73.7324365,45.6214525],[-73.7326866,45.6216853]]},"properties":{"id":"111890a7-d722-44cd-b2ff-c32c73f1444c","name":"Rue Des Alvéoles","class":"residential","subtype":"road","surface":"paved","osm_id":"45286592"}},{"type":"Feature","geometry":{"type":"LineString","coordinates":[[-73.7309802,45.6200966],[-73.7324365,45.6214525]]},"properties":{"id":"566c6e2d-f5f9-4adb-aadd-516dc3389593","name":"Rue Des Alvéoles","class":"residential","subtype":"road","surface":"paved","osm_id":"45286592"}},{"type":"Feature","geometry":{"type":"LineString","coordinates":[[-73.7307492,45.6209926],[-73.7313204,45.6215013]]},"properties":{"id":"f93096ac-04a7-4922-b700-65e04cf2fdb4","name":"Rue Des Nymphes","class":"residential","subtype":"road","surface":"paved","osm_id":"45286588"}},{"type":"Feature","geometry":{"type":"LineString","coordinates":[[-73.7302091,45.6204647],[-73.7307492,45.6209926]]},"properties":{"id":"7e92b74f-938d-4d87-83ab-083feb32c9bb","name":"Rue Des Nymphes","class":"residential","subtype":"road","surface":"paved","osm_id":"45286588"}},{"type":"Feature","geometry":{"type":"LineString","coordinates":[[-73.7307492,45.6209926],[-73.7290597,45.6218806],[-73.7289337,45.6219705],[-73.7289442,45.6220849],[-73.729333,45.6224278],[-73.7294589,45.622473],[-73.7296176,45.6224058],[-73.7313204,45.6215013]]},"properties":{"id":"f0f7abce-f2ec-4c7b-954f-dcc620ba8742","name":"Rue D'arlon","class":"residential","subtype":"road","surface":"paved","osm_id":"45286589"}},{"type":"Feature","geometry":{"type":"LineString","coordinates":[[-73.7313204,45.6215013],[-73.7318887,45.6220334]]},"properties":{"id":"d0ec5afe-dc96-4b55-841c-de2c0e9d3c3c","name":"Rue Des Nymphes","class":"residential","subtype":"road","surface":"paved","osm_id":"45286588"}},{"type":"Feature","geometry":{"type":"LineString","coordinates":[[-73.7318887,45.6220334],[-73.7301069,45.6229805],[-73.7300378,45.6230384],[-73.7300207,45.6231099],[-73.7304327,45.6234688],[-73.730555,45.6235228],[-73.7307056,45.6234895],[-73.7324521,45.6225546]]},"properties":{"id":"5a7b3bb2-7c0a-4e0c-b830-36fd5f5d1514","name":"Rue De Grammont","class":"residential","subtype":"road","surface":"paved","osm_id":"45286590"}},{"type":"Feature","geometry":{"type":"LineString","coordinates":[[-73.7330237,45.6230955],[-73.7336302,45.6236514]]},"properties":{"id":"1f9f803e-c46b-45b8-8ae5-897254465f7b","name":"Rue Des Nymphes","class":"residential","subtype":"road","surface":"paved","osm_id":"45286588"}},{"type":"Feature","geometry":{"type":"LineString","coordinates":[[-73.7324521,45.6225546],[-73.7330237,45.6230955]]},"properties":{"id":"ccec00cd-6238-4690-9300-f1a0bb694210","name":"Rue Des Nymphes","class":"residential","subtype":"road","surface":"paved","osm_id":"45286588"}},{"type":"Feature","geometry":{"type":"LineString","coordinates":[[-73.7318887,45.6220334],[-73.7324521,45.6225546]]},"properties":{"id":"0971e5d4-2a87-4358-940c-e87bb89c48f3","name":"Rue Des Nymphes","class":"residential","subtype":"road","surface":"paved","osm_id":"45286588"}},{"type":"Feature","geometry":{"type":"LineString","coordinates":[[-73.7331945,45.6221581],[-73.7337381,45.6226653]]},"properties":{"id":"16e0d4e3-3477-4b8c-888f-c62678e11666","name":"Rue Des Alvéoles","class":"residential","subtype":"road","surface":"paved","osm_id":"45286592"}},{"type":"Feature","geometry":{"type":"LineString","coordinates":[[-73.7337381,45.6226653],[-73.7330237,45.6230955]]},"properties":{"id":"9135a57d-8114-4675-9457-ad5d281d419a","name":"Boulevard Prudentiel","class":"residential","subtype":"road","surface":"paved","osm_id":"1293092671"}},{"type":"Feature","geometry":{"type":"LineString","coordinates":[[-73.7336302,45.6236514],[-73.7347265,45.6230799],[-73.7348621,45.6231022],[-73.7353386,45.6235463],[-73.7354527,45.6236619]]},"properties":{"id":"b1955dcb-91d6-4305-aa5c-00de4f7d4c2e","name":"Rue de Montreux","class":"residential","subtype":"road","surface":"paved","osm_id":"45286591"}},{"type":"Feature","geometry":{"type":"LineString","coordinates":[[-73.7309552,45.6250695],[-73.7336302,45.6236514]]},"properties":{"id":"856d8aad-38c0-43c2-b6ae-0d089df0d2b8","name":"Rue de Montreux","class":"residential","subtype":"road","surface":"paved","osm_id":"45286591"}},{"type":"Feature","geometry":{"type":"LineString","coordinates":[[-73.7330237,45.6230955],[-73.7303674,45.6245172]]},"properties":{"id":"d074398a-207a-4743-8887-ad3918a29f7a","name":"Boulevard Prudentiel","class":"residential","subtype":"road","surface":"paved","osm_id":"1293092671"}},{"type":"Feature","geometry":{"type":"LineString","coordinates":[[-73.7292744,45.6246841],[-73.7296641,45.6244869]]},"properties":{"id":"5e3a04b9-d5b8-41cf-8fac-3012e569fc0f","class":"service","subtype":"road","subclass":"parking_aisle","surface":"paved","osm_id":"1203296285"}},{"type":"Feature","geometry":{"type":"LineString","coordinates":[[-73.7303674,45.6245172],[-73.7295376,45.6249349]]},"properties":{"id":"8e669821-7f9c-45c8-85c3-a4527d431aa9","name":"Boulevard Prudentiel","class":"residential","subtype":"road","surface":"paved","osm_id":"1293092671"}},{"type":"Feature","geometry":{"type":"LineString","coordinates":[[-73.7303674,45.6245172],[-73.7309552,45.6250695]]},"properties":{"id":"a4b4b37a-e427-4220-8971-db5460702048","name":"Rue des Abeilles","class":"residential","subtype":"road","surface":"paved","osm_id":"45286599"}},{"type":"Feature","geometry":{"type":"LineString","coordinates":[[-73.7298067,45.6251829],[-73.7301885,45.6249956]]},"properties":{"id":"7fc0078d-06a3-4cbc-9462-204874f7d883","class":"service","subtype":"road","subclass":"parking_aisle","surface":"paved","osm_id":"1203296267"}},{"type":"Feature","geometry":{"type":"LineString","coordinates":[[-73.7295376,45.6249349],[-73.7294286,45.6249939]]},"properties":{"id":"5d339dcc-59ec-4a29-8892-815776590452","name":"Boulevard Prudentiel","class":"residential","subtype":"road","surface":"paved","osm_id":"1293092671"}},{"type":"Feature","geometry":{"type":"LineString","coordinates":[[-73.7294286,45.6249939],[-73.7294991,45.6250588],[-73.7300379,45.6255574]]},"properties":{"id":"099a1435-e2d1-40dd-8b15-9cd25b6f487e","name":"Boulevard René-Laennec","class":"tertiary","subtype":"road","surface":"paved","osm_id":"44847348","oneway":"yes"}},{"type":"Feature","geometry":{"type":"LineString","coordinates":[[-73.7303358,45.6252197],[-73.7300178,45.6253765]]},"properties":{"id":"e5fd7499-40a5-42f6-a10d-a56fdbbdc417","class":"service","subtype":"road","subclass":"driveway","osm_id":"1203296268"}},{"type":"Feature","geometry":{"type":"LineString","coordinates":[[-73.7302211,45.625563],[-73.730602,45.6253792]]},"properties":{"id":"42ed1aed-5c7a-4e58-9808-acff8ef570c6","class":"service","subtype":"road","subclass":"parking_aisle","surface":"paved","osm_id":"1203296262"}},{"type":"Feature","geometry":{"type":"LineString","coordinates":[[-73.7316064,45.6267303],[-73.7313714,45.6265981],[-73.7312423,45.6264992],[-73.7311956,45.6264634],[-73.7310565,45.6263307],[-73.7308846,45.6261727],[-73.7305278,45.6258448],[-73.7302211,45.625563],[-73.7300178,45.6253765],[-73.7298067,45.6251829],[-73.7295376,45.6249349]]},"properties":{"id":"c38ecdec-e700-42eb-add4-e70a5d2b0a89","name":"Boulevard René-Laennec","class":"tertiary","subtype":"road","surface":"paved","osm_id":"41221000","oneway":"yes"}},{"type":"Feature","geometry":{"type":"LineString","coordinates":[[-73.7300379,45.6255574],[-73.7299446,45.6256145],[-73.7297732,45.6257196],[-73.7295534,45.6258813],[-73.7293608,45.6260491],[-73.7292679,45.6261393],[-73.7291684,45.6262394],[-73.729083,45.6263398]]},"properties":{"id":"8849491a-3428-4583-87c5-c3a6de421fae","name":"Rue de Marly","class":"residential","subtype":"road","surface":"paved","osm_id":"45286579"}},{"type":"Feature","geometry":{"type":"LineString","coordinates":[[-73.7303954,45.6258885],[-73.7299305,45.6261377]]},"properties":{"id":"67d12567-a351-4bf2-b9af-8004a15b04b5","class":"service","subtype":"road","subclass":"parking_aisle","surface":"paved","osm_id":"1212593128"}},{"type":"Feature","geometry":{"type":"LineString","coordinates":[[-73.7300804,45.6262698],[-73.7302462,45.6261729],[-73.7304555,45.6260566],[-73.730536,45.6260187]]},"properties":{"id":"d704b342-c9c9-4388-bc86-9740fc5de27f","class":"service","subtype":"road","subclass":"parking_aisle","surface":"paved","osm_id":"1212593127"}},{"type":"Feature","geometry":{"type":"LineString","coordinates":[[-73.7300379,45.6255574],[-73.7303954,45.6258885],[-73.730536,45.6260187],[-73.7309222,45.6263764],[-73.7311726,45.6266059],[-73.7313321,45.6267078],[-73.7315235,45.6268159]]},"properties":{"id":"9327ee1e-683c-4853-b4ca-aec81e85995b","name":"Boulevard René-Laennec","class":"tertiary","subtype":"road","surface":"paved","osm_id":"44847348","oneway":"yes"}},{"type":"Feature","geometry":{"type":"LineString","coordinates":[[-73.731258,45.6259819],[-73.7308846,45.6261727]]},"properties":{"id":"be6fc747-fd20-4a62-b4e4-a494a19462a3","class":"service","subtype":"road","subclass":"parking_aisle","surface":"paved","osm_id":"1202641815"}},{"type":"Feature","geometry":{"type":"LineString","coordinates":[[-73.7308951,45.6256584],[-73.7305278,45.6258448]]},"properties":{"id":"8204c769-b759-46c5-8373-d38b1d2d5c41","class":"service","subtype":"road","subclass":"parking_aisle","surface":"paved","osm_id":"1202641817"}},{"type":"Feature","geometry":{"type":"LineString","coordinates":[[-73.7324493,45.6261852],[-73.7340145,45.6253643]]},"properties":{"id":"bdb9d315-054c-453d-9cc8-a8d7a944f05a","name":"Rue de Chaville","class":"residential","subtype":"road","surface":"paved","osm_id":"52267400"}},{"type":"Feature","geometry":{"type":"LineString","coordinates":[[-73.7309552,45.6250695],[-73.7315237,45.6256093],[-73.7316082,45.6256396],[-73.7316928,45.6256229],[-73.734697,45.6240514]]},"properties":{"id":"2715f093-5372-4bfe-a596-269f249754fa","name":"Rue des Abeilles","class":"residential","subtype":"road","surface":"paved","osm_id":"45286599"}},{"type":"Feature","geometry":{"type":"LineString","coordinates":[[-73.7340145,45.6253643],[-73.7344095,45.6251619],[-73.734848,45.6249362]]},"properties":{"id":"2e754517-f4b4-4952-b3a5-6f818a64203b","name":"Rue de Chaville","class":"residential","subtype":"road","surface":"paved","osm_id":"52267400"}},{"type":"Feature","geometry":{"type":"LineString","coordinates":[[-73.734494,45.6257992],[-73.7340145,45.6253643]]},"properties":{"id":"03f2cd11-1d14-4eba-b55d-22d600e9ba51","name":"Rue de Lincoln","class":"residential","subtype":"road","surface":"paved","osm_id":"52267402"}},{"type":"Feature","geometry":{"type":"LineString","coordinates":[[-73.734494,45.6257992],[-73.7346416,45.6256771],[-73.7348468,45.6255686],[-73.7351706,45.6253984],[-73.735209,45.625279],[-73.734848,45.6249362]]},"properties":{"id":"3240be12-53ba-4ceb-9575-8b3e02f3b4da","name":"Rue d'Ankara","class":"residential","subtype":"road","surface":"paved","osm_id":"52267401"}},{"type":"Feature","geometry":{"type":"LineString","coordinates":[[-73.734848,45.6249362],[-73.7352911,45.6247008],[-73.7352775,45.6246031],[-73.734697,45.6240514]]},"properties":{"id":"20d70c75-649f-46fb-bace-d6a132fdfb11","name":"Rue de Chaville","class":"residential","subtype":"road","surface":"paved","osm_id":"52267400"}},{"type":"Feature","geometry":{"type":"LineString","coordinates":[[-73.734697,45.6240514],[-73.7354527,45.6236619]]},"properties":{"id":"52626ee6-fb70-4a1a-b27f-324ec5a2a90c","name":"Rue des Abeilles","class":"residential","subtype":"road","surface":"paved","osm_id":"45286599"}},{"type":"Feature","geometry":{"type":"LineString","coordinates":[[-73.7389802,45.6232544],[-73.7386314,45.6229981],[-73.7385375,45.622977],[-73.7384532,45.6229936],[-73.736994,45.6237456],[-73.736745,45.6241412],[-73.7366835,45.6242059],[-73.736604,45.6242221],[-73.7361835,45.6241788],[-73.7360033,45.6241259],[-73.7358661,45.6240593],[-73.7357514,45.6239201],[-73.7354527,45.6236619]]},"properties":{"id":"01e753e5-f00a-4cb4-a8d8-40f6777df6d9","name":"Rue de Cortina","class":"residential","subtype":"road","surface":"paved","osm_id":"44848323"}},{"type":"Feature","geometry":{"type":"LineString","coordinates":[[-73.7375308,45.6245768],[-73.7371931,45.6244309],[-73.7371406,45.6244309],[-73.7371044,45.6244397],[-73.736797,45.624737],[-73.7367825,45.62478],[-73.7367933,45.6249217],[-73.7368132,45.6249483],[-73.7368422,45.6249736],[-73.7370005,45.6250514]]},"properties":{"id":"54c69748-27e7-40cd-9eb3-af9ffea85366","class":"service","subtype":"road","subclass":"driveway","osm_id":"1057590938"}},{"type":"Feature","geometry":{"type":"LineString","coordinates":[[-73.7389802,45.6232544],[-73.7375308,45.6245768]]},"properties":{"id":"26d0d5f5-375d-4201-98f1-06587b2c8bbc","name":"Avenue des Lacasse","class":"tertiary","subtype":"road","surface":"paved","osm_id":"32644792"}},{"type":"Feature","geometry":{"type":"LineString","coordinates":[[-73.7398574,45.6255306],[-73.7398016,45.6254741],[-73.7391585,45.6248451],[-73.7388378,45.6245717],[-73.7388207,45.6244446],[-73.7389666,45.6242958],[-73.7395126,45.6238396],[-73.7399071,45.6235113],[-73.7403675,45.6231722],[-73.7406593,45.6229372],[-73.7407575,45.6228348]]},"properties":{"id":"db44a5f2-45e5-4457-a968-024323c3ad10","name":"Rue Potvin","class":"residential","subtype":"road","surface":"paved","osm_id":"43734690"}},{"type":"Feature","geometry":{"type":"LineString","coordinates":[[-73.7390278,45.6259545],[-73.7380688,45.6250351],[-73.7377657,45.6247725],[-73.7376035,45.6246352],[-73.7375308,45.6245768]]},"properties":{"id":"94789394-6eed-42d7-a553-4251e28aa761","name":"Rue de Prince-Rupert","class":"residential","subtype":"road","surface":"paved","osm_id":"712288495"}},{"type":"Feature","geometry":{"type":"LineString","coordinates":[[-73.7375308,45.6245768],[-73.7374725,45.6246289],[-73.7370005,45.6250514],[-73.7362518,45.6257214],[-73.735711,45.6262436],[-73.7353355,45.6266554],[-73.7350834,45.626948],[-73.7348742,45.6271694],[-73.7347428,45.62728],[-73.734555,45.6273832],[-73.7334875,45.6278671]]},"properties":{"id":"e2045d71-6d95-4b5c-9b80-9f70ecf14e05","name":"Avenue des Lacasse","class":"tertiary","subtype":"road","surface":"paved","osm_id":"52585679"}},{"type":"Feature","geometry":{"type":"LineString","coordinates":[[-73.7334875,45.6278671],[-73.733348,45.6279328]]},"properties":{"id":"06e65dd1-050e-4a8b-82a6-0ed578fa12e4","name":"Avenue des Lacasse","class":"tertiary","subtype":"road","surface":"paved","osm_id":"672674567"}},{"type":"Feature","geometry":{"type":"LineString","coordinates":[[-73.7329451,45.6275659],[-73.7325861,45.6277214]]},"properties":{"id":"11aaa3d5-83ad-45d3-951b-1a764eba3117","class":"service","subtype":"road","subclass":"parking_aisle","surface":"paved","osm_id":"1212594966"}},{"type":"Feature","geometry":{"type":"LineString","coordinates":[[-73.7315235,45.6268159],[-73.7318388,45.6269777],[-73.7322846,45.6272066],[-73.7323388,45.6272344],[-73.7326829,45.6273929],[-73.732827,45.6274782],[-73.7329451,45.6275659],[-73.732965,45.6275807],[-73.7331486,45.6277496],[-73.733348,45.6279328]]},"properties":{"id":"38fecbb0-0249-4eca-aeac-a32a616299d2","name":"Boulevard René-Laennec","class":"tertiary","subtype":"road","surface":"paved","osm_id":"44847348","oneway":"yes"}},{"type":"Feature","geometry":{"type":"LineString","coordinates":[[-73.7334875,45.6278671],[-73.7331744,45.6275902],[-73.7330294,45.6274752],[-73.7329034,45.6273834],[-73.7327777,45.6273111],[-73.7327409,45.6272924],[-73.7324644,45.627152],[-73.7323861,45.6271198],[-73.7319655,45.6269097],[-73.7316064,45.6267303]]},"properties":{"id":"299d9b4b-e5a9-4ce4-bb2a-c95b28061a48","name":"Boulevard René-Laennec","class":"tertiary","subtype":"road","surface":"paved","osm_id":"41221000","oneway":"yes"}},{"type":"Feature","geometry":{"type":"LineString","coordinates":[[-73.7319321,45.6275491],[-73.7322846,45.6272066]]},"properties":{"id":"47626d4e-b969-4e29-8754-eb4893b60fae","class":"service","subtype":"road","subclass":"parking_aisle","surface":"paved","osm_id":"1212594942"}},{"type":"Feature","geometry":{"type":"LineString","coordinates":[[-73.7324644,45.627152],[-73.7327098,45.6268778]]},"properties":{"id":"bf779b46-3a7e-484e-9c63-26c74b68dcfa","class":"service","subtype":"road","subclass":"parking_aisle","surface":"paved","osm_id":"1202641651"}},{"type":"Feature","geometry":{"type":"LineString","coordinates":[[-73.7330301,45.6270207],[-73.7327409,45.6272924]]},"properties":{"id":"96f30222-b8ff-41fd-9c39-0a1c1bdf4d8d","class":"service","subtype":"road","subclass":"parking_aisle","surface":"paved","osm_id":"1202641652"}},{"type":"Feature","geometry":{"type":"LineString","coordinates":[[-73.7324493,45.6261852],[-73.7326681,45.6263942],[-73.7333236,45.626711],[-73.733415,45.6267114],[-73.7335034,45.626692],[-73.7337001,45.6266086],[-73.733815,45.6265402],[-73.7339015,45.6264606],[-73.7341448,45.6261978],[-73.7343744,45.6259165],[-73.734494,45.6257992]]},"properties":{"id":"950c15d8-4f70-4ff1-ab64-6df8e5118ef2","name":"Rue d'Ankara","class":"residential","subtype":"road","surface":"paved","osm_id":"52267401"}},{"type":"Feature","geometry":{"type":"LineString","coordinates":[[-73.7319655,45.6269097],[-73.732213,45.6266331]]},"properties":{"id":"81df534f-7b96-4788-a86f-dd3f3116af13","class":"service","subtype":"road","subclass":"parking_aisle","surface":"paved","osm_id":"1202641650"}},{"type":"Feature","geometry":{"type":"LineString","coordinates":[[-73.7316064,45.6267303],[-73.7318079,45.6265143],[-73.7324493,45.6261852]]},"properties":{"id":"70d67abe-0d50-4ed3-9a4e-129ec80b570d","name":"Rue de Chaville","class":"residential","subtype":"road","surface":"paved","osm_id":"52267400"}},{"type":"Feature","geometry":{"type":"LineString","coordinates":[[-73.7315851,45.6263022],[-73.7312423,45.6264992]]},"properties":{"id":"862df84f-00b3-4e55-bd56-4a73b48fb267","class":"service","subtype":"road","subclass":"parking_aisle","surface":"paved","osm_id":"1202641814"}},{"type":"Feature","geometry":{"type":"LineString","coordinates":[[-73.7311423,45.6271594],[-73.7308526,45.6269343],[-73.7307817,45.6268747],[-73.7310508,45.6266993],[-73.7311726,45.6266059]]},"properties":{"id":"1c17e638-d0c5-43a9-a045-a6b04ec11056","class":"service","subtype":"road","subclass":"parking_aisle","surface":"paved","osm_id":"1212594940"}},{"type":"Feature","geometry":{"type":"LineString","coordinates":[[-73.7315235,45.6268159],[-73.7316064,45.6267303]]},"properties":{"id":"66ee251f-c5c4-4973-93a0-89c410b99d1e","name":"Rue de Chaville","class":"residential","subtype":"road","surface":"paved","osm_id":"52267400"}},{"type":"Feature","geometry":{"type":"LineString","coordinates":[[-73.731506,45.6273378],[-73.7318388,45.6269777]]},"properties":{"id":"a42b36f9-f960-414a-9833-22efb21868b3","class":"service","subtype":"road","subclass":"parking_aisle","surface":"paved","osm_id":"1212594941"}},{"type":"Feature","geometry":{"type":"LineString","coordinates":[[-73.7441542,45.6209195],[-73.7443791,45.6210989],[-73.7444538,45.6211415],[-73.7445006,45.6211783],[-73.7445898,45.621229],[-73.7449755,45.6213988],[-73.7451072,45.6215006],[-73.7451319,45.6215802],[-73.7450657,45.6216635]]},"properties":{"id":"3eebb88e-0ee3-48fb-b3c5-ae8fa4ce983c","name":"Rue De Poitiers","class":"residential","subtype":"road","surface":"paved","osm_id":"43734720"}},{"type":"Feature","geometry":{"type":"LineString","coordinates":[[-73.7440106,45.6222539],[-73.7430856,45.621553],[-73.7431336,45.6214496],[-73.7441542,45.6209195]]},"properties":{"id":"e909fc0e-78a4-4e73-a692-65efc349c6dd","name":"Rue Préfontaine","class":"residential","subtype":"road","surface":"paved","osm_id":"43734717"}},{"type":"Feature","geometry":{"type":"LineString","coordinates":[[-73.7414279,45.6223474],[-73.7421466,45.6218818],[-73.7422925,45.6219419],[-73.7428172,45.6223922],[-73.7433539,45.6228042],[-73.7435322,45.6229835],[-73.7437304,45.6231157],[-73.7439466,45.6232357]]},"properties":{"id":"8916f7cd-7d38-41a3-8943-5c88c4ca59ca","name":"Rue Pelchat","class":"residential","subtype":"road","surface":"paved","osm_id":"43734699"}},{"type":"Feature","geometry":{"type":"LineString","coordinates":[[-73.7414279,45.6223474],[-73.7426238,45.6232194],[-73.7426226,45.6233121],[-73.7425541,45.6234277],[-73.7420853,45.6237998]]},"properties":{"id":"07d58715-7349-44b3-8925-3579b659589e","name":"Rue Portal","class":"residential","subtype":"road","surface":"paved","osm_id":"43734427"}},{"type":"Feature","geometry":{"type":"LineString","coordinates":[[-73.7407575,45.6228348],[-73.7414241,45.6233226]]},"properties":{"id":"670cccb4-3d7f-4615-88db-ba64da75652e","name":"Rue Pontbriand","class":"residential","subtype":"road","surface":"paved","osm_id":"43734320"}},{"type":"Feature","geometry":{"type":"LineString","coordinates":[[-73.7400947,45.6223686],[-73.7407575,45.6228348]]},"properties":{"id":"c7763572-d168-4ab9-90ff-ad76c7e7e2f3","name":"Rue Pontbriand","class":"residential","subtype":"road","surface":"paved","osm_id":"43734320"}},{"type":"Feature","geometry":{"type":"LineString","coordinates":[[-73.7407606,45.6218661],[-73.7414279,45.6223474]]},"properties":{"id":"85643364-bf25-4c8b-ae00-a0758a9ef6a1","name":"Rue Portal","class":"residential","subtype":"road","surface":"paved","osm_id":"43734427"}},{"type":"Feature","geometry":{"type":"LineString","coordinates":[[-73.7405799,45.6219926],[-73.7400947,45.6223686]]},"properties":{"id":"fcb65801-9d21-4865-a575-a1909d77c8d1","name":"Avenue des Lacasse","class":"tertiary","subtype":"road","surface":"paved","osm_id":"32644792"}},{"type":"Feature","geometry":{"type":"LineString","coordinates":[[-73.7407606,45.6218661],[-73.7405799,45.6219926]]},"properties":{"id":"3ea50d58-a578-43d4-98a7-de846b4258d7","name":"Avenue des Lacasse","class":"tertiary","subtype":"road","surface":"paved","osm_id":"32644792"}},{"type":"Feature","geometry":{"type":"LineString","coordinates":[[-73.7405799,45.6219926],[-73.7399038,45.621338]]},"properties":{"id":"dcdef883-96d4-416b-9149-f4ca212ccb6a","name":"Rue Trevet","class":"residential","subtype":"road","surface":"paved","osm_id":"44741675"}},{"type":"Feature","geometry":{"type":"LineString","coordinates":[[-73.7436045,45.6203298],[-73.7435092,45.620382],[-73.7419814,45.6211764],[-73.7411733,45.6215992],[-73.7407606,45.6218661]]},"properties":{"id":"c0619861-273e-4bae-88cb-120cd3666960","name":"Avenue des Lacasse","class":"tertiary","subtype":"road","surface":"paved","osm_id":"32644792"}},{"type":"Feature","geometry":{"type":"LineString","coordinates":[[-73.7416199,45.6206168],[-73.7414923,45.6204945]]},"properties":{"id":"314bd105-edd9-41ab-b494-6804c78d3574","name":"Rue Picasso","class":"residential","subtype":"road","surface":"paved","osm_id":"44805627"}},{"type":"Feature","geometry":{"type":"LineString","coordinates":[[-73.7414923,45.6204945],[-73.7407744,45.6198064]]},"properties":{"id":"22256caa-a6b6-4f0d-9473-5d52c3f7e994","name":"Rue Picasso","class":"residential","subtype":"road","surface":"paved","osm_id":"44805627"}},{"type":"Feature","geometry":{"type":"LineString","coordinates":[[-73.7407744,45.6198064],[-73.7401792,45.6192358]]},"properties":{"id":"152eae8d-b633-4325-acd8-2dc1a1df3772","name":"Rue Picasso","class":"residential","subtype":"road","surface":"paved","osm_id":"44805627"}},{"type":"Feature","geometry":{"type":"LineString","coordinates":[[-73.7422545,45.6190422],[-73.7407744,45.6198064]]},"properties":{"id":"e23a8c7f-563a-45ee-bdfe-a07572c49284","name":"Rue Pajou","class":"residential","subtype":"road","surface":"paved","osm_id":"44805632"}},{"type":"Feature","geometry":{"type":"LineString","coordinates":[[-73.7414923,45.6204945],[-73.7428252,45.6198092],[-73.7428992,45.6197618],[-73.7429333,45.6197117],[-73.7429259,45.6196523],[-73.7422545,45.6190422]]},"properties":{"id":"7ef008bc-4643-4ca2-ae0d-5c58349161f6","name":"Rue Percier","class":"residential","subtype":"road","surface":"paved","osm_id":"44805629"}},{"type":"Feature","geometry":{"type":"LineString","coordinates":[[-73.7446474,45.6197619],[-73.7445556,45.6198112],[-73.7444933,45.6198446],[-73.7444316,45.6198775],[-73.7442976,45.6199488],[-73.744184,45.6200096],[-73.7440982,45.6200555],[-73.7437277,45.6202625],[-73.7436045,45.6203298]]},"properties":{"id":"bcf8fe87-1420-4567-bb8a-2474f2697912","name":"Avenue des Lacasse","class":"tertiary","subtype":"road","surface":"paved","osm_id":"455268999"}},{"type":"Feature","geometry":{"type":"LineString","coordinates":[[-73.7443654,45.6201787],[-73.7443189,45.6201365]]},"properties":{"id":"57b82ceb-05b3-4610-a595-4685a8fed7d1","class":"service","subtype":"road","surface":"paved","osm_id":"1286288973"}},{"type":"Feature","geometry":{"type":"LineString","coordinates":[[-73.7436045,45.6203298],[-73.7436503,45.6203739],[-73.7436837,45.620406],[-73.743887,45.6206053],[-73.7441542,45.6209195]]},"properties":{"id":"def918ca-54cc-4ff7-a755-45a46593db83","name":"Rue De Poitiers","class":"residential","subtype":"road","surface":"paved","osm_id":"43734720"}},{"type":"Feature","geometry":{"type":"LineString","coordinates":[[-73.745055,45.6201491],[-73.7449582,45.6201976],[-73.744845,45.6202556],[-73.7445842,45.6203844],[-73.7444938,45.6204284]]},"properties":{"id":"4166c481-9425-463e-865a-4b51eb24840c","class":"service","subtype":"road","surface":"paved","osm_id":"1200475540"}},{"type":"Feature","geometry":{"type":"LineString","coordinates":[[-73.7440982,45.6200555],[-73.7441461,45.6201009],[-73.7444938,45.6204284],[-73.7446518,45.6205702],[-73.744993,45.6203955],[-73.744845,45.6202556]]},"properties":{"id":"666672e7-c921-45e8-b564-e59a08981ef0","class":"service","subtype":"road","subclass":"parking_aisle","surface":"paved","osm_id":"1200475539"}},{"type":"Feature","geometry":{"type":"LineString","coordinates":[[-73.7443654,45.6201787],[-73.7445842,45.6203844]]},"properties":{"id":"65474491-4b6e-4eb8-8cb5-d0f62b2beb11","class":"service","subtype":"road","subclass":"driveway","surface":"paved","osm_id":"1286288972"}},{"type":"Feature","geometry":{"type":"LineString","coordinates":[[-73.744338,45.6197677],[-73.7443515,45.6197893],[-73.7443689,45.6198172],[-73.7444316,45.6198775]]},"properties":{"id":"a76bab53-8e80-4f51-9e3e-a1858e99460e","class":"service","subtype":"road","surface":"paved","osm_id":"1286288836"}},{"type":"Feature","geometry":{"type":"LineString","coordinates":[[-73.7453513,45.6200751],[-73.745703,45.6198937],[-73.7457555,45.6198667]]},"properties":{"id":"8bf998db-e4c8-49ac-a5ce-ec4f30517e51","class":"service","subtype":"road","subclass":"parking_aisle","surface":"paved","osm_id":"1286642517"}},{"type":"Feature","geometry":{"type":"LineString","coordinates":[[-73.7460326,45.6190921],[-73.7455,45.6193648],[-73.7453232,45.6194553],[-73.7453937,45.6195249],[-73.74547,45.6196016],[-73.7455808,45.6197091],[-73.7456112,45.6197382],[-73.7456615,45.619783],[-73.7457185,45.6198337],[-73.7457555,45.6198667],[-73.7458591,45.6199629],[-73.745879,45.620002],[-73.7460189,45.6201343],[-73.7461642,45.6202746],[-73.7458014,45.6204542],[-73.7457633,45.6204706],[-73.7457053,45.6204959],[-73.7456385,45.6205316],[-73.7456205,45.6205412],[-73.7455274,45.6205947],[-73.745434,45.6206477],[-73.7453467,45.6206898],[-73.7451342,45.6204898],[-73.7452228,45.6204465],[-73.7453189,45.6203988]]},"properties":{"id":"7c7c657d-08fa-436c-a218-15ae275db6d8","class":"service","subtype":"road","surface":"paved","osm_id":"1286288776"}},{"type":"Feature","geometry":{"type":"LineString","coordinates":[[-73.7452115,45.6199386],[-73.7455689,45.6197595],[-73.7456112,45.6197382]]},"properties":{"id":"ac7be771-d603-42b4-baa1-5342b3cfbaa1","class":"service","subtype":"road","subclass":"parking_aisle","surface":"paved","osm_id":"1286642516"}},{"type":"Feature","geometry":{"type":"LineString","coordinates":[[-73.7457633,45.6204706],[-73.7456267,45.6203384],[-73.7454837,45.6202044],[-73.7453513,45.6200751],[-73.7452115,45.6199386],[-73.7450736,45.6198042],[-73.74547,45.6196016],[-73.7455274,45.6195719],[-73.7461343,45.6192579],[-73.7461888,45.6192297]]},"properties":{"id":"e7c9175c-60be-439e-a2e9-b9c94721bc99","class":"service","subtype":"road","surface":"paved","osm_id":"1286642515"}},{"type":"Feature","geometry":{"type":"LineString","coordinates":[[-73.7453232,45.6194553],[-73.7447869,45.6197248],[-73.7447619,45.6197364],[-73.7446474,45.6197619]]},"properties":{"id":"88308e49-a554-4658-b610-760d792ff572","name":"Avenue des Lacasse","class":"unclassified","subtype":"road","surface":"paved","osm_id":"120489554"}},{"type":"Feature","geometry":{"type":"LineString","coordinates":[[-73.743992,45.619351],[-73.744107,45.6194584],[-73.7441514,45.6194356],[-73.744248,45.619386]]},"properties":{"id":"425278b6-ebe7-4fea-a95c-4d51c656670b","class":"service","subtype":"road","subclass":"driveway","surface":"paved","osm_id":"1286288832"}},{"type":"Feature","geometry":{"type":"LineString","coordinates":[[-73.744107,45.6194584],[-73.7440962,45.6195155],[-73.7439005,45.619619],[-73.7437622,45.6194908],[-73.7437249,45.6194563],[-73.7438805,45.6193744],[-73.7439421,45.6193474],[-73.743992,45.619351]]},"properties":{"id":"30debb2f-a33e-44a0-86c2-9cbc36d988dd","class":"service","subtype":"road","subclass":"driveway","surface":"paved","osm_id":"1286288833","oneway":"yes"}},{"type":"Feature","geometry":{"type":"LineString","coordinates":[[-73.7437622,45.6194908],[-73.7436202,45.6195651]]},"properties":{"id":"ad5b8b58-1183-412f-876f-842f2c101037","class":"service","subtype":"road","subclass":"driveway","surface":"paved","osm_id":"1286288834"}},{"type":"Feature","geometry":{"type":"LineString","coordinates":[[-73.7443775,45.6195083],[-73.7442816,45.6195579],[-73.7441717,45.6196147],[-73.744338,45.6197677],[-73.7444455,45.6197103],[-73.7445387,45.6196605]]},"properties":{"id":"77940c7b-45ee-4250-8017-b03fe52ef3e6","class":"service","subtype":"road","surface":"paved","osm_id":"1286288835"}},{"type":"Feature","geometry":{"type":"LineString","coordinates":[[-73.7441917,45.61987],[-73.7443515,45.6197893]]},"properties":{"id":"a63849ae-1e9a-4b79-a0b1-fc0056fe4b96","class":"service","subtype":"road","surface":"paved","osm_id":"1286288837"}},{"type":"Feature","geometry":{"type":"LineString","coordinates":[[-73.7437794,45.6189436],[-73.7436827,45.618993],[-73.743312,45.6191826],[-73.7434445,45.6193033]]},"properties":{"id":"01652736-66e6-4935-a0ad-4253886b0ce2","class":"service","subtype":"road","subclass":"driveway","surface":"paved","osm_id":"1286288830"}},{"type":"Feature","geometry":{"type":"LineString","coordinates":[[-73.7430746,45.6186584],[-73.7430394,45.6186859],[-73.7429781,45.6187186]]},"properties":{"id":"1585f5e7-ab0a-4012-9367-aacbf64f4120","class":"service","subtype":"road","subclass":"driveway","surface":"paved","osm_id":"1286288828"}},{"type":"Feature","geometry":{"type":"LineString","coordinates":[[-73.7446474,45.6197619],[-73.7445888,45.6197075],[-73.7445655,45.6196858],[-73.7445387,45.6196605],[-73.7443775,45.6195083],[-73.7443228,45.6194567],[-73.744248,45.619386],[-73.7442128,45.6193528],[-73.7441311,45.6192757],[-73.7440506,45.6191997],[-73.7440219,45.6191726],[-73.743921,45.6190773],[-73.7438564,45.6190164],[-73.7437794,45.6189436],[-73.7436894,45.6188587],[-73.7436486,45.6188201],[-73.7435369,45.6187147],[-73.7433368,45.6185258],[-73.74325,45.6184438],[-73.7430449,45.6182501],[-73.7429344,45.6181458],[-73.7428117,45.6180299],[-73.7426557,45.6178829],[-73.7426084,45.617838],[-73.7425891,45.61782],[-73.7425334,45.6177679]]},"properties":{"id":"9c12c814-2725-4aab-a8be-e1bdd2b07fc2","name":"Boulevard des Laurentides","class":"secondary","subtype":"road","surface":"paved","osm_id":"455260229"}},{"type":"Feature","geometry":{"type":"LineString","coordinates":[[-73.7434532,45.618915],[-73.7435143,45.6189714]]},"properties":{"id":"08a99e2f-13da-4dbc-8004-dab466496cb4","class":"service","subtype":"road","subclass":"parking_aisle","surface":"paved","osm_id":"1286288824"}},{"type":"Feature","geometry":{"type":"LineString","coordinates":[[-73.7442764,45.6188],[-73.7442409,45.6188183],[-73.7439503,45.618968],[-73.7438564,45.6190164]]},"properties":{"id":"0b0b65b1-7434-4011-b0b4-703ae044ca18","class":"service","subtype":"road","surface":"paved","osm_id":"1286288851"}},{"type":"Feature","geometry":{"type":"LineString","coordinates":[[-73.7442637,45.6190543],[-73.7441217,45.6191238],[-73.7440219,45.6191726]]},"properties":{"id":"d9c64083-36c3-4abf-99b1-ab5ec00d0e5b","class":"service","subtype":"road","subclass":"driveway","surface":"paved","osm_id":"1286288853"}},{"type":"Feature","geometry":{"type":"LineString","coordinates":[[-73.743921,45.6190773],[-73.7438211,45.619126],[-73.7436941,45.619188]]},"properties":{"id":"1cee0fc7-7d8d-4a85-b596-6534ba35b09d","class":"service","subtype":"road","subclass":"driveway","surface":"paved","osm_id":"1286288829"}},{"type":"Feature","geometry":{"type":"LineString","coordinates":[[-73.7434707,45.6193884],[-73.7435755,45.6194854],[-73.7438204,45.6193593],[-73.7438189,45.6193162],[-73.7439532,45.6192487],[-73.7440506,45.6191997]]},"properties":{"id":"fc4f4949-bb70-4d78-b91b-9f6ea7eb2425","class":"service","subtype":"road","subclass":"driveway","surface":"paved","osm_id":"1286288831"}},{"type":"Feature","geometry":{"type":"LineString","coordinates":[[-73.743992,45.619351],[-73.7440361,45.6193272],[-73.7441311,45.6192757]]},"properties":{"id":"bdf46e4f-fd48-4d50-b2b3-18c7773a19d6","class":"service","subtype":"road","subclass":"driveway","surface":"paved","osm_id":"1286288952"}},{"type":"Feature","geometry":{"type":"LineString","coordinates":[[-73.744239,45.6191299],[-73.7443004,45.6191886],[-73.7442275,45.6192261],[-73.7441311,45.6192757]]},"properties":{"id":"51b2e806-b3b2-4bd1-b36e-820eb0e6153c","class":"service","subtype":"road","subclass":"driveway","surface":"paved","osm_id":"1286288854"}},{"type":"Feature","geometry":{"type":"LineString","coordinates":[[-73.7443004,45.6191886],[-73.7443763,45.6191886],[-73.7446576,45.6190441],[-73.744559,45.6189527]]},"properties":{"id":"fbc83769-df4e-4bef-84bf-909161ea0be9","class":"service","subtype":"road","subclass":"driveway","surface":"paved","osm_id":"1286288855"}},{"type":"Feature","geometry":{"type":"LineString","coordinates":[[-73.7442128,45.6193528],[-73.744308,45.6193031],[-73.7444397,45.6192343],[-73.7447293,45.6195037],[-73.7452454,45.6192408],[-73.7452593,45.6192278],[-73.7452716,45.6192127],[-73.7452839,45.6192009],[-73.7453009,45.6191923],[-73.7453148,45.6191858]]},"properties":{"id":"e5528b78-5d36-499a-a272-d1b388d18512","class":"service","subtype":"road","surface":"paved","osm_id":"1286288838"}},{"type":"Feature","geometry":{"type":"LineString","coordinates":[[-73.7455,45.6193648],[-73.7453148,45.6191858]]},"properties":{"id":"ef74963c-8bca-4fab-8839-2c7758a20011","class":"service","subtype":"road","surface":"paved","osm_id":"1286288839"}},{"type":"Feature","geometry":{"type":"LineString","coordinates":[[-73.7448779,45.6188831],[-73.7447162,45.6187436]]},"properties":{"id":"e3494300-96d2-4a97-a7b2-99433d125821","class":"service","subtype":"road","subclass":"driveway","surface":"paved","osm_id":"1286288841"}},{"type":"Feature","geometry":{"type":"LineString","coordinates":[[-73.7453148,45.6191858],[-73.7448849,45.618785],[-73.7448557,45.6187634],[-73.7448187,45.618743],[-73.7447925,45.6187343],[-73.7447679,45.6187311],[-73.7447401,45.6187354],[-73.7447162,45.6187436],[-73.7446477,45.6187817],[-73.7447985,45.6189233]]},"properties":{"id":"551db069-8827-4ee6-9093-2ada5123881e","class":"service","subtype":"road","subclass":"driveway","surface":"paved","osm_id":"1286288840"}},{"type":"Feature","geometry":{"type":"LineString","coordinates":[[-73.7442409,45.6188183],[-73.7442987,45.6188588],[-73.7443384,45.6188755],[-73.7443955,45.618891],[-73.7444495,45.6188966],[-73.7444797,45.6188944],[-73.7445099,45.6188855],[-73.7445496,45.6188688]]},"properties":{"id":"7e466223-9e6d-4a60-b7c3-0a7a1e1fe8a7","class":"service","subtype":"road","subclass":"driveway","surface":"paved","osm_id":"1286288852"}},{"type":"Feature","geometry":{"type":"LineString","coordinates":[[-73.7434742,45.6183286],[-73.7437975,45.6181648],[-73.7440506,45.6180359],[-73.7441865,45.6179965],[-73.7444738,45.6178436]]},"properties":{"id":"4d182280-ed1f-4532-aac3-5aa5c8cbce7c","class":"service","subtype":"road","subclass":"driveway","surface":"paved","osm_id":"1286288845"}},{"type":"Feature","geometry":{"type":"LineString","coordinates":[[-73.7439959,45.618321],[-73.7440709,45.618392],[-73.7440896,45.6184434],[-73.7441302,45.6184835]]},"properties":{"id":"0e87ad84-b4f6-42f1-ae46-a4a17135bddb","class":"service","subtype":"road","subclass":"driveway","surface":"unpaved","osm_id":"1286288850"}},{"type":"Feature","geometry":{"type":"LineString","coordinates":[[-73.7436894,45.6188587],[-73.7437843,45.6188098],[-73.7441334,45.6186302],[-73.7441865,45.6186181],[-73.7442255,45.6185974],[-73.744302,45.6185886],[-73.7445816,45.6184444]]},"properties":{"id":"48082ccd-2fe8-4813-8e9d-50a075932e67","class":"service","subtype":"road","surface":"paved","osm_id":"1286288842"}},{"type":"Feature","geometry":{"type":"LineString","coordinates":[[-73.7437083,45.61863],[-73.7437566,45.6186767],[-73.7440162,45.6185417],[-73.7441302,45.6184835],[-73.7444489,45.618321]]},"properties":{"id":"01ce730c-0586-49aa-bf67-6c4b06fa8b59","class":"service","subtype":"road","subclass":"driveway","surface":"paved","osm_id":"1286288848"}},{"type":"Feature","geometry":{"type":"LineString","coordinates":[[-73.7436039,45.618451],[-73.7434742,45.6183286],[-73.7433442,45.6183954],[-73.74325,45.6184438]]},"properties":{"id":"f341b86e-6bf9-4a85-9503-911aaa65c1ec","class":"service","subtype":"road","subclass":"driveway","surface":"paved","osm_id":"1286288844"}},{"type":"Feature","geometry":{"type":"LineString","coordinates":[[-73.7435369,45.6187147],[-73.7436345,45.6186645],[-73.7437083,45.61863],[-73.7436041,45.6185281]]},"properties":{"id":"491e6b76-0528-4a97-9efe-0de94d28beb4","class":"service","subtype":"road","subclass":"driveway","surface":"paved","osm_id":"1286288843"}},{"type":"Feature","geometry":{"type":"LineString","coordinates":[[-73.7429344,45.6181458],[-73.742838,45.6181948],[-73.7427559,45.6182365],[-73.743035,45.6185017],[-73.7431455,45.61862],[-73.7434532,45.618915],[-73.7435496,45.6188681],[-73.7436486,45.6188201]]},"properties":{"id":"ba95587d-ab56-4383-ae18-75e22aea6744","class":"service","subtype":"road","surface":"paved","osm_id":"1286288823"}},{"type":"Feature","geometry":{"type":"LineString","coordinates":[[-73.7433368,45.6185258],[-73.7432384,45.6185752],[-73.7431455,45.61862],[-73.7430746,45.6186584]]},"properties":{"id":"4c871eaa-5593-4af6-8402-7c6f2d66dafe","class":"service","subtype":"road","surface":"paved","osm_id":"1286288827"}},{"type":"Feature","geometry":{"type":"LineString","coordinates":[[-73.743035,45.6185017],[-73.7429546,45.6185436],[-73.7430746,45.6186584]]},"properties":{"id":"48355d45-3780-49f3-97a6-64c1cc0bf647","class":"service","subtype":"road","surface":"paved","osm_id":"1286288826"}},{"type":"Feature","geometry":{"type":"LineString","coordinates":[[-73.7430449,45.6182501],[-73.7431401,45.6182005],[-73.7432104,45.6181639],[-73.7433167,45.6182595],[-73.7437031,45.6180553],[-73.7435951,45.6179526]]},"properties":{"id":"ebb11d00-af72-4389-a737-81436777efc2","class":"service","subtype":"road","subclass":"driveway","surface":"paved","osm_id":"1286288856"}},{"type":"Feature","geometry":{"type":"LineString","coordinates":[[-73.7429344,45.6181458],[-73.7430322,45.6180989],[-73.7431429,45.6180458],[-73.7429032,45.6178192],[-73.7428334,45.617828],[-73.7428046,45.6178055],[-73.7427522,45.6178332],[-73.7426557,45.6178829]]},"properties":{"id":"c9c6031b-bf6e-4b8f-8f2a-3992eac2027f","class":"service","subtype":"road","surface":"paved","osm_id":"1286288858"}},{"type":"Feature","geometry":{"type":"LineString","coordinates":[[-73.7427559,45.6182365],[-73.7427097,45.6182451],[-73.7425402,45.6183324]]},"properties":{"id":"c1495cc4-c9fb-49a2-a860-6a01af9dd13e","class":"service","subtype":"road","surface":"paved","osm_id":"1286288825"}},{"type":"Feature","geometry":{"type":"LineString","coordinates":[[-73.7425757,45.6181471],[-73.7426234,45.6181956]]},"properties":{"id":"926e96ad-cf6a-4c8b-9e47-8adad0bb30d3","class":"service","subtype":"road","subclass":"parking_aisle","surface":"paved","osm_id":"1286288821"}},{"type":"Feature","geometry":{"type":"LineString","coordinates":[[-73.7425334,45.6177679],[-73.7424438,45.6178143],[-73.7424165,45.6178284],[-73.7423047,45.6178894],[-73.7422869,45.6178991],[-73.7420688,45.6180148],[-73.7418935,45.6181176],[-73.7415253,45.6183468]]},"properties":{"id":"85d3e4c5-760d-41f6-aa85-c1a0cdea3f5e","name":"Rue Poupart","class":"residential","subtype":"road","surface":"paved","osm_id":"44805621"}},{"type":"Feature","geometry":{"type":"LineString","coordinates":[[-73.7422545,45.6190422],[-73.741614,45.6184143],[-73.7415718,45.6183768],[-73.7415253,45.6183468]]},"properties":{"id":"61a19503-424d-4324-b150-2846c1580379","name":"Rue Paquette","class":"residential","subtype":"road","surface":"paved","osm_id":"44805631"}},{"type":"Feature","geometry":{"type":"LineString","coordinates":[[-73.7415253,45.6183468],[-73.7401792,45.6192358]]},"properties":{"id":"e314e682-b1ed-460e-a4ea-0f2ee5362f0f","name":"Rue Poupart","class":"residential","subtype":"road","surface":"paved","osm_id":"44805621"}},{"type":"Feature","geometry":{"type":"LineString","coordinates":[[-73.7409793,45.6180393],[-73.7407449,45.617843]]},"properties":{"id":"5d8b2903-f128-41b8-9108-e58cb707c890","class":"service","subtype":"road","subclass":"driveway","surface":"paved","osm_id":"1286288819"}},{"type":"Feature","geometry":{"type":"LineString","coordinates":[[-73.7403683,45.6180969],[-73.7407449,45.617843],[-73.740789,45.6178141],[-73.7408245,45.6177882],[-73.7408568,45.617762],[-73.7408928,45.6177294],[-73.7409233,45.6176974],[-73.7409441,45.6176755],[-73.7409958,45.6176191]]},"properties":{"id":"7c14dd13-ee85-4cf8-8a83-fb714316e693","name":"Rue D'Orléans","class":"residential","subtype":"road","surface":"paved","osm_id":"44805626"}},{"type":"Feature","geometry":{"type":"LineString","coordinates":[[-73.7407489,45.6176614],[-73.7408085,45.6177246],[-73.740824,45.6177363],[-73.7408568,45.617762]]},"properties":{"id":"3eb8abeb-cc28-44ef-aa70-0b1b959833d0","class":"service","subtype":"road","subclass":"driveway","surface":"paved","osm_id":"1286288813"}},{"type":"Feature","geometry":{"type":"LineString","coordinates":[[-73.740814,45.6176299],[-73.7407489,45.6176614],[-73.7407019,45.6176842]]},"properties":{"id":"c88aab5b-e850-494f-a663-7242a8c6d594","class":"service","subtype":"road","subclass":"driveway","surface":"paved","osm_id":"1286288812"}},{"type":"Feature","geometry":{"type":"LineString","coordinates":[[-73.7408894,45.6173544],[-73.7407416,45.6174313]]},"properties":{"id":"b611d49d-9326-44b5-9c97-c323abc8be41","class":"service","subtype":"road","subclass":"driveway","surface":"paved","osm_id":"1286288814"}},{"type":"Feature","geometry":{"type":"LineString","coordinates":[[-73.7413552,45.6176194],[-73.741207,45.6174924],[-73.741192,45.6174827],[-73.7411522,45.6174621]]},"properties":{"id":"f6fecc6d-b503-4bb8-9e7d-a60428451215","class":"service","subtype":"road","subclass":"driveway","surface":"paved","osm_id":"1286288816"}},{"type":"Feature","geometry":{"type":"LineString","coordinates":[[-73.7409958,45.6176191],[-73.7411038,45.6175114],[-73.7411522,45.6174621],[-73.7412044,45.6174089],[-73.7412704,45.6173493],[-73.7413114,45.6173126],[-73.7413645,45.6172717],[-73.7414152,45.6172342],[-73.7414449,45.6172132],[-73.7414819,45.6171905],[-73.7414937,45.6171834],[-73.7415326,45.6171601],[-73.7415696,45.6171394],[-73.7416226,45.6171101],[-73.7416642,45.617089],[-73.7417625,45.6170395]]},"properties":{"id":"1506a826-9ca1-46a1-80b7-ddb1b2d1cd57","name":"Rue D'Orléans","class":"residential","subtype":"road","surface":"paved","osm_id":"44805626"}},{"type":"Feature","geometry":{"type":"LineString","coordinates":[[-73.741177,45.6177989],[-73.7410406,45.6176614],[-73.7409958,45.6176191]]},"properties":{"id":"0795ebef-d0b1-4223-996f-38e0b4f98900","class":"service","subtype":"road","subclass":"driveway","surface":"paved","osm_id":"1286288817"}},{"type":"Feature","geometry":{"type":"LineString","coordinates":[[-73.7410846,45.6178132],[-73.740975,45.6177245],[-73.7409546,45.6177118],[-73.7409233,45.6176974]]},"properties":{"id":"a5f6b202-299d-4b2a-a90a-ba049dab2a74","class":"service","subtype":"road","subclass":"driveway","surface":"paved","osm_id":"1286288818"}},{"type":"Feature","geometry":{"type":"LineString","coordinates":[[-73.7420719,45.6175782],[-73.7419641,45.6176148],[-73.7418316,45.6176902],[-73.7417946,45.617715],[-73.7417884,45.6177258],[-73.7417854,45.6177398],[-73.74179,45.6177538],[-73.7417992,45.61777],[-73.7419071,45.6178702],[-73.7419209,45.6178777],[-73.7419379,45.617882],[-73.7419548,45.6178809],[-73.7419764,45.6178745],[-73.7421797,45.6177657]]},"properties":{"id":"42d15795-df93-41f1-9a15-a24b8d2f619b","class":"service","subtype":"road","surface":"paved","osm_id":"1286288822","oneway":"yes"}},{"type":"Feature","geometry":{"type":"LineString","coordinates":[[-73.7422418,45.6174913],[-73.7421424,45.6175412],[-73.7420719,45.6175782],[-73.7422013,45.6177096],[-73.7422075,45.6177236],[-73.7422059,45.6177409],[-73.7421951,45.617756],[-73.7421797,45.6177657],[-73.7423047,45.6178894],[-73.7425757,45.6181471],[-73.742715,45.6180779],[-73.7428117,45.6180299]]},"properties":{"id":"5bbd1156-9d2c-430c-a844-2ad10b9b4166","class":"service","subtype":"road","surface":"paved","osm_id":"1286288820"}},{"type":"Feature","geometry":{"type":"LineString","coordinates":[[-73.74275,45.6176347],[-73.7426068,45.6174991]]},"properties":{"id":"1f322eac-2d4c-4ff4-af5c-7618df9c13fc","class":"service","subtype":"road","subclass":"driveway","surface":"paved","osm_id":"1286288868"}},{"type":"Feature","geometry":{"type":"LineString","coordinates":[[-73.7433572,45.6175866],[-73.7431846,45.617437],[-73.743057,45.6175008],[-73.7428694,45.6175944],[-73.74275,45.6176347],[-73.7426543,45.617667],[-73.7426135,45.6176859],[-73.7426018,45.6176916],[-73.7425843,45.6176994],[-73.7425334,45.6177679]]},"properties":{"id":"244e959f-3041-4343-a740-964d9bcd968e","class":"service","subtype":"road","surface":"unpaved","osm_id":"1286288866"}},{"type":"Feature","geometry":{"type":"LineString","coordinates":[[-73.7422168,45.6174668],[-73.7423132,45.6174194],[-73.7424467,45.6173537],[-73.7428307,45.6171649]]},"properties":{"id":"93ef8bd8-f0b5-4f0e-b74f-8b58d479d025","class":"service","subtype":"road","surface":"paved","osm_id":"1286288869"}},{"type":"Feature","geometry":{"type":"LineString","coordinates":[[-73.7425342,45.6174405],[-73.7424467,45.6173537]]},"properties":{"id":"9161ad48-0331-472e-a5fd-bbecdc1f1b13","class":"service","subtype":"road","subclass":"driveway","surface":"paved","osm_id":"1286288870"}},{"type":"Feature","geometry":{"type":"LineString","coordinates":[[-73.7425334,45.6177679],[-73.742479,45.6177159],[-73.7424546,45.6176924],[-73.7422418,45.6174913],[-73.7422168,45.6174668],[-73.742142,45.6173958],[-73.7420216,45.6172827],[-73.7420011,45.6172634],[-73.7418211,45.6170945],[-73.7417625,45.6170395]]},"properties":{"id":"f3ca5f23-5e33-40a0-963e-fc3c31985034","name":"Boulevard des Laurentides","class":"secondary","subtype":"road","surface":"paved","osm_id":"1286288781"}},{"type":"Feature","geometry":{"type":"LineString","coordinates":[[-73.7418043,45.6173684],[-73.7419017,45.6173164],[-73.7420011,45.6172634]]},"properties":{"id":"a92510ab-b349-4f71-b1b5-0222aa640d78","class":"service","subtype":"road","surface":"paved","osm_id":"1286288805"}},{"type":"Feature","geometry":{"type":"LineString","coordinates":[[-73.7414937,45.6171834],[-73.7415432,45.6172294],[-73.7417059,45.6172751],[-73.7418043,45.6173684],[-73.7419241,45.6174821]]},"properties":{"id":"df61b2e7-775a-458a-b4ec-2b3902625087","class":"service","subtype":"road","surface":"paved","osm_id":"1286288804"}},{"type":"Feature","geometry":{"type":"LineString","coordinates":[[-73.7422777,45.617293],[-73.7421688,45.6171942]]},"properties":{"id":"d4dc503c-d694-4a2e-9b01-ca05de4ec9ad","class":"service","subtype":"road","subclass":"parking_aisle","surface":"paved","osm_id":"1286288872"}},{"type":"Feature","geometry":{"type":"LineString","coordinates":[[-73.7430025,45.6168287],[-73.7428923,45.6168876],[-73.7426783,45.6169384],[-73.7421688,45.6171942],[-73.7421141,45.617235],[-73.7420216,45.6172827]]},"properties":{"id":"56d15781-242e-4803-8f1a-3f86d7a21112","class":"service","subtype":"road","surface":"paved","osm_id":"1286288871"}},{"type":"Feature","geometry":{"type":"LineString","coordinates":[[-73.7420764,45.6168039],[-73.741829,45.6165731]]},"properties":{"id":"5df90845-f910-46d6-8a17-9c7b56a9d822","class":"service","subtype":"road","subclass":"parking_aisle","surface":"paved","osm_id":"1286288875"}},{"type":"Feature","geometry":{"type":"LineString","coordinates":[[-73.7416154,45.6169018],[-73.7417109,45.6168547],[-73.7417876,45.6168169]]},"properties":{"id":"82287f53-fe79-4b8c-a181-2fdf86fd7e2f","class":"service","subtype":"road","surface":"paved","osm_id":"1286288873"}},{"type":"Feature","geometry":{"type":"LineString","coordinates":[[-73.7420002,45.616485],[-73.7419179,45.6165274],[-73.741829,45.6165731],[-73.7416372,45.6166718],[-73.7417876,45.6168169],[-73.7418823,45.6169067],[-73.7420764,45.6168039],[-73.7422505,45.6167117]]},"properties":{"id":"41159f83-c376-4efc-8762-7794b0b878c9","class":"service","subtype":"road","surface":"paved","osm_id":"1286288874"}},{"type":"Feature","geometry":{"type":"LineString","coordinates":[[-73.7411996,45.6173017],[-73.741399,45.6171639],[-73.7414347,45.617141],[-73.7414833,45.6171128]]},"properties":{"id":"65c1068d-ee2d-4bde-af45-86d33648c265","class":"service","subtype":"road","surface":"paved","osm_id":"1286288806"}},{"type":"Feature","geometry":{"type":"LineString","coordinates":[[-73.7410145,45.6163407],[-73.7409138,45.6163918],[-73.7408646,45.6164167],[-73.7408197,45.6164615],[-73.7407961,45.6164852],[-73.7404915,45.6166534],[-73.7411635,45.6172786],[-73.7411782,45.6172889],[-73.7411996,45.6173017],[-73.7412115,45.6173088],[-73.7412704,45.6173493],[-73.7413274,45.6173933],[-73.7413804,45.6174321],[-73.741574,45.6176175]]},"properties":{"id":"2f2a3dd9-e06a-4385-a787-d7e103c63446","class":"service","subtype":"road","surface":"paved","osm_id":"1286288801"}},{"type":"Feature","geometry":{"type":"LineString","coordinates":[[-73.7403076,45.6173425],[-73.7405217,45.6172302]]},"properties":{"id":"6bc7f127-a9a0-47f1-94e6-068e728970d3","class":"service","subtype":"road","subclass":"driveway","surface":"paved","osm_id":"1286288815"}},{"type":"Feature","geometry":{"type":"LineString","coordinates":[[-73.7406519,45.6168779],[-73.7403254,45.6170397]]},"properties":{"id":"f9ee796d-45bc-4139-8aa7-ca5c2e9c7a5f","class":"service","subtype":"road","subclass":"driveway","surface":"paved","osm_id":"1286288811"}},{"type":"Feature","geometry":{"type":"LineString","coordinates":[[-73.7409958,45.6176191],[-73.7409513,45.6175968],[-73.7409226,45.6175832],[-73.740891,45.6175628],[-73.7408572,45.617537],[-73.7407416,45.6174313],[-73.7405217,45.6172302],[-73.7403254,45.6170397],[-73.7402003,45.6169175],[-73.7401538,45.6168703],[-73.7398219,45.6165558],[-73.7398051,45.6165377],[-73.739792,45.6165202],[-73.7397843,45.6165054],[-73.7397796,45.616489],[-73.7397778,45.6164715],[-73.7397787,45.6164546],[-73.7397827,45.6164384],[-73.7397906,45.6164234],[-73.7398022,45.6164096],[-73.7398199,45.6163939],[-73.7398371,45.6163823],[-73.7399653,45.6163139],[-73.7401082,45.6162377],[-73.7401422,45.6162195],[-73.7403923,45.6160861],[-73.7404543,45.6160533],[-73.7405141,45.6160217],[-73.7406141,45.6159689]]},"properties":{"id":"0d10e5ec-710e-472e-aee8-dd6e44e8a46b","name":"Rue du Beaujolais","class":"residential","subtype":"road","surface":"paved","osm_id":"44807564"}},{"type":"Feature","geometry":{"type":"LineString","coordinates":[[-73.7405153,45.6167599],[-73.7402003,45.6169175]]},"properties":{"id":"47bf2e73-efd0-494b-8b4f-9d09bb724b84","class":"service","subtype":"road","subclass":"driveway","surface":"paved","osm_id":"1286288810"}},{"type":"Feature","geometry":{"type":"LineString","coordinates":[[-73.7401422,45.6162195],[-73.7402708,45.6163378],[-73.7405369,45.6161961],[-73.7406296,45.6162783],[-73.7406777,45.6163067],[-73.74078,45.6163978],[-73.7408197,45.6164615],[-73.7408454,45.616499],[-73.7414833,45.6171128],[-73.7415326,45.6171601]]},"properties":{"id":"82eb7a06-f58b-427f-b706-9b79743640b0","class":"service","subtype":"road","surface":"paved","osm_id":"1286288800"}},{"type":"Feature","geometry":{"type":"LineString","coordinates":[[-73.7417625,45.6170395],[-73.7416857,45.6169676],[-73.7416154,45.6169018],[-73.7412445,45.6165546],[-73.741196,45.6165093],[-73.7410145,45.6163407],[-73.7409333,45.6162664],[-73.7407531,45.6160977],[-73.7406951,45.6160439],[-73.7406141,45.6159689]]},"properties":{"id":"2d3d9462-2d42-4e62-a82f-eb1bcf41a21e","name":"Boulevard des Laurentides","class":"secondary","subtype":"road","surface":"paved","osm_id":"1177933554"}},{"type":"Feature","geometry":{"type":"LineString","coordinates":[[-73.7413964,45.6164817],[-73.7413397,45.6165089],[-73.7412445,45.6165546]]},"properties":{"id":"8ff57da3-741a-45bf-a465-0059d8fd1fb7","class":"service","subtype":"road","surface":"paved","osm_id":"1286288906"}},{"type":"Feature","geometry":{"type":"LineString","coordinates":[[-73.7414148,45.6163926],[-73.7411634,45.6161542]]},"properties":{"id":"4827abe0-117b-48a6-a8cd-8fdc62a2742e","class":"service","subtype":"road","subclass":"parking_aisle","surface":"paved","osm_id":"1286288878"}},{"type":"Feature","geometry":{"type":"LineString","coordinates":[[-73.741196,45.6165093],[-73.7412882,45.6164601],[-73.7414148,45.6163926],[-73.7415316,45.6163304],[-73.7412879,45.6160935],[-73.7411634,45.6161542],[-73.7410283,45.6162201],[-73.7409333,45.6162664]]},"properties":{"id":"28913fdd-cfd0-4a0e-ac5b-26abb5a11208","class":"service","subtype":"road","surface":"paved","osm_id":"1286288877"}},{"type":"Feature","geometry":{"type":"LineString","coordinates":[[-73.7402463,45.6159447],[-73.7403923,45.6160861]]},"properties":{"id":"6b401950-725f-4ce7-8b08-63b07443c9f2","class":"service","subtype":"road","subclass":"driveway","surface":"paved","osm_id":"1286288792"}},{"type":"Feature","geometry":{"type":"LineString","coordinates":[[-73.7406141,45.6159689],[-73.7405513,45.6159108],[-73.740399,45.61577],[-73.7402712,45.6156509],[-73.7401436,45.615532],[-73.7401281,45.6155175],[-73.7401123,45.6155029],[-73.7400603,45.6154545]]},"properties":{"id":"bad5eaec-07ed-43af-a4da-0b5fea2d583b","name":"Boulevard des Laurentides","class":"secondary","subtype":"road","surface":"paved","osm_id":"1177933554"}},{"type":"Feature","geometry":{"type":"LineString","coordinates":[[-73.7409128,45.615259],[-73.7407134,45.6153629],[-73.7410492,45.6156721],[-73.7412445,45.6155714]]},"properties":{"id":"b2ea3517-aae2-43ab-bab8-a881f885e9a6","class":"service","subtype":"road","subclass":"parking_aisle","surface":"paved","osm_id":"1286288783"}},{"type":"Feature","geometry":{"type":"LineString","coordinates":[[-73.7415179,45.6153124],[-73.7414732,45.6153342],[-73.7414568,45.6154684],[-73.7415609,45.6155714],[-73.7417112,45.6154976]]},"properties":{"id":"98d53c3e-e540-4aed-ba59-7c3b23080585","class":"service","subtype":"road","subclass":"parking_aisle","surface":"paved","osm_id":"1286288791"}},{"type":"Feature","geometry":{"type":"LineString","coordinates":[[-73.7407372,45.6150932],[-73.7407927,45.6151459],[-73.7409128,45.615259],[-73.7412445,45.6155714],[-73.7413334,45.6156552],[-73.7414281,45.6157444],[-73.7408461,45.616049],[-73.7407531,45.6160977]]},"properties":{"id":"de87260a-4e31-4381-bbca-cda7a1ab0503","class":"service","subtype":"road","surface":"paved","osm_id":"1286288782"}},{"type":"Feature","geometry":{"type":"LineString","coordinates":[[-73.7409358,45.6158367],[-73.7409487,45.6158518],[-73.7412444,45.6157002],[-73.7413334,45.6156552]]},"properties":{"id":"2426c4b0-a537-49d2-997d-4443cfa012ea","class":"service","subtype":"road","subclass":"driveway","surface":"paved","osm_id":"1286288784"}},{"type":"Feature","geometry":{"type":"LineString","coordinates":[[-73.7413839,45.6151885],[-73.7414776,45.6152738],[-73.7415179,45.6153124],[-73.7417112,45.6154976],[-73.7421496,45.6152811],[-73.742278,45.6152176]]},"properties":{"id":"5d21de4d-139e-4a24-ad30-d565ec8123ec","class":"service","subtype":"road","surface":"paved","osm_id":"1286288789"}},{"type":"Feature","geometry":{"type":"LineString","coordinates":[[-73.7425243,45.6161114],[-73.7431928,45.6157559]]},"properties":{"id":"75c30ec4-ee05-4bd2-abc3-4dfb3c7fb96e","name":"Place Cyrille-Delage","class":"residential","subtype":"road","surface":"paved","osm_id":"1286442467"}},{"type":"Feature","geometry":{"type":"LineString","coordinates":[[-73.7423915,45.6161736],[-73.7425243,45.6161114]]},"properties":{"id":"b109f8b5-3294-494c-9eb5-3e0093334f7d","name":"Place Cyrille-Delage","class":"residential","subtype":"road","surface":"paved","osm_id":"45355351"}},{"type":"Feature","geometry":{"type":"LineString","coordinates":[[-73.7425243,45.6161114],[-73.7423128,45.6159061],[-73.7422309,45.615902],[-73.7421605,45.6159386],[-73.7421346,45.6159824],[-73.7421518,45.6160298],[-73.7423068,45.6161674],[-73.7423474,45.6161787],[-73.7423915,45.6161736]]},"properties":{"id":"9993349f-0d52-4e58-9b57-af52e9c9cfaa","name":"Place Cyrille-Delage","class":"residential","subtype":"road","surface":"paved","osm_id":"45355351"}},{"type":"Feature","geometry":{"type":"LineString","coordinates":[[-73.7419179,45.6165274],[-73.7417708,45.6163925]]},"properties":{"id":"5399f8b7-fb5a-4657-b46b-8b624e0a7867","class":"service","subtype":"road","subclass":"parking_aisle","surface":"paved","osm_id":"1286288876"}},{"type":"Feature","geometry":{"type":"LineString","coordinates":[[-73.7422505,45.6167117],[-73.7420002,45.616485]]},"properties":{"id":"9502a149-e2c9-46aa-b7ef-9ee16edee361","class":"service","subtype":"road","surface":"paved","osm_id":"1286288874"}},{"type":"Feature","geometry":{"type":"LineString","coordinates":[[-73.7438863,45.6172524],[-73.7439113,45.6172742],[-73.7439151,45.617283],[-73.7439143,45.6172977]]},"properties":{"id":"80748a56-b879-4e88-bdfc-344f708697b4","class":"service","subtype":"road","subclass":"driveway","surface":"unpaved","osm_id":"1286288862"}},{"type":"Feature","geometry":{"type":"LineString","coordinates":[[-73.7433572,45.6175866],[-73.7434417,45.6175371],[-73.7434873,45.6175104],[-73.7437887,45.6173355],[-73.7438121,45.6173228],[-73.743855,45.6172996],[-73.7438738,45.6172952],[-73.7439013,45.6172944],[-73.7439143,45.6172977],[-73.7439288,45.6173014],[-73.7440463,45.6173472],[-73.7440814,45.6173608],[-73.7441039,45.6173661],[-73.7441227,45.6173643],[-73.7441452,45.617353],[-73.744174,45.6173329],[-73.7442453,45.6172769],[-73.7442865,45.6172489],[-73.7443603,45.6172113],[-73.7444379,45.6171824],[-73.7445354,45.6171448],[-73.7446005,45.6171211],[-73.7446894,45.6170967]]},"properties":{"id":"4240b46f-4026-415c-a3d1-e30f8357d584","class":"service","subtype":"road","surface":"unpaved","osm_id":"1286288860"}},{"type":"Feature","geometry":{"type":"LineString","coordinates":[[-73.7440463,45.6173472],[-73.7439989,45.6174151],[-73.7439913,45.61743],[-73.7439926,45.6174448],[-73.7440076,45.6174702],[-73.7440139,45.6174833],[-73.7440164,45.6174973],[-73.7440101,45.6175113],[-73.7439951,45.6175236],[-73.7439701,45.6175323],[-73.7439501,45.6175341],[-73.7439251,45.6175297],[-73.7439063,45.6175192],[-73.7438313,45.6174658]]},"properties":{"id":"dbaeb941-4f22-4187-8e4f-886087820760","class":"service","subtype":"road","subclass":"driveway","surface":"unpaved","osm_id":"1286288863"}},{"type":"Feature","geometry":{"type":"LineString","coordinates":[[-73.7435936,45.6173495],[-73.7437512,45.6172655],[-73.7438121,45.6173228]]},"properties":{"id":"1fdec8ea-1a9a-4d9b-be8a-9fc1c6d292bd","class":"service","subtype":"road","subclass":"driveway","surface":"unpaved","osm_id":"1286288861"}},{"type":"Feature","geometry":{"type":"LineString","coordinates":[[-73.7432125,45.6176633],[-73.7431283,45.6175892]]},"properties":{"id":"e61a4b36-47d0-4eb8-bdf1-12ab91aa0627","class":"service","subtype":"road","subclass":"driveway","surface":"paved","osm_id":"1286288865"}},{"type":"Feature","geometry":{"type":"LineString","coordinates":[[-73.7434417,45.6175371],[-73.7436712,45.6177449],[-73.7435801,45.6177918]]},"properties":{"id":"9a4ca52e-bdd7-41d6-a013-4436376d0688","class":"service","subtype":"road","subclass":"driveway","surface":"unpaved","osm_id":"1286288864"}},{"type":"Feature","geometry":{"type":"LineString","coordinates":[[-73.7429032,45.6178192],[-73.7429582,45.6177983],[-73.7432125,45.6176633],[-73.7433572,45.6175866],[-73.7435801,45.6177918],[-73.7435473,45.6178831],[-73.7432171,45.6180537],[-73.7431429,45.6180458]]},"properties":{"id":"b3ca9289-2d62-4554-95b7-9b39d51d1e8c","class":"service","subtype":"road","surface":"paved","osm_id":"1286288859"}},{"type":"Feature","geometry":{"type":"LineString","coordinates":[[-73.74399,45.6178818],[-73.7438195,45.6179703],[-73.7437031,45.6180553]]},"properties":{"id":"da8e2f82-f6f3-43d9-a2c0-bb55ea9bf1b4","class":"service","subtype":"road","subclass":"driveway","surface":"paved","osm_id":"1286288857"}},{"type":"Feature","geometry":{"type":"LineString","coordinates":[[-73.7460326,45.6190921],[-73.7461888,45.6192297]]},"properties":{"id":"3c9296d8-3542-46f2-9b4e-46121a5f0f31","class":"service","subtype":"road","surface":"paved","osm_id":"1286288775"}},{"type":"Feature","geometry":{"type":"LineString","coordinates":[[-73.7462561,45.6193676],[-73.7461343,45.6192579]]},"properties":{"id":"a017199c-8d9c-45cf-bbd3-489190bcfa30","class":"service","subtype":"road","subclass":"driveway","surface":"paved","osm_id":"1286642536"}},{"type":"Feature","geometry":{"type":"LineString","coordinates":[[-73.7411077,45.6149011],[-73.7411704,45.6148685],[-73.7412299,45.6148375],[-73.7413974,45.6147518],[-73.7415974,45.6146522],[-73.7417466,45.614579],[-73.741775,45.6145656],[-73.741865,45.6145232]]},"properties":{"id":"137243dd-ea8c-42ca-8be0-beb2b313d18b","name":"Rue de Belgrade Ouest","class":"residential","subtype":"road","surface":"paved","osm_id":"1286141234"}},{"type":"Feature","geometry":{"type":"LineString","coordinates":[[-73.7413096,45.6151168],[-73.7418138,45.6148597],[-73.7415974,45.6146522]]},"properties":{"id":"35ac566f-5352-4f5e-a811-ec80b3088087","class":"service","subtype":"road","subclass":"parking_aisle","surface":"paved","osm_id":"1286288788"}},{"type":"Feature","geometry":{"type":"LineString","coordinates":[[-73.7413839,45.6151885],[-73.7412426,45.6152593],[-73.7411221,45.6151448],[-73.7412649,45.6150737]]},"properties":{"id":"5f7f54a8-e2dc-4b9b-89e7-b44ffe5f1fa7","class":"service","subtype":"road","subclass":"parking_aisle","surface":"paved","osm_id":"1286288787"}},{"type":"Feature","geometry":{"type":"LineString","coordinates":[[-73.7411077,45.6149011],[-73.7411484,45.6149613],[-73.7412649,45.6150737],[-73.7413096,45.6151168],[-73.7413839,45.6151885]]},"properties":{"id":"b1b7f9cb-ee0f-4488-bbc6-3452fbb60bd4","class":"service","subtype":"road","surface":"paved","osm_id":"1286288786"}},{"type":"Feature","geometry":{"type":"LineString","coordinates":[[-73.7400603,45.6154545],[-73.7401056,45.615431],[-73.7401509,45.6154075],[-73.7401889,45.6153877],[-73.7402886,45.615336],[-73.7404715,45.6152412],[-73.740538,45.6152071],[-73.7405722,45.6151886],[-73.7406035,45.6151709],[-73.7406497,45.6151432],[-73.7406883,45.6151205],[-73.7407372,45.6150932],[-73.7408872,45.615015],[-73.7410315,45.6149405],[-73.7411077,45.6149011]]},"properties":{"id":"a490de98-74d2-453d-aceb-28088c670ebc","name":"Rue de Belgrade Ouest","class":"residential","subtype":"road","surface":"paved","osm_id":"44807561"}},{"type":"Feature","geometry":{"type":"LineString","coordinates":[[-73.7411077,45.6149011],[-73.7410753,45.6148702],[-73.7410493,45.6148453],[-73.7410302,45.6148271],[-73.7395463,45.6134118],[-73.7394427,45.6133078],[-73.7394814,45.6132169],[-73.7401197,45.6128883]]},"properties":{"id":"100c8ce1-4210-4ca1-b6f8-c5876a891e66","name":"Rue Du Pirée","class":"residential","subtype":"road","surface":"paved","osm_id":"45355359"}},{"type":"Feature","geometry":{"type":"LineString","coordinates":[[-73.7370121,45.6102216],[-73.7367098,45.6103375],[-73.7365175,45.6104112],[-73.7363688,45.6102159],[-73.7362465,45.6100607],[-73.7362107,45.6100218],[-73.7361645,45.6099718],[-73.7360994,45.6099056]]},"properties":{"id":"8542f0e6-6254-4502-a29d-174f0887735c","class":"service","subtype":"road","surface":"paved","osm_id":"1285901539"}},{"type":"Feature","geometry":{"type":"LineString","coordinates":[[-73.736483,45.6100269],[-73.7365686,45.6101441],[-73.7365856,45.6101674],[-73.7367098,45.6103375]]},"properties":{"id":"63640916-77ef-4a9f-ab9e-1b873f7d382e","class":"service","subtype":"road","subclass":"driveway","surface":"paved","osm_id":"1285901530"}},{"type":"Feature","geometry":{"type":"LineString","coordinates":[[-73.7359153,45.6101209],[-73.7359804,45.6101026],[-73.7360552,45.6100819],[-73.736076,45.6100798],[-73.736105,45.6100787],[-73.7361806,45.6100821],[-73.7361999,45.6100787],[-73.7362256,45.6100708],[-73.7362465,45.6100607],[-73.736483,45.6100269],[-73.7366698,45.6099406],[-73.7367169,45.6099419],[-73.736746,45.6099406],[-73.736775,45.6099355],[-73.736813,45.6099241],[-73.73694,45.610136],[-73.7370121,45.6102216],[-73.7370361,45.6102501],[-73.7371429,45.610371],[-73.7372091,45.6104321]]},"properties":{"id":"d39421c2-2a88-4836-a86a-86105fb240f4","class":"service","subtype":"road","surface":"paved","osm_id":"1285901528"}},{"type":"Feature","geometry":{"type":"LineString","coordinates":[[-73.7360307,45.6103415],[-73.7361476,45.610302],[-73.7362184,45.6102747],[-73.7363688,45.6102159],[-73.7364155,45.6101977],[-73.7365031,45.6101663],[-73.7365686,45.6101441]]},"properties":{"id":"0f9aebb4-01cb-40a8-bf29-24b8a3619408","class":"service","subtype":"road","surface":"paved","osm_id":"1285901529"}},{"type":"Feature","geometry":{"type":"LineString","coordinates":[[-73.736813,45.6099241],[-73.7367868,45.6098592],[-73.7367671,45.6098236],[-73.7367441,45.609796],[-73.7367244,45.60978],[-73.7367097,45.6097742],[-73.7366933,45.6097719],[-73.7366719,45.6097731],[-73.7366539,45.6097777],[-73.7366325,45.6097857],[-73.7366128,45.6098006],[-73.7365866,45.6098179],[-73.7365406,45.6098431],[-73.7365047,45.6098614],[-73.7363551,45.6099456],[-73.7363092,45.6099698],[-73.7362107,45.6100218]]},"properties":{"id":"fc7669c4-5b0b-46b8-a096-f3a1e5d9ece8","class":"service","subtype":"road","surface":"paved","osm_id":"1285901533","oneway":"yes"}},{"type":"Feature","geometry":{"type":"LineString","coordinates":[[-73.7357336,45.6098669],[-73.7358525,45.6100239],[-73.7358806,45.6100679],[-73.7359153,45.6101209],[-73.7359503,45.6101855],[-73.7359886,45.610258],[-73.7360307,45.6103415],[-73.7360509,45.6103909],[-73.7360749,45.6104426],[-73.7361063,45.6105073]]},"properties":{"id":"924f3177-440d-4cd6-89db-30e3e89445f4","name":"Boulevard des Laurentides","class":"secondary","subtype":"road","surface":"paved","osm_id":"45760619","oneway":"yes"}},{"type":"Feature","geometry":{"type":"LineString","coordinates":[[-73.7361697,45.6103315],[-73.7361476,45.610302],[-73.7361074,45.6102479],[-73.7360688,45.6101995],[-73.7360238,45.6101493],[-73.7359804,45.6101026],[-73.7358858,45.6100092],[-73.7357336,45.6098669]]},"properties":{"id":"df2252f8-b39b-4333-864e-da32e77f01e3","name":"Boulevard des Laurentides","class":"secondary","subtype":"road","surface":"paved","osm_id":"45760620","oneway":"yes"}},{"type":"Feature","geometry":{"type":"LineString","coordinates":[[-73.7361063,45.6105073],[-73.7361159,45.6106927],[-73.7361126,45.6107434],[-73.7361092,45.6107695],[-73.7361048,45.6107942],[-73.7361004,45.6108149],[-73.7360954,45.6108337],[-73.7360876,45.6108567],[-73.7360786,45.6108792],[-73.7360666,45.6109058],[-73.736056,45.6109304],[-73.7360172,45.61102]]},"properties":{"id":"f52cefa4-b0c7-46fb-b57f-92898bd5ecf9","class":"secondary","subtype":"road","subclass":"link","surface":"paved","osm_id":"265243763","oneway":"yes"}},{"type":"Feature","geometry":{"type":"LineString","coordinates":[[-73.7354379,45.6110738],[-73.7353951,45.611002],[-73.7353622,45.6109627],[-73.7351083,45.6107044],[-73.7348476,45.6103627],[-73.7343004,45.6098498]]},"properties":{"id":"a8517d64-faf2-472e-9882-7f1f395d325c","class":"service","subtype":"road","surface":"paved","osm_id":"1285901503"}},{"type":"Feature","geometry":{"type":"LineString","coordinates":[[-73.7360084,45.6111413],[-73.7362262,45.611006],[-73.7362501,45.6109918],[-73.7363092,45.6109567]]},"properties":{"id":"9dde5562-829f-43e4-adcc-a3897f891e19","name":"Boulevard Bellerose Est","class":"tertiary","subtype":"road","surface":"paved","osm_id":"453313644","oneway":"yes"}},{"type":"Feature","geometry":{"type":"LineString","coordinates":[[-73.7362782,45.6108739],[-73.7362142,45.6109045],[-73.7360172,45.61102]]},"properties":{"id":"d3bc9e85-faee-43ad-b9df-3059145bee54","name":"Boulevard Bellerose Est","class":"tertiary","subtype":"road","surface":"paved","osm_id":"453313645","oneway":"yes"}},{"type":"Feature","geometry":{"type":"LineString","coordinates":[[-73.7363092,45.6109567],[-73.7363283,45.6110065],[-73.7363377,45.6110311],[-73.7364005,45.6111948]]},"properties":{"id":"6a4e6446-f07d-46bc-a6f3-d1ca367a9673","name":"Boulevard des Laurentides","class":"secondary","subtype":"road","surface":"paved","osm_id":"45760623","oneway":"yes"}},{"type":"Feature","geometry":{"type":"LineString","coordinates":[[-73.7364135,45.6108069],[-73.7362782,45.6108739]]},"properties":{"id":"52b1611d-5fae-45be-976c-22662e893341","name":"Boulevard Bellerose Est","class":"tertiary","subtype":"road","surface":"paved","osm_id":"453313646","oneway":"yes"}},{"type":"Feature","geometry":{"type":"LineString","coordinates":[[-73.7364468,45.6108855],[-73.7364135,45.6108069]]},"properties":{"id":"86154a48-6bf4-4275-82b8-296fe9c8b9b9","name":"Boulevard des Laurentides","class":"secondary","subtype":"road","surface":"paved","osm_id":"45760618","oneway":"yes"}},{"type":"Feature","geometry":{"type":"LineString","coordinates":[[-73.7363092,45.6109567],[-73.7364468,45.6108855]]},"properties":{"id":"c0819be3-cd5b-4c9f-81e1-53535c881298","name":"Boulevard Bellerose Est","class":"tertiary","subtype":"road","surface":"paved","osm_id":"453313643","oneway":"yes"}},{"type":"Feature","geometry":{"type":"LineString","coordinates":[[-73.7362782,45.6108739],[-73.7363092,45.6109567]]},"properties":{"id":"e01d99f9-24ce-4255-b0bb-13bc2c112e3a","name":"Boulevard des Laurentides","class":"secondary","subtype":"road","surface":"paved","osm_id":"45760622","oneway":"yes"}},{"type":"Feature","geometry":{"type":"LineString","coordinates":[[-73.7361063,45.6105073],[-73.7362353,45.6107807],[-73.7362479,45.610808],[-73.7362572,45.6108281],[-73.7362782,45.6108739]]},"properties":{"id":"2c7fedf3-2bc3-4ff2-9778-0a34224011c3","name":"Boulevard des Laurentides","class":"secondary","subtype":"road","surface":"paved","osm_id":"453313647","oneway":"yes"}},{"type":"Feature","geometry":{"type":"LineString","coordinates":[[-73.7364135,45.6108069],[-73.7363935,45.610763],[-73.7363849,45.6107439],[-73.7363519,45.6106781],[-73.7363157,45.6106056],[-73.7362497,45.6104786],[-73.7361697,45.6103315]]},"properties":{"id":"052f5e41-ed5c-49e9-89b7-b86d1f96676b","name":"Boulevard des Laurentides","class":"secondary","subtype":"road","surface":"paved","osm_id":"453313648","oneway":"yes"}},{"type":"Feature","geometry":{"type":"LineString","coordinates":[[-73.7367716,45.6106316],[-73.7366769,45.6106276],[-73.7366501,45.6106264],[-73.7366121,45.6106205],[-73.7365732,45.6106131],[-73.7365228,45.6105976],[-73.7364779,45.6105761],[-73.7364436,45.6105536],[-73.7364217,45.6105347],[-73.7362957,45.6104081],[-73.7361697,45.6103315]]},"properties":{"id":"e0d98246-e0a6-469a-8535-6cd45a0e8f39","class":"secondary","subtype":"road","subclass":"link","surface":"paved","osm_id":"265243761","oneway":"yes"}},{"type":"Feature","geometry":{"type":"LineString","coordinates":[[-73.7367716,45.6106316],[-73.7364926,45.6107696],[-73.7364709,45.6107798],[-73.7364135,45.6108069]]},"properties":{"id":"058fe65a-3ddc-43c6-9333-55fdca8b662c","name":"Boulevard Bellerose Ouest","class":"tertiary","subtype":"road","surface":"paved","osm_id":"453313650","oneway":"yes"}},{"type":"Feature","geometry":{"type":"LineString","coordinates":[[-73.7364468,45.6108855],[-73.7364999,45.6108564],[-73.7368647,45.610656],[-73.7370231,45.6105405]]},"properties":{"id":"12af6f2f-043e-4c3a-9cab-d56801be636e","name":"Boulevard Bellerose Ouest","class":"tertiary","subtype":"road","surface":"paved","osm_id":"41337581","oneway":"yes"}},{"type":"Feature","geometry":{"type":"LineString","coordinates":[[-73.7370231,45.6105405],[-73.7368984,45.6105691],[-73.7367716,45.6106316]]},"properties":{"id":"374387d0-9987-4659-bdf0-7d4e06fcef9b","name":"Boulevard Bellerose Ouest","class":"tertiary","subtype":"road","surface":"paved","osm_id":"41337588","oneway":"yes"}},{"type":"Feature","geometry":{"type":"LineString","coordinates":[[-73.7371379,45.6110058],[-73.7371164,45.6109901],[-73.7371043,45.6109832],[-73.7370902,45.6109786],[-73.7370748,45.6109766],[-73.7370593,45.6109772],[-73.7370444,45.6109806],[-73.7370171,45.6109944],[-73.7369784,45.6110164],[-73.7369429,45.6110366],[-73.7368657,45.6110806],[-73.7368341,45.6110985],[-73.7368246,45.611104],[-73.7368113,45.611109],[-73.7367959,45.611114],[-73.7367826,45.6111161],[-73.7367703,45.6111161],[-73.7367581,45.611114],[-73.7367458,45.6111097],[-73.7367345,45.6111025],[-73.7367263,45.6110946],[-73.7367192,45.6110861],[-73.736712,45.6110732],[-73.7366997,45.6110316],[-73.7368429,45.6109495],[-73.7368882,45.6109236],[-73.73724,45.610722]]},"properties":{"id":"2cba3978-b32f-45df-bf11-00b0e73a3a9b","class":"service","subtype":"road","surface":"paved","osm_id":"1286141121","oneway":"yes"}},{"type":"Feature","geometry":{"type":"LineString","coordinates":[[-73.7365555,45.6116217],[-73.7366626,45.611606],[-73.73674,45.6115945],[-73.7367587,45.6115902],[-73.7367706,45.6115847],[-73.7368644,45.6115301],[-73.7369589,45.61148],[-73.7370398,45.6114371],[-73.7372575,45.6113217],[-73.7373088,45.6112945],[-73.7374054,45.6112405],[-73.7374806,45.6111985],[-73.7371714,45.6109023],[-73.7373374,45.6108068],[-73.73724,45.610722],[-73.7371913,45.6106796],[-73.7370897,45.6105969],[-73.7370231,45.6105405]]},"properties":{"id":"30a4eb7e-8f46-4139-babf-44aa126e4f1d","class":"service","subtype":"road","surface":"paved","osm_id":"1286141118"}},{"type":"Feature","geometry":{"type":"LineString","coordinates":[[-73.7372863,45.6110968],[-73.7372013,45.6110252],[-73.7371379,45.6110058],[-73.737145,45.6110517],[-73.7372321,45.6111283]]},"properties":{"id":"6f2c0329-c206-4c98-817b-20ffbf0d9f32","class":"service","subtype":"road","surface":"paved","osm_id":"1286141123","oneway":"yes"}},{"type":"Feature","geometry":{"type":"LineString","coordinates":[[-73.7374054,45.6112405],[-73.7373037,45.6111491]]},"properties":{"id":"cc0edb1e-1163-4abb-8100-4d2f993bddc0","class":"service","subtype":"road","surface":"paved","osm_id":"1286141119"}},{"type":"Feature","geometry":{"type":"LineString","coordinates":[[-73.7372321,45.6111283],[-73.7373037,45.6111491],[-73.7372863,45.6110968]]},"properties":{"id":"93ba109a-daa3-4160-b9b8-16659ea9ed1d","class":"service","subtype":"road","surface":"paved","osm_id":"1286141120","oneway":"yes"}},{"type":"Feature","geometry":{"type":"LineString","coordinates":[[-73.7369589,45.61148],[-73.737006,45.6115233],[-73.7373555,45.6118444],[-73.7372923,45.6118797],[-73.7372178,45.6119333]]},"properties":{"id":"9290e5fc-342b-48df-ac76-9283419b2d78","class":"service","subtype":"road","surface":"paved","osm_id":"1286141130"}},{"type":"Feature","geometry":{"type":"LineString","coordinates":[[-73.736309,45.6114825],[-73.7364129,45.6114649],[-73.7364871,45.6114524],[-73.7366292,45.6114295]]},"properties":{"id":"4d233d1a-3ada-43fc-8859-003f6db9c972","class":"service","subtype":"road","surface":"paved","osm_id":"1286141166"}},{"type":"Feature","geometry":{"type":"LineString","coordinates":[[-73.7364005,45.6111948],[-73.7364871,45.6114524],[-73.7365158,45.6115328],[-73.7365555,45.6116217],[-73.7366005,45.6117299],[-73.7366336,45.6118016],[-73.7366664,45.6118689],[-73.7367125,45.6119582]]},"properties":{"id":"b3e4ef7a-d7f7-4ede-87dc-604d93448409","name":"Boulevard des Laurentides","class":"secondary","subtype":"road","surface":"paved","osm_id":"1286141170","oneway":"yes"}},{"type":"Feature","geometry":{"type":"LineString","coordinates":[[-73.7359049,45.611437],[-73.7359028,45.6114796],[-73.736248,45.6118144],[-73.7362553,45.6118187],[-73.7362687,45.6118216],[-73.7362914,45.6118209],[-73.7363348,45.6118137],[-73.7363586,45.6118079],[-73.7363782,45.6118028],[-73.7364351,45.6117876],[-73.7363555,45.6115476],[-73.736309,45.6114825],[-73.7362656,45.6114233],[-73.7362356,45.6113184],[-73.7362315,45.6113054],[-73.7362242,45.6112953],[-73.736216,45.6112902],[-73.7362046,45.6112873],[-73.7361912,45.6112873],[-73.7361757,45.6112895],[-73.7361581,45.6112931],[-73.7361416,45.6112989],[-73.7361271,45.6113069],[-73.7360992,45.6113228]]},"properties":{"id":"0beb8624-9809-4b80-8fb4-f318d5ba1260","class":"service","subtype":"road","surface":"paved","osm_id":"1286141165"}},{"type":"Feature","geometry":{"type":"LineString","coordinates":[[-73.7367125,45.6119582],[-73.736695,45.6118607],[-73.736682,45.6117749],[-73.7366718,45.6116901],[-73.7366626,45.611606],[-73.7366525,45.611509],[-73.7366292,45.6114295],[-73.7365736,45.6112581],[-73.7364817,45.6109903],[-73.736473,45.6109641],[-73.7364653,45.6109411],[-73.7364468,45.6108855]]},"properties":{"id":"6d3cd767-6c71-43b5-a556-98347bed7081","name":"Boulevard des Laurentides","class":"secondary","subtype":"road","surface":"paved","osm_id":"45760616","oneway":"yes"}},{"type":"Feature","geometry":{"type":"LineString","coordinates":[[-73.7360084,45.6111413],[-73.7361253,45.6111278],[-73.7361713,45.6111257],[-73.7362199,45.6111254],[-73.736273,45.611138],[-73.7363329,45.6111637],[-73.7364005,45.6111948]]},"properties":{"id":"a8ed889d-a47d-4fa7-bd6e-fb96e19553bb","class":"secondary","subtype":"road","subclass":"link","surface":"paved","osm_id":"265243759","oneway":"yes"}},{"type":"Feature","geometry":{"type":"LineString","coordinates":[[-73.7360992,45.6113228],[-73.7359049,45.611437]]},"properties":{"id":"64fc9479-bfd4-44d1-b628-3ef3822133f4","class":"service","subtype":"road","surface":"paved","osm_id":"1286141165"}},{"type":"Feature","geometry":{"type":"LineString","coordinates":[[-73.7357463,45.6112945],[-73.7359049,45.611437]]},"properties":{"id":"f738ff95-119a-4e3c-b62e-17d2cc70afff","class":"service","subtype":"road","surface":"paved","osm_id":"1286141164"}},{"type":"Feature","geometry":{"type":"LineString","coordinates":[[-73.7351523,45.6110761],[-73.7353255,45.6112438],[-73.7353956,45.6113117],[-73.7354467,45.6113575],[-73.7355124,45.6114231]]},"properties":{"id":"c67b7498-cd28-47ec-8091-6fefc08f22e8","class":"service","subtype":"road","surface":"paved","osm_id":"1200474146"}},{"type":"Feature","geometry":{"type":"LineString","coordinates":[[-73.7346483,45.6112968],[-73.7349127,45.6111738],[-73.7349984,45.6112585],[-73.7350324,45.6113143],[-73.7351655,45.6114362],[-73.7352201,45.6114851]]},"properties":{"id":"7d2638ef-f46f-4c28-92e6-22cfb4c64cdf","class":"service","subtype":"road","subclass":"driveway","surface":"paved","osm_id":"1285907214"}},{"type":"Feature","geometry":{"type":"LineString","coordinates":[[-73.7354105,45.6114779],[-73.7353398,45.611416],[-73.7352883,45.6113704],[-73.7352128,45.6113033],[-73.7353255,45.6112438]]},"properties":{"id":"6882cdc9-b92f-4778-a55b-67e85a6bc2e3","class":"service","subtype":"road","surface":"paved","osm_id":"1285907218"}},{"type":"Feature","geometry":{"type":"LineString","coordinates":[[-73.734356,45.6120309],[-73.7344211,45.6119972],[-73.7344701,45.6119719],[-73.7348656,45.6117675],[-73.7352526,45.611563],[-73.7353955,45.611486],[-73.7354105,45.6114779],[-73.7355124,45.6114231],[-73.735583,45.6113844],[-73.7356768,45.6113321],[-73.7357463,45.6112945],[-73.7359003,45.6112044],[-73.7360084,45.6111413]]},"properties":{"id":"974b4aad-8cb1-4937-aa04-67702905dae6","name":"Boulevard Bellerose Est","class":"tertiary","subtype":"road","surface":"paved","osm_id":"1285907183","oneway":"yes"}},{"type":"Feature","geometry":{"type":"LineString","coordinates":[[-73.7360172,45.61102],[-73.7357151,45.6112036],[-73.7356039,45.6112687],[-73.7355126,45.6113205],[-73.7354467,45.6113575],[-73.7353398,45.611416],[-73.7353241,45.6114251],[-73.7352201,45.6114851],[-73.7350902,45.6115544],[-73.7347851,45.6117165],[-73.7343622,45.6119367],[-73.7342933,45.6119738]]},"properties":{"id":"fd64217c-6b13-447c-8d5f-9fc133ba5ab3","name":"Boulevard Bellerose Est","class":"tertiary","subtype":"road","surface":"paved","osm_id":"41337634","oneway":"yes"}},{"type":"Feature","geometry":{"type":"LineString","coordinates":[[-73.7344701,45.6119719],[-73.7349117,45.6123814],[-73.7349913,45.6123999],[-73.7354669,45.6121637],[-73.7356349,45.6121291],[-73.7357589,45.6120669],[-73.7360663,45.6119126],[-73.7360557,45.6118372],[-73.7358223,45.6116022],[-73.7356755,45.6114686],[-73.735631,45.611428],[-73.735583,45.6113844],[-73.7355126,45.6113205]]},"properties":{"id":"a72c8116-2209-4437-ab78-75339a6ffa28","class":"service","subtype":"road","subclass":"driveway","surface":"paved","osm_id":"1285907184"}},{"type":"Feature","geometry":{"type":"LineString","coordinates":[[-73.7373698,45.6120756],[-73.7371816,45.6121753],[-73.7371648,45.6121844],[-73.7371373,45.6121945]]},"properties":{"id":"93e85b3b-46ce-4471-9807-3d5b1277128c","class":"service","subtype":"road","subclass":"parking_aisle","surface":"paved","osm_id":"1286141159"}},{"type":"Feature","geometry":{"type":"LineString","coordinates":[[-73.7372304,45.6123462],[-73.7372585,45.6123374],[-73.737288,45.6123254],[-73.7373403,45.6123006],[-73.7375145,45.6122099]]},"properties":{"id":"b28014c1-eabb-4c45-becd-9368d06b5837","class":"service","subtype":"road","subclass":"parking_aisle","surface":"paved","osm_id":"1286141158"}},{"type":"Feature","geometry":{"type":"LineString","coordinates":[[-73.7370943,45.6125759],[-73.7371944,45.6125421],[-73.7372547,45.6125137],[-73.737326,45.6124745],[-73.7373935,45.6124375],[-73.7375674,45.6123486],[-73.7376287,45.6123159]]},"properties":{"id":"4fa0d0f5-d375-4078-98f8-d2745e43efa9","class":"service","subtype":"road","surface":"paved","osm_id":"1286141134"}},{"type":"Feature","geometry":{"type":"LineString","coordinates":[[-73.7379468,45.6120226],[-73.7381054,45.6119442],[-73.7381931,45.6120265]]},"properties":{"id":"fcd341b9-dc6d-4b2d-be3e-ce16610b3554","class":"service","subtype":"road","subclass":"parking_aisle","surface":"paved","osm_id":"1286141162"}},{"type":"Feature","geometry":{"type":"LineString","coordinates":[[-73.7381054,45.6119442],[-73.7379151,45.6117628],[-73.737762,45.611845],[-73.7379468,45.6120226],[-73.7376501,45.6121753],[-73.7375145,45.6122099]]},"properties":{"id":"fd1f50cf-b602-4849-8df8-12c6c79eb7b0","class":"service","subtype":"road","subclass":"parking_aisle","surface":"paved","osm_id":"1286141163"}},{"type":"Feature","geometry":{"type":"LineString","coordinates":[[-73.7373698,45.6120756],[-73.7374466,45.6120121],[-73.737762,45.611845],[-73.7376202,45.6117093],[-73.7373555,45.6118444]]},"properties":{"id":"53649d7b-a193-4e27-b0da-56942da4ceab","class":"service","subtype":"road","subclass":"parking_aisle","surface":"paved","osm_id":"1286141160"}},{"type":"Feature","geometry":{"type":"LineString","coordinates":[[-73.7388955,45.6128599],[-73.7389789,45.612936]]},"properties":{"id":"e313fec1-05f1-49f2-a0ed-0c5f4d927cf5","class":"service","subtype":"road","subclass":"parking_aisle","surface":"paved","osm_id":"1286141152"}},{"type":"Feature","geometry":{"type":"LineString","coordinates":[[-73.7388191,45.612582],[-73.7389986,45.61275],[-73.7390401,45.6127887]]},"properties":{"id":"b346d4fb-7f72-4683-bc6e-4099f229524d","class":"service","subtype":"road","subclass":"driveway","surface":"paved","osm_id":"1286141150"}},{"type":"Feature","geometry":{"type":"LineString","coordinates":[[-73.7390401,45.6127887],[-73.7391197,45.6128632]]},"properties":{"id":"e150ad28-ea26-4c77-b61d-3bc61e0cbfa0","class":"service","subtype":"road","surface":"paved","osm_id":"1286141151"}},{"type":"Feature","geometry":{"type":"LineString","coordinates":[[-73.7388955,45.6128599],[-73.7386815,45.6126622]]},"properties":{"id":"cf045892-813d-4e90-ab3c-3e1d12286a62","class":"service","subtype":"road","subclass":"driveway","surface":"paved","osm_id":"1286141149"}},{"type":"Feature","geometry":{"type":"LineString","coordinates":[[-73.7385662,45.6131729],[-73.7385435,45.6131616],[-73.7385266,45.6131515],[-73.7385145,45.6131422],[-73.738454,45.6130841],[-73.7383816,45.6130146],[-73.7383114,45.6129494],[-73.7381707,45.6128189],[-73.7381036,45.6127565],[-73.7380283,45.6126867],[-73.7378879,45.6125564],[-73.7377439,45.6124227],[-73.7376708,45.6123549],[-73.7376287,45.6123159],[-73.7375145,45.6122099],[-73.7373698,45.6120756],[-73.7372178,45.6119333]]},"properties":{"id":"766c49b6-d4d9-42ec-91b3-50c9d9c9ac7d","class":"service","subtype":"road","surface":"paved","osm_id":"1286141133"}},{"type":"Feature","geometry":{"type":"LineString","coordinates":[[-73.7377439,45.6124227],[-73.7374254,45.6125946]]},"properties":{"id":"1c6cc6fd-424a-41d4-9f17-8b633c18ced6","class":"service","subtype":"road","subclass":"parking_aisle","surface":"paved","osm_id":"1286141157"}},{"type":"Feature","geometry":{"type":"LineString","coordinates":[[-73.7378879,45.6125564],[-73.7375603,45.6127308]]},"properties":{"id":"0f68b092-4f32-40f1-8774-a47a0a65ee96","class":"service","subtype":"road","subclass":"parking_aisle","surface":"paved","osm_id":"1286141156"}},{"type":"Feature","geometry":{"type":"LineString","coordinates":[[-73.7372178,45.6119333],[-73.737073,45.612008],[-73.7370592,45.6120197],[-73.7370545,45.6120296],[-73.7370529,45.6120417],[-73.737056,45.6120516],[-73.7370623,45.6120671],[-73.7371373,45.6121945],[-73.7372089,45.6123163],[-73.7372304,45.6123462],[-73.7372546,45.6123802],[-73.7372877,45.6124265],[-73.737326,45.6124745],[-73.7373634,45.6125213],[-73.7374075,45.6125754],[-73.7374254,45.6125946],[-73.73748,45.6126537],[-73.7375603,45.6127308],[-73.737699,45.612864],[-73.7378369,45.6129966],[-73.7379723,45.6131266],[-73.738115,45.6132638],[-73.7381846,45.6133306],[-73.738224,45.6133681],[-73.7381443,45.6134149],[-73.7380956,45.6134401],[-73.7379974,45.6134909]]},"properties":{"id":"0f3855b9-01e3-4919-a433-b836072685a2","class":"service","subtype":"road","surface":"paved","osm_id":"1286141131"}},{"type":"Feature","geometry":{"type":"LineString","coordinates":[[-73.7380283,45.6126867],[-73.737699,45.612864]]},"properties":{"id":"321a5928-e20e-4f6a-a150-a7ac88739fcf","class":"service","subtype":"road","subclass":"parking_aisle","surface":"paved","osm_id":"1286141155"}},{"type":"Feature","geometry":{"type":"LineString","coordinates":[[-73.7378369,45.6129966],[-73.7381707,45.6128189]]},"properties":{"id":"e873caf2-ad61-419a-a78b-977ccfec0a0a","class":"service","subtype":"road","subclass":"parking_aisle","surface":"paved","osm_id":"1286141154"}},{"type":"Feature","geometry":{"type":"LineString","coordinates":[[-73.7379723,45.6131266],[-73.7383114,45.6129494]]},"properties":{"id":"fc1f90d3-5348-4877-ae76-571d46dd77de","class":"service","subtype":"road","subclass":"parking_aisle","surface":"paved","osm_id":"1286141153"}},{"type":"Feature","geometry":{"type":"LineString","coordinates":[[-73.738115,45.6132638],[-73.738454,45.6130841],[-73.7388955,45.6128599],[-73.7390401,45.6127887]]},"properties":{"id":"3f44db94-455a-4aad-bb69-643beaddcc43","class":"service","subtype":"road","surface":"paved","osm_id":"1286141148"}},{"type":"Feature","geometry":{"type":"LineString","coordinates":[[-73.738224,45.6133681],[-73.7382806,45.6133369],[-73.7384946,45.6132305],[-73.7385295,45.6132111],[-73.7385429,45.6132004],[-73.7385662,45.6131729],[-73.7385823,45.6131547],[-73.7386056,45.6131353],[-73.7386324,45.6131165],[-73.7386638,45.613099],[-73.7389789,45.612936],[-73.7391197,45.6128632]]},"properties":{"id":"24335d1f-a122-4d64-a6e4-7232594f3e43","class":"service","subtype":"road","surface":"paved","osm_id":"1286141132"}},{"type":"Feature","geometry":{"type":"LineString","coordinates":[[-73.738746,45.6134234],[-73.7384255,45.613587]]},"properties":{"id":"366a4113-0e5b-48c1-9c65-873346c37604","class":"service","subtype":"road","subclass":"parking_aisle","surface":"paved","osm_id":"1286141143"}},{"type":"Feature","geometry":{"type":"LineString","coordinates":[[-73.7385126,45.6136734],[-73.7388384,45.6135054],[-73.7388521,45.6134961],[-73.7388619,45.6134847],[-73.7388672,45.6134719],[-73.7388676,45.6134586],[-73.7388631,45.6134457],[-73.7388397,45.6134205],[-73.7386798,45.6132681],[-73.7386664,45.6132583],[-73.7386498,45.6132513],[-73.7386313,45.6132476],[-73.7386119,45.6132473],[-73.7385931,45.6132506],[-73.7385626,45.6132642],[-73.7382623,45.6134199]]},"properties":{"id":"daf6d6d4-023e-4622-855d-8619c592b30a","class":"service","subtype":"road","surface":"paved","osm_id":"1286141144","oneway":"yes"}},{"type":"Feature","geometry":{"type":"LineString","coordinates":[[-73.7378438,45.6139818],[-73.7377006,45.613842],[-73.737552,45.6136969]]},"properties":{"id":"2d756e8d-3fcb-45c1-99a4-2bcb50bd65cf","class":"service","subtype":"road","subclass":"driveway","surface":"paved","osm_id":"1286141176"}},{"type":"Feature","geometry":{"type":"LineString","coordinates":[[-73.7377006,45.613842],[-73.738031,45.613662],[-73.7381241,45.6136113]]},"properties":{"id":"f1da630f-2b33-49d2-bece-015cdc5f68b4","class":"service","subtype":"road","subclass":"driveway","surface":"paved","osm_id":"1286141177"}},{"type":"Feature","geometry":{"type":"LineString","coordinates":[[-73.7400603,45.6154545],[-73.7400102,45.6154065],[-73.7399953,45.6153923],[-73.7399776,45.6153754],[-73.7397813,45.615188],[-73.7396413,45.6150544],[-73.7395453,45.6149626],[-73.7392657,45.614697],[-73.7390449,45.6144872],[-73.7388736,45.6143244],[-73.738773,45.6142288],[-73.7387137,45.6141724],[-73.7384308,45.6139034],[-73.7381241,45.6136113],[-73.7380786,45.6135681],[-73.7379974,45.6134909],[-73.7376298,45.6131411],[-73.7375699,45.6130826],[-73.7375226,45.6130388],[-73.7374705,45.6129879],[-73.7374098,45.6129289],[-73.7373648,45.6128828],[-73.7372982,45.6128087],[-73.7372511,45.6127553],[-73.7372309,45.6127325],[-73.7371852,45.6126807],[-73.7371568,45.6126485],[-73.7371269,45.6126122],[-73.7370943,45.6125759],[-73.7370578,45.6125333],[-73.7370213,45.6124871],[-73.7369659,45.6124094],[-73.736913,45.6123308],[-73.7368782,45.6122756],[-73.7368389,45.6122088],[-73.7368022,45.612143],[-73.7367669,45.6120769],[-73.7367294,45.6120001],[-73.7367125,45.6119582]]},"properties":{"id":"7f1e8619-17c9-47cc-bf35-30787282b7d8","name":"Boulevard des Laurentides","class":"secondary","subtype":"road","surface":"paved","osm_id":"455260226"}},{"type":"Feature","geometry":{"type":"LineString","coordinates":[[-73.7402489,45.6147594],[-73.7402519,45.6147082],[-73.7389987,45.6135311],[-73.7385868,45.613747]]},"properties":{"id":"47ce5752-c4b8-4a0e-a3d8-4b768df4fc8d","class":"service","subtype":"road","surface":"paved","osm_id":"1286141140"}},{"type":"Feature","geometry":{"type":"LineString","coordinates":[[-73.7402489,45.6147594],[-73.7400887,45.6146027]]},"properties":{"id":"3acedda9-da83-4ce2-8228-d126a5f081ef","class":"service","subtype":"road","surface":"paved","osm_id":"1286141139"}},{"type":"Feature","geometry":{"type":"LineString","coordinates":[[-73.7398118,45.6149712],[-73.7398595,45.6149587],[-73.7399207,45.6149274],[-73.7400481,45.6148621],[-73.7402489,45.6147594],[-73.7405049,45.6150049],[-73.7406019,45.6150979],[-73.7406497,45.6151432]]},"properties":{"id":"d67e2f96-f6f4-4b3e-b708-3eaa424271f9","class":"service","subtype":"road","surface":"paved","osm_id":"1286141138"}},{"type":"Feature","geometry":{"type":"LineString","coordinates":[[-73.7403049,45.615106],[-73.7400481,45.6148621]]},"properties":{"id":"8a51e33b-0ce2-478e-ada6-2b6e956e0a15","class":"service","subtype":"road","subclass":"parking_aisle","surface":"paved","osm_id":"1286141142"}},{"type":"Feature","geometry":{"type":"LineString","coordinates":[[-73.7405049,45.6150049],[-73.7403049,45.615106],[-73.7401176,45.6152008],[-73.7398595,45.6149587]]},"properties":{"id":"602f8b58-8f48-495f-b095-851a040dbbc6","class":"service","subtype":"road","subclass":"parking_aisle","surface":"paved","osm_id":"1286141141"}},{"type":"Feature","geometry":{"type":"LineString","coordinates":[[-73.7390449,45.6144872],[-73.7389487,45.6145363],[-73.7388427,45.6145905],[-73.7389716,45.6147126],[-73.7390583,45.6147949],[-73.7393428,45.6150646],[-73.7394485,45.6150114],[-73.7395453,45.6149626]]},"properties":{"id":"2d982c32-7315-4927-bebb-84fa14526a69","class":"service","subtype":"road","surface":"paved","osm_id":"1286141182","oneway":"yes"}},{"type":"Feature","geometry":{"type":"LineString","coordinates":[[-73.7392526,45.6152539],[-73.7395436,45.6151046],[-73.7396413,45.6150544],[-73.7397375,45.6150075],[-73.7398118,45.6149712],[-73.739776,45.6149336],[-73.7397104,45.6148718],[-73.7394812,45.6146557],[-73.7394477,45.614606],[-73.7394855,45.6145807],[-73.7395999,45.6145214],[-73.7396118,45.6145133],[-73.7396195,45.6145029],[-73.7396222,45.6144915],[-73.7396197,45.6144799],[-73.7396044,45.614462],[-73.7392792,45.6141458],[-73.7391345,45.6140153],[-73.7391233,45.6140075],[-73.7391096,45.6140019],[-73.7390945,45.6139989],[-73.7390787,45.6139986],[-73.7390633,45.6140011],[-73.7390434,45.6140091],[-73.7389158,45.6140712],[-73.7388115,45.6141234],[-73.7387137,45.6141724]]},"properties":{"id":"783b9154-fb33-4b2c-99a3-da17ea4f87c5","class":"service","subtype":"road","surface":"paved","osm_id":"1286141186"}},{"type":"Feature","geometry":{"type":"LineString","coordinates":[[-73.7386955,45.6148549],[-73.7389716,45.6147126]]},"properties":{"id":"89f95929-fdfa-46c0-adf0-120b664123da","class":"service","subtype":"road","subclass":"parking_aisle","surface":"paved","osm_id":"1286141185"}},{"type":"Feature","geometry":{"type":"LineString","coordinates":[[-73.7371081,45.6139611],[-73.7390823,45.6158016],[-73.739153,45.6158725]]},"properties":{"id":"6752a763-ae22-4af8-8ab2-0c457a0d2eff","name":"Rue de Milan","class":"residential","subtype":"road","surface":"paved","osm_id":"1293096221"}},{"type":"Feature","geometry":{"type":"LineString","coordinates":[[-73.7382935,45.6144735],[-73.7384394,45.6143993],[-73.7386318,45.6142963],[-73.7387396,45.6143929]]},"properties":{"id":"47a27be8-a539-4d5f-a7d5-f9aac939a45a","class":"service","subtype":"road","subclass":"parking_aisle","surface":"paved","osm_id":"1286141181"}},{"type":"Feature","geometry":{"type":"LineString","coordinates":[[-73.7386623,45.6146025],[-73.7385416,45.614494],[-73.7384394,45.6143993]]},"properties":{"id":"b976bdb1-3ca9-4188-a580-b099f575bccc","class":"service","subtype":"road","subclass":"parking_aisle","surface":"paved","osm_id":"1286141180"}},{"type":"Feature","geometry":{"type":"LineString","coordinates":[[-73.7388736,45.6143244],[-73.738778,45.6143733],[-73.7387396,45.6143929],[-73.7385416,45.614494]]},"properties":{"id":"12413e95-24ae-4d1f-8c8e-6071ac951424","class":"service","subtype":"road","subclass":"parking_aisle","surface":"paved","osm_id":"1286141179"}},{"type":"Feature","geometry":{"type":"LineString","coordinates":[[-73.7381662,45.6142731],[-73.738007,45.6141209],[-73.7383351,45.6139526],[-73.7384308,45.6139034]]},"properties":{"id":"1a6322f7-a338-4980-b0fe-d09796816629","class":"service","subtype":"road","subclass":"driveway","surface":"paved","osm_id":"1286141178"}},{"type":"Feature","geometry":{"type":"LineString","coordinates":[[-73.738224,45.6133681],[-73.7382623,45.6134199],[-73.7382766,45.6134393],[-73.7384255,45.613587],[-73.7385126,45.6136734],[-73.7385405,45.6137011],[-73.7385868,45.613747],[-73.7388749,45.6140258],[-73.7389158,45.6140712],[-73.738951,45.6141103],[-73.7394194,45.6145548],[-73.7394477,45.614606],[-73.7394119,45.61463],[-73.7393654,45.6146522],[-73.7392657,45.614697],[-73.7391642,45.6147404],[-73.7390583,45.6147949]]},"properties":{"id":"c1edac69-79b1-45e7-b6c7-5ad8962af525","class":"service","subtype":"road","surface":"paved","osm_id":"1286141135","oneway":"yes"}},{"type":"Feature","geometry":{"type":"LineString","coordinates":[[-73.7363822,45.6143497],[-73.7359597,45.6139465]]},"properties":{"id":"fe3728fa-051f-4578-8435-c62e7efbb01c","name":"Rue de Gruyères","class":"residential","subtype":"road","surface":"paved","osm_id":"44807552"}},{"type":"Feature","geometry":{"type":"LineString","coordinates":[[-73.7371081,45.6139611],[-73.7363822,45.6143497]]},"properties":{"id":"4940c9fe-1002-470c-82ee-c3b781c50c9a","name":"Rue de Bourgogne","class":"residential","subtype":"road","surface":"paved","osm_id":"44807555"}},{"type":"Feature","geometry":{"type":"LineString","coordinates":[[-73.7370195,45.6150441],[-73.7368086,45.6147654],[-73.7363822,45.6143497]]},"properties":{"id":"43022806-5ab1-4b01-9e25-bc4a8787e9a6","name":"Rue de Gruyères","class":"residential","subtype":"road","surface":"paved","osm_id":"44807552"}},{"type":"Feature","geometry":{"type":"LineString","coordinates":[[-73.7354176,45.6164626],[-73.7361081,45.6160821],[-73.7361853,45.615914],[-73.7362025,45.6156799],[-73.7361939,45.6155118],[-73.7361767,45.6153016],[-73.7360738,45.6151575],[-73.735945,45.6150074],[-73.7356789,45.6147733],[-73.7353611,45.6145052],[-73.7352927,45.6144148],[-73.7352544,45.6143415],[-73.7353024,45.6142688],[-73.7359597,45.6139465]]},"properties":{"id":"ea056363-57e7-4df8-bd87-4d359b96ac55","name":"Rue de Varsovie","class":"residential","subtype":"road","surface":"paved","osm_id":"44807548"}},{"type":"Feature","geometry":{"type":"LineString","coordinates":[[-73.7359597,45.6139465],[-73.735327,45.6133684],[-73.7346354,45.6132714]]},"properties":{"id":"c1ead902-a74c-44ff-a2c2-f039ecb18844","name":"Rue de Gruyères","class":"residential","subtype":"road","surface":"paved","osm_id":"44807552"}},{"type":"Feature","geometry":{"type":"LineString","coordinates":[[-73.7346354,45.6132714],[-73.7347192,45.613143],[-73.7347681,45.6130757],[-73.7348604,45.6129958],[-73.7354387,45.6127059],[-73.7355931,45.612654],[-73.7357178,45.6126811],[-73.7371081,45.6139611]]},"properties":{"id":"0fc4deb4-eb6b-4273-aa46-3bb868cb271e","name":"Rue de Milan","class":"residential","subtype":"road","surface":"paved","osm_id":"1293096221"}},{"type":"Feature","geometry":{"type":"LineString","coordinates":[[-73.7370811,45.6133369],[-73.7374734,45.6131328],[-73.7375699,45.6130826]]},"properties":{"id":"5142cf02-0872-4bbe-a474-d8d9d9d0bc6e","class":"service","subtype":"road","subclass":"driveway","surface":"paved","osm_id":"1286141175"}},{"type":"Feature","geometry":{"type":"LineString","coordinates":[[-73.7372309,45.6127325],[-73.7371225,45.6127834],[-73.7370104,45.6128396],[-73.7368904,45.612731],[-73.7366934,45.6128332],[-73.7367651,45.6129017]]},"properties":{"id":"253670b5-b544-4698-9fa9-869645d0ac55","class":"service","subtype":"road","subclass":"driveway","surface":"paved","osm_id":"1286141174"}},{"type":"Feature","geometry":{"type":"LineString","coordinates":[[-73.7366738,45.6124317],[-73.7368199,45.6125695],[-73.7369145,45.6125287],[-73.7370213,45.6124871]]},"properties":{"id":"42c2b089-b982-4ff8-ac28-4038ce2b24b5","class":"service","subtype":"road","subclass":"driveway","surface":"paved","osm_id":"1286141171"}},{"type":"Feature","geometry":{"type":"LineString","coordinates":[[-73.7366216,45.61271],[-73.7368052,45.6126181]]},"properties":{"id":"06d1b636-e190-429d-9316-d7607acd48a7","class":"service","subtype":"road","subclass":"driveway","surface":"paved","osm_id":"1286141173"}},{"type":"Feature","geometry":{"type":"LineString","coordinates":[[-73.7368199,45.6125695],[-73.7368052,45.6126181],[-73.7367821,45.6126945],[-73.7365746,45.6128068],[-73.7364846,45.6127219]]},"properties":{"id":"df54013c-c979-4224-bf51-44f96db829be","class":"service","subtype":"road","subclass":"driveway","surface":"paved","osm_id":"1286141172"}},{"type":"Feature","geometry":{"type":"LineString","coordinates":[[-73.7337831,45.6130039],[-73.7333629,45.6125798]]},"properties":{"id":"b20faf07-c55d-467b-9dc2-c24ff9e1f5a0","class":"service","subtype":"road","subclass":"parking_aisle","osm_id":"1204240000"}},{"type":"Feature","geometry":{"type":"LineString","coordinates":[[-73.7339717,45.6127026],[-73.7336444,45.6124048]]},"properties":{"id":"cab72c40-97d5-4360-9d4b-c9ab85ef5502","class":"service","subtype":"road","subclass":"driveway","surface":"paved","osm_id":"1285907217"}},{"type":"Feature","geometry":{"type":"LineString","coordinates":[[-73.7329719,45.6129718],[-73.7332967,45.612807],[-73.7331722,45.6126798]]},"properties":{"id":"18f498ee-84fc-4257-ba60-75e6e7773469","class":"service","subtype":"road","subclass":"parking_aisle","osm_id":"1204240002"}},{"type":"Feature","geometry":{"type":"LineString","coordinates":[[-73.7327262,45.6127545],[-73.7328463,45.6128506]]},"properties":{"id":"50c507de-2dfa-4262-abd4-f7e3cb61282c","name":"Rue Marc","class":"residential","subtype":"road","surface":"paved","osm_id":"41337739"}},{"type":"Feature","geometry":{"type":"LineString","coordinates":[[-73.7327262,45.6127545],[-73.7319379,45.6132108]]},"properties":{"id":"d1828588-051f-4dd9-955c-d52d8149a8f5","name":"Boulevard Bellerose Est","class":"tertiary","subtype":"road","surface":"paved","osm_id":"1285907181","oneway":"yes"}},{"type":"Feature","geometry":{"type":"LineString","coordinates":[[-73.7320573,45.6133073],[-73.7324311,45.6130909],[-73.7328463,45.6128506]]},"properties":{"id":"fbbbdfba-d9c8-49c7-9bc6-9b96de762481","name":"Boulevard Bellerose Est","class":"tertiary","subtype":"road","surface":"paved","osm_id":"41337635","oneway":"yes"}},{"type":"Feature","geometry":{"type":"LineString","coordinates":[[-73.7328463,45.6128506],[-73.7329719,45.6129718],[-73.7330233,45.6130213],[-73.7336638,45.6136389]]},"properties":{"id":"a990bda3-45fe-46a6-b299-516062924c27","name":"Rue Marc","class":"residential","subtype":"road","surface":"paved","osm_id":"41337739"}},{"type":"Feature","geometry":{"type":"LineString","coordinates":[[-73.7324311,45.6130909],[-73.7326623,45.6133095],[-73.7327242,45.613277]]},"properties":{"id":"9be33477-7b67-420f-8761-218b7340f965","class":"service","subtype":"road","subclass":"parking_aisle","osm_id":"1204240005"}},{"type":"Feature","geometry":{"type":"LineString","coordinates":[[-73.7325906,45.6136022],[-73.7323772,45.6137243],[-73.7322981,45.6137187],[-73.7319337,45.6133889]]},"properties":{"id":"fc47abef-f66f-4283-9df5-002457fe19c8","class":"service","subtype":"road","subclass":"parking_aisle","osm_id":"1204240007"}},{"type":"Feature","geometry":{"type":"LineString","coordinates":[[-73.7336638,45.6136389],[-73.7332242,45.6138727],[-73.7329027,45.6139703]]},"properties":{"id":"bdf0ff49-0247-45a3-a89e-2a61c6944d30","name":"Rue Byron","class":"residential","subtype":"road","surface":"paved","osm_id":"44807549"}},{"type":"Feature","geometry":{"type":"LineString","coordinates":[[-73.7336638,45.6136389],[-73.7339488,45.6138955]]},"properties":{"id":"31dff745-849c-4781-9a61-300ce885938d","name":"Rue Marc","class":"residential","subtype":"road","surface":"paved","osm_id":"41337739"}},{"type":"Feature","geometry":{"type":"LineString","coordinates":[[-73.7346354,45.6132714],[-73.7345433,45.6135275],[-73.7343371,45.6137012],[-73.7339488,45.6138955]]},"properties":{"id":"1cc328fc-1f22-43ed-8825-1b7d1c8570da","name":"Rue de Milan","class":"residential","subtype":"road","surface":"paved","osm_id":"44807545"}},{"type":"Feature","geometry":{"type":"LineString","coordinates":[[-73.7339488,45.6138955],[-73.7342293,45.6143289],[-73.7342827,45.6145046],[-73.7343576,45.6147512],[-73.7343979,45.6152022]]},"properties":{"id":"d3df7c6a-8653-4b2c-9a18-904095196a66","name":"Rue Marc","class":"residential","subtype":"road","surface":"paved","osm_id":"41337739"}},{"type":"Feature","geometry":{"type":"LineString","coordinates":[[-73.7329027,45.6139703],[-73.7325129,45.6140952],[-73.7323357,45.6141854],[-73.7321255,45.6143651],[-73.7319325,45.6145166]]},"properties":{"id":"6b859bed-2b8f-4f55-920a-4ad02506896d","name":"Rue Byron","class":"residential","subtype":"road","surface":"paved","osm_id":"44807549"}},{"type":"Feature","geometry":{"type":"LineString","coordinates":[[-73.7319325,45.6145166],[-73.7314904,45.6148754],[-73.7312466,45.6150322]]},"properties":{"id":"9b05f375-412b-4b06-b0d8-3a81f0a620d7","name":"Rue Byron","class":"residential","subtype":"road","surface":"paved","osm_id":"44807549"}},{"type":"Feature","geometry":{"type":"LineString","coordinates":[[-73.7312466,45.6150322],[-73.730424,45.6143857]]},"properties":{"id":"78b4c01f-9c82-4b4f-98d2-6fd2cb6829c7","name":"Rue de Lorca","class":"residential","subtype":"road","surface":"paved","osm_id":"44808381"}},{"type":"Feature","geometry":{"type":"LineString","coordinates":[[-73.7299642,45.6147054],[-73.7303372,45.6149656]]},"properties":{"id":"1bd91c91-2eaf-49b6-a546-87440f309fb5","class":"service","subtype":"road","subclass":"parking_aisle","osm_id":"1204240342"}},{"type":"Feature","geometry":{"type":"LineString","coordinates":[[-73.7300709,45.6150003],[-73.7298154,45.6148062]]},"properties":{"id":"4ac60a0d-0943-421f-950c-dd7c4bd6d7ea","class":"service","subtype":"road","subclass":"parking_aisle","osm_id":"1204240344"}},{"type":"Feature","geometry":{"type":"LineString","coordinates":[[-73.7293831,45.6150504],[-73.7296195,45.6152841],[-73.729807,45.6151999]]},"properties":{"id":"2372b46d-3c11-4294-9346-fb58a6cdaf58","class":"service","subtype":"road","subclass":"parking_aisle","osm_id":"1204240347"}},{"type":"Feature","geometry":{"type":"LineString","coordinates":[[-73.7284756,45.6154303],[-73.7287193,45.6153283],[-73.7293831,45.6150504],[-73.7298154,45.6148062],[-73.7298351,45.6147951],[-73.7299642,45.6147054],[-73.730424,45.6143857]]},"properties":{"id":"d522ef53-5662-49ca-9e54-c785ce933539","name":"Boulevard Bellerose Est","class":"tertiary","subtype":"road","surface":"paved","osm_id":"41337635","oneway":"yes"}},{"type":"Feature","geometry":{"type":"LineString","coordinates":[[-73.7303038,45.6143016],[-73.729939,45.6145522],[-73.7299243,45.6145623],[-73.7297369,45.614691],[-73.7292599,45.6149701],[-73.7283872,45.6153591]]},"properties":{"id":"768b2146-ce95-47c3-96e3-98b592009bc8","name":"Boulevard Bellerose Est","class":"tertiary","subtype":"road","surface":"paved","osm_id":"1285907181","oneway":"yes"}},{"type":"Feature","geometry":{"type":"LineString","coordinates":[[-73.730424,45.6143857],[-73.7303038,45.6143016]]},"properties":{"id":"3c0ab939-f31d-47fb-a09e-658fc0dfb89b","name":"Rue de Lorca","class":"residential","subtype":"road","surface":"paved","osm_id":"44808381"}},{"type":"Feature","geometry":{"type":"LineString","coordinates":[[-73.7301829,45.6142137],[-73.7303038,45.6143016]]},"properties":{"id":"6aabceee-0bc4-40f8-bb73-11a27a0f0a61","class":"service","subtype":"road","osm_id":"1201791567"}},{"type":"Feature","geometry":{"type":"LineString","coordinates":[[-73.7311158,45.6136074],[-73.7303227,45.6140991],[-73.7302371,45.6141786],[-73.7301829,45.6142137],[-73.7298104,45.6144553],[-73.729939,45.6145522]]},"properties":{"id":"3606f8be-a140-4bf7-a980-1abf2ee088c3","class":"service","subtype":"road","subclass":"parking_aisle","osm_id":"1201791566"}},{"type":"Feature","geometry":{"type":"LineString","coordinates":[[-73.7319379,45.6132108],[-73.7313012,45.6126366],[-73.7310884,45.6126268],[-73.7279392,45.6147659],[-73.7279349,45.6148344],[-73.7279293,45.614924],[-73.7283872,45.6153591]]},"properties":{"id":"0923798f-1e24-467b-ac75-583062004261","name":"Rue De Gentilly","class":"residential","subtype":"road","surface":"paved","osm_id":"45286584"}},{"type":"Feature","geometry":{"type":"LineString","coordinates":[[-73.7312637,45.6135064],[-73.7311158,45.6136074]]},"properties":{"id":"5b26f270-69fe-4250-aa38-14f775690612","class":"service","subtype":"road","subclass":"parking_aisle","osm_id":"1201791565"}},{"type":"Feature","geometry":{"type":"LineString","coordinates":[[-73.731219,45.6136907],[-73.7311158,45.6136074]]},"properties":{"id":"68a6748c-e157-4616-a10e-5d252d9898ba","class":"service","subtype":"road","osm_id":"1201791564"}},{"type":"Feature","geometry":{"type":"LineString","coordinates":[[-73.7319379,45.6132108],[-73.7314917,45.6135087],[-73.731219,45.6136907],[-73.7303038,45.6143016]]},"properties":{"id":"69601c26-7a67-4189-83cf-8eaed43b8ce1","name":"Boulevard Bellerose Est","class":"tertiary","subtype":"road","surface":"paved","osm_id":"1285907181","oneway":"yes"}},{"type":"Feature","geometry":{"type":"LineString","coordinates":[[-73.730424,45.6143857],[-73.7315923,45.6136143],[-73.7316601,45.6135696],[-73.7319337,45.6133889],[-73.7320573,45.6133073]]},"properties":{"id":"f1e3e9ec-86d2-4f9a-a0eb-4bddeaa7577f","name":"Boulevard Bellerose Est","class":"tertiary","subtype":"road","surface":"paved","osm_id":"41337635","oneway":"yes"}},{"type":"Feature","geometry":{"type":"LineString","coordinates":[[-73.7315923,45.6136143],[-73.7319543,45.6138691],[-73.731799,45.6139798]]},"properties":{"id":"bbfb979c-3129-4db1-a666-6138f73215f8","class":"service","subtype":"road","subclass":"parking_aisle","osm_id":"1204240010"}},{"type":"Feature","geometry":{"type":"LineString","coordinates":[[-73.7316601,45.6135696],[-73.7320274,45.6138358],[-73.7321762,45.6137315]]},"properties":{"id":"79b3a796-db55-4a8d-8428-c1f2d25c4ffa","class":"service","subtype":"road","subclass":"parking_aisle","osm_id":"1204240008"}},{"type":"Feature","geometry":{"type":"LineString","coordinates":[[-73.7320573,45.6133073],[-73.7319379,45.6132108]]},"properties":{"id":"84bd3c0d-1457-48da-8af3-6048e65cd5c3","name":"Rue De Gentilly","class":"residential","subtype":"road","surface":"paved","osm_id":"45286584"}},{"type":"Feature","geometry":{"type":"LineString","coordinates":[[-73.7311158,45.6136074],[-73.7307954,45.6133775],[-73.7309659,45.6132648],[-73.7312637,45.6135064]]},"properties":{"id":"07bd3281-2155-45d4-be9a-8b69697edd37","class":"service","subtype":"road","subclass":"parking_aisle","osm_id":"1201791565"}},{"type":"Feature","geometry":{"type":"LineString","coordinates":[[-73.7316084,45.6116839],[-73.7327262,45.6127545]]},"properties":{"id":"047ead66-d5db-485d-8646-783caa299084","name":"Rue Marc","class":"residential","subtype":"road","surface":"paved","osm_id":"1388838763"}},{"type":"Feature","geometry":{"type":"LineString","coordinates":[[-73.7328463,45.6128506],[-73.7331722,45.6126798],[-73.7333629,45.6125798],[-73.7336444,45.6124048],[-73.7340023,45.6122178],[-73.7342969,45.612064],[-73.734356,45.6120309]]},"properties":{"id":"5c6b9c0e-63e4-499f-9a66-97a31a1ff577","name":"Boulevard Bellerose Est","class":"tertiary","subtype":"road","surface":"paved","osm_id":"41337635","oneway":"yes"}},{"type":"Feature","geometry":{"type":"LineString","coordinates":[[-73.7342933,45.6119738],[-73.7342238,45.6120091],[-73.7334924,45.6123899],[-73.7327262,45.6127545]]},"properties":{"id":"905b2a25-70d8-4c52-947d-c963c2208a5c","name":"Boulevard Bellerose Est","class":"tertiary","subtype":"road","surface":"paved","osm_id":"1285907181","oneway":"yes"}},{"type":"Feature","geometry":{"type":"LineString","coordinates":[[-73.7343327,45.612524],[-73.7340023,45.6122178]]},"properties":{"id":"e49dffba-2da1-4b3a-a4a3-1f4c0a743c6e","class":"service","subtype":"road","subclass":"driveway","surface":"paved","osm_id":"1285907216"}},{"type":"Feature","geometry":{"type":"LineString","coordinates":[[-73.734356,45.6120309],[-73.7342933,45.6119738]]},"properties":{"id":"260f673c-5bdf-4658-b037-6c585cd6415a","name":"Rue De Montigny","class":"residential","subtype":"road","surface":"paved","osm_id":"45286542"}},{"type":"Feature","geometry":{"type":"LineString","coordinates":[[-73.7342933,45.6119738],[-73.7342687,45.6119516],[-73.734229,45.6119138],[-73.7342109,45.6118966],[-73.7342053,45.6118912],[-73.733934,45.611626],[-73.7334156,45.6111193]]},"properties":{"id":"a8560e9d-b6e8-4416-80a1-e78541538b71","name":"Rue De Montigny","class":"residential","subtype":"road","surface":"paved","osm_id":"1285907182"}},{"type":"Feature","geometry":{"type":"LineString","coordinates":[[-73.7341093,45.6115334],[-73.733934,45.611626]]},"properties":{"id":"60e739fc-c840-4f86-a1ac-a70a2ae516ff","class":"service","subtype":"road","subclass":"driveway","surface":"paved","osm_id":"1285907215"}},{"type":"Feature","geometry":{"type":"LineString","coordinates":[[-73.7344198,45.6113646],[-73.7347314,45.6116679],[-73.7347851,45.6117165]]},"properties":{"id":"0532fbed-8f3a-45f2-bef5-85b015104a3a","class":"service","subtype":"road","subclass":"driveway","surface":"paved","osm_id":"1201790672"}},{"type":"Feature","geometry":{"type":"LineString","coordinates":[[-73.7340466,45.6106937],[-73.7343273,45.6109398],[-73.7343935,45.6109287],[-73.7344193,45.6108809],[-73.734183,45.6106543],[-73.7341096,45.6106555]]},"properties":{"id":"8a81b9e1-ed98-4aa6-ae5e-a63081fa8c76","name":"Rue De Castille","class":"residential","subtype":"road","surface":"paved","osm_id":"45286543"}},{"type":"Feature","geometry":{"type":"Point","coordinates":[-73.7458373,45.6097642]},"properties":{"id":"68b0def7-361a-4724-8bf8-ccd391cb709d","type":"connector"}},{"type":"Feature","geometry":{"type":"Point","coordinates":[-73.7459154,45.6102871]},"properties":{"id":"de60966a-b36c-433c-b051-43854d834b60","type":"connector"}},{"type":"Feature","geometry":{"type":"Point","coordinates":[-73.7462006,45.613905]},"properties":{"id":"74b312e6-d5c3-4260-bebe-856a71527a41","type":"connector"}},{"type":"Feature","geometry":{"type":"Point","coordinates":[-73.7457665,45.6133285]},"properties":{"id":"1b82eb4c-9c9e-4adf-87ff-a253708dc5f4","type":"connector"}},{"type":"Feature","geometry":{"type":"Point","coordinates":[-73.7462423,45.6130977]},"properties":{"id":"c1e5fcf6-3f79-4f00-8c8e-eecdb2c49314","type":"connector"}},{"type":"Feature","geometry":{"type":"Point","coordinates":[-73.7456603,45.6125522]},"properties":{"id":"3cbb3bbe-baeb-47d6-a785-eadeb6322699","type":"connector"}},{"type":"Feature","geometry":{"type":"Point","coordinates":[-73.7457145,45.6126031]},"properties":{"id":"95e1ba08-e1f1-4d02-b393-8ae7e604380b","type":"connector"}},{"type":"Feature","geometry":{"type":"Point","coordinates":[-73.745641,45.6133894]},"properties":{"id":"f1d19e1e-bd0e-4ac2-bbc3-5066a9c2eb09","type":"connector"}},{"type":"Feature","geometry":{"type":"Point","coordinates":[-73.7446325,45.6147525]},"properties":{"id":"5e65de53-730d-4011-ab46-717127a2c8fd","type":"connector"}},{"type":"Feature","geometry":{"type":"Point","coordinates":[-73.743872,45.6151907]},"properties":{"id":"984b5d18-bbd8-4d64-9c51-794256f9cec8","type":"connector"}},{"type":"Feature","geometry":{"type":"Point","coordinates":[-73.7430105,45.6142966]},"properties":{"id":"e7369561-aec3-4730-b0c0-b24468859d15","type":"connector"}},{"type":"Feature","geometry":{"type":"Point","coordinates":[-73.7433851,45.6142781]},"properties":{"id":"f141d097-2e48-44ec-9722-a28c5ca5b3b9","type":"connector"}},{"type":"Feature","geometry":{"type":"Point","coordinates":[-73.7425712,45.6140585]},"properties":{"id":"7da3b174-71c7-49a9-88a3-0b1ea7585f11","type":"connector"}},{"type":"Feature","geometry":{"type":"Point","coordinates":[-73.7422263,45.6139465]},"properties":{"id":"45e0de66-832e-4ab5-8c5f-816b4e8f0c46","type":"connector"}},{"type":"Feature","geometry":{"type":"Point","coordinates":[-73.7418243,45.6141546]},"properties":{"id":"5bbfba26-6a78-481c-8900-8db12362d559","type":"connector"}},{"type":"Feature","geometry":{"type":"Point","coordinates":[-73.7420146,45.6140561]},"properties":{"id":"89707338-5081-4de1-8aeb-099a89743bc2","type":"connector"}},{"type":"Feature","geometry":{"type":"Point","coordinates":[-73.7418229,45.614485]},"properties":{"id":"d182ff76-2eb3-4a5d-92ef-4e044477908a","type":"connector"}},{"type":"Feature","geometry":{"type":"Point","coordinates":[-73.7419425,45.614487]},"properties":{"id":"644fa296-4e37-4e5a-8838-d648976fe66f","type":"connector"}},{"type":"Feature","geometry":{"type":"Point","coordinates":[-73.741865,45.6145232]},"properties":{"id":"73a21bae-a0d6-441e-8ae5-a76a26680e8c","type":"connector"}},{"type":"Feature","geometry":{"type":"Point","coordinates":[-73.7422617,45.6143912]},"properties":{"id":"0287ecff-9741-4008-8e0e-94706e80bc23","type":"connector"}},{"type":"Feature","geometry":{"type":"Point","coordinates":[-73.742278,45.6152176]},"properties":{"id":"7783e039-6286-40cf-907d-aa12b665efec","type":"connector"}},{"type":"Feature","geometry":{"type":"Point","coordinates":[-73.7420457,45.6151782]},"properties":{"id":"ca9c3f7d-70ac-4fd8-a5a5-d622523495df","type":"connector"}},{"type":"Feature","geometry":{"type":"Point","coordinates":[-73.7419378,45.6145883]},"properties":{"id":"7be298f0-f9f6-4570-8125-099c82bcd4f4","type":"connector"}},{"type":"Feature","geometry":{"type":"Point","coordinates":[-73.741775,45.6145656]},"properties":{"id":"d94dea18-85f8-4b0f-9197-9df706559502","type":"connector"}},{"type":"Feature","geometry":{"type":"Point","coordinates":[-73.7415974,45.6146522]},"properties":{"id":"845c7720-4748-46ec-a411-3a314556f6b6","type":"connector"}},{"type":"Feature","geometry":{"type":"Point","coordinates":[-73.741135,45.6148022]},"properties":{"id":"58326762-4143-486e-b2ff-575e3998ed75","type":"connector"}},{"type":"Feature","geometry":{"type":"Point","coordinates":[-73.7410706,45.6147839]},"properties":{"id":"2dfc3c4e-f7d0-4d10-b184-1fc61a7537a6","type":"connector"}},{"type":"Feature","geometry":{"type":"Point","coordinates":[-73.7410493,45.6148453]},"properties":{"id":"f26a225c-ad3c-4537-a4a3-c34491b9e485","type":"connector"}},{"type":"Feature","geometry":{"type":"Point","coordinates":[-73.7409508,45.6148335]},"properties":{"id":"1a554190-e7ac-43cd-bba4-877715a2ef67","type":"connector"}},{"type":"Feature","geometry":{"type":"Point","coordinates":[-73.7409662,45.6148872]},"properties":{"id":"069a82b1-8e02-4beb-aed1-6c086c65147b","type":"connector"}},{"type":"Feature","geometry":{"type":"Point","coordinates":[-73.7410753,45.6148702]},"properties":{"id":"d668172d-f2f5-449c-82db-a062003d4f87","type":"connector"}},{"type":"Feature","geometry":{"type":"Point","coordinates":[-73.7411704,45.6148685]},"properties":{"id":"1a1a3f38-806e-4ab4-9f49-7fe4a6f6fd74","type":"connector"}},{"type":"Feature","geometry":{"type":"Point","coordinates":[-73.7413839,45.6151885]},"properties":{"id":"0fd4b004-f05a-4497-a86d-7286ab04a4fd","type":"connector"}},{"type":"Feature","geometry":{"type":"Point","coordinates":[-73.7413096,45.6151168]},"properties":{"id":"7ae598b0-2aab-45dd-b07a-103dc39bc0d4","type":"connector"}},{"type":"Feature","geometry":{"type":"Point","coordinates":[-73.7412649,45.6150737]},"properties":{"id":"a78d1d8f-1a2d-445d-a3ce-21ff98436ad8","type":"connector"}},{"type":"Feature","geometry":{"type":"Point","coordinates":[-73.7410926,45.6149904]},"properties":{"id":"797accfc-0c42-46e1-9acd-5fe3157fe21e","type":"connector"}},{"type":"Feature","geometry":{"type":"Point","coordinates":[-73.7411484,45.6149613]},"properties":{"id":"1dc48539-25be-4005-8118-2792009f637c","type":"connector"}},{"type":"Feature","geometry":{"type":"Point","coordinates":[-73.7411077,45.6149011]},"properties":{"id":"e394eacf-6087-4412-8c4a-23debf8665ea","type":"connector"}},{"type":"Feature","geometry":{"type":"Point","coordinates":[-73.7410315,45.6149405]},"properties":{"id":"349747e7-9677-41cb-86bc-ce1781a3a599","type":"connector"}},{"type":"Feature","geometry":{"type":"Point","coordinates":[-73.7407927,45.6151459]},"properties":{"id":"0474e712-2ce7-4ac1-ac2d-406582bebf60","type":"connector"}},{"type":"Feature","geometry":{"type":"Point","coordinates":[-73.7406497,45.6151432]},"properties":{"id":"9812ec41-ef93-4586-8490-3c81bfd5a2d9","type":"connector"}},{"type":"Feature","geometry":{"type":"Point","coordinates":[-73.7407372,45.6150932]},"properties":{"id":"66787208-2988-49c1-85d1-2ac26ab36ca1","type":"connector"}},{"type":"Feature","geometry":{"type":"Point","coordinates":[-73.7406019,45.6150979]},"properties":{"id":"f0ceebce-b076-482b-8f5e-0ab66d1a5833","type":"connector"}},{"type":"Feature","geometry":{"type":"Point","coordinates":[-73.7403049,45.615106]},"properties":{"id":"b7c0b63e-6b79-4c00-ac80-56eebb11b703","type":"connector"}},{"type":"Feature","geometry":{"type":"Point","coordinates":[-73.7405049,45.6150049]},"properties":{"id":"dbd5eb1b-448c-44eb-8604-44e59b2f2577","type":"connector"}},{"type":"Feature","geometry":{"type":"Point","coordinates":[-73.7402489,45.6147594]},"properties":{"id":"58293fe5-2a97-47ae-a31f-1b70a6f96d92","type":"connector"}},{"type":"Feature","geometry":{"type":"Point","coordinates":[-73.7416045,45.6142683]},"properties":{"id":"63925268-930e-44c0-9af8-a646e4830b5c","type":"connector"}},{"type":"Feature","geometry":{"type":"Point","coordinates":[-73.7408158,45.6135353]},"properties":{"id":"dbef6d70-6955-4667-a3cc-93103d4307fc","type":"connector"}},{"type":"Feature","geometry":{"type":"Point","coordinates":[-73.7406942,45.6134222]},"properties":{"id":"0f1d07bb-10f1-4335-9772-a221c529b3d3","type":"connector"}},{"type":"Feature","geometry":{"type":"Point","coordinates":[-73.7410414,45.6134188]},"properties":{"id":"5646bf44-6356-4583-82fc-5d74eed4c65c","type":"connector"}},{"type":"Feature","geometry":{"type":"Point","coordinates":[-73.7412294,45.6133218]},"properties":{"id":"e6e4fb0e-5773-4980-9ff9-a1638792cd2d","type":"connector"}},{"type":"Feature","geometry":{"type":"Point","coordinates":[-73.7451283,45.6120538]},"properties":{"id":"b9b43f1f-85b1-4243-a204-3afbd2239c97","type":"connector"}},{"type":"Feature","geometry":{"type":"Point","coordinates":[-73.7449854,45.6119198]},"properties":{"id":"375f4083-2ba0-4643-a344-4688c3b1c041","type":"connector"}},{"type":"Feature","geometry":{"type":"Point","coordinates":[-73.7444488,45.6114169]},"properties":{"id":"2b49cd09-1fd3-41dd-b7f7-0de30f9f5563","type":"connector"}},{"type":"Feature","geometry":{"type":"Point","coordinates":[-73.7431224,45.6113095]},"properties":{"id":"6dd1b7ba-b2c8-4935-a92f-91320ff6b807","type":"connector"}},{"type":"Feature","geometry":{"type":"Point","coordinates":[-73.7439026,45.610905]},"properties":{"id":"07324ce4-a930-447e-8d94-d5f3ada6440e","type":"connector"}},{"type":"Feature","geometry":{"type":"Point","coordinates":[-73.7447391,45.6104698]},"properties":{"id":"aba35ef1-214f-4749-92b4-2444d5fa020d","type":"connector"}},{"type":"Feature","geometry":{"type":"Point","coordinates":[-73.7440505,45.609829]},"properties":{"id":"da7b91ba-219b-47be-aba1-2fa2e1b1bb98","type":"connector"}},{"type":"Feature","geometry":{"type":"Point","coordinates":[-73.744188,45.609957]},"properties":{"id":"a05e08c2-7f47-437e-a0b1-839cdd8dcb28","type":"connector"}},{"type":"Feature","geometry":{"type":"Point","coordinates":[-73.7414087,45.6097194]},"properties":{"id":"9f3ebdec-1da9-4f42-8b54-dc47ee5f6ab8","type":"connector"}},{"type":"Feature","geometry":{"type":"Point","coordinates":[-73.7339465,45.6097352]},"properties":{"id":"13bca13a-2b12-4a32-bc08-9b280d9c0f30","type":"connector"}},{"type":"Feature","geometry":{"type":"Point","coordinates":[-73.7392511,45.6100787]},"properties":{"id":"81971a18-3b80-43c5-a914-7c9e41bbd2d2","type":"connector"}},{"type":"Feature","geometry":{"type":"Point","coordinates":[-73.7399669,45.6107617]},"properties":{"id":"40467c7f-a056-4e0e-9eb5-ffaf581b31b4","type":"connector"}},{"type":"Feature","geometry":{"type":"Point","coordinates":[-73.7402181,45.6109985]},"properties":{"id":"e091888e-1912-4caf-8970-c2e6e14a966f","type":"connector"}},{"type":"Feature","geometry":{"type":"Point","coordinates":[-73.7382913,45.610836]},"properties":{"id":"fb99a817-a601-4a83-b80e-5e05f386786d","type":"connector"}},{"type":"Feature","geometry":{"type":"Point","coordinates":[-73.7382379,45.6107909]},"properties":{"id":"a35f6efb-9f5c-4780-9416-12d5f48a57c3","type":"connector"}},{"type":"Feature","geometry":{"type":"Point","coordinates":[-73.7376356,45.6102771]},"properties":{"id":"cf438b79-21b6-4ed1-ba4b-0847b6283c10","type":"connector"}},{"type":"Feature","geometry":{"type":"Point","coordinates":[-73.7375703,45.6102228]},"properties":{"id":"61272496-e93d-46c6-943f-442607b90941","type":"connector"}},{"type":"Feature","geometry":{"type":"Point","coordinates":[-73.7377205,45.6101265]},"properties":{"id":"16ee015a-d022-4ee1-b103-36febdd4688d","type":"connector"}},{"type":"Feature","geometry":{"type":"Point","coordinates":[-73.7377896,45.6101749]},"properties":{"id":"02f3276f-5b7a-46ae-86cf-548bbe5a9ba8","type":"connector"}},{"type":"Feature","geometry":{"type":"Point","coordinates":[-73.7379455,45.6100683]},"properties":{"id":"689626a2-7410-4a98-8eca-898f1cfa0d67","type":"connector"}},{"type":"Feature","geometry":{"type":"Point","coordinates":[-73.7378746,45.6100229]},"properties":{"id":"38744e3e-f43a-4311-a4b2-0311c705e205","type":"connector"}},{"type":"Feature","geometry":{"type":"Point","coordinates":[-73.7377255,45.6099489]},"properties":{"id":"ecc3031a-fffd-48c3-939a-95a749cf8113","type":"connector"}},{"type":"Feature","geometry":{"type":"Point","coordinates":[-73.7377942,45.6099714]},"properties":{"id":"c9351f2a-66be-42ca-a7bd-da52f46a4526","type":"connector"}},{"type":"Feature","geometry":{"type":"Point","coordinates":[-73.7377951,45.6100768]},"properties":{"id":"89aebdfb-95b3-4983-a0fe-cc0da39b8525","type":"connector"}},{"type":"Feature","geometry":{"type":"Point","coordinates":[-73.7377583,45.6100515]},"properties":{"id":"776e6618-8802-4bf2-a7c0-40eb4c2a5c0e","type":"connector"}},{"type":"Feature","geometry":{"type":"Point","coordinates":[-73.7377183,45.6100235]},"properties":{"id":"9b94fbd4-eac5-47d7-ae14-2eb51d45f01e","type":"connector"}},{"type":"Feature","geometry":{"type":"Point","coordinates":[-73.7376202,45.6100264]},"properties":{"id":"61282557-27fe-4d5b-88ea-de9bcbe331a0","type":"connector"}},{"type":"Feature","geometry":{"type":"Point","coordinates":[-73.7376402,45.6100702]},"properties":{"id":"e65a643c-db9e-4d81-8f80-0b9c0900a546","type":"connector"}},{"type":"Feature","geometry":{"type":"Point","coordinates":[-73.736813,45.6099241]},"properties":{"id":"2c49b63a-7483-4126-a500-8b7d1b85e90c","type":"connector"}},{"type":"Feature","geometry":{"type":"Point","coordinates":[-73.7372836,45.6101953]},"properties":{"id":"5f00f0f4-3084-4bec-b41e-e1c1afc3f570","type":"connector"}},{"type":"Feature","geometry":{"type":"Point","coordinates":[-73.7373627,45.6102744]},"properties":{"id":"b6697d69-e736-4dc2-847d-dbf6e3e99d85","type":"connector"}},{"type":"Feature","geometry":{"type":"Point","coordinates":[-73.7374128,45.6103165]},"properties":{"id":"b3f54963-e346-4015-9df0-b54d93519a60","type":"connector"}},{"type":"Feature","geometry":{"type":"Point","coordinates":[-73.7371429,45.610371]},"properties":{"id":"fbeca044-e63d-4713-9b7c-909be4e83b0a","type":"connector"}},{"type":"Feature","geometry":{"type":"Point","coordinates":[-73.7370121,45.6102216]},"properties":{"id":"a8b80903-618b-418e-a227-45b06404396d","type":"connector"}},{"type":"Feature","geometry":{"type":"Point","coordinates":[-73.7366894,45.6101278]},"properties":{"id":"c7f059d4-e42a-4795-94f3-7622b26112d7","type":"connector"}},{"type":"Feature","geometry":{"type":"Point","coordinates":[-73.7365686,45.6101441]},"properties":{"id":"4d8df7fd-e05f-4823-a30b-a24772b2f6c5","type":"connector"}},{"type":"Feature","geometry":{"type":"Point","coordinates":[-73.7365856,45.6101674]},"properties":{"id":"617f3804-4f9c-44ca-97fe-b6c1d70fefa7","type":"connector"}},{"type":"Feature","geometry":{"type":"Point","coordinates":[-73.7367098,45.6103375]},"properties":{"id":"ae4fb578-f1a9-4571-a779-75a57f1e8c44","type":"connector"}},{"type":"Feature","geometry":{"type":"Point","coordinates":[-73.7361476,45.610302]},"properties":{"id":"e2ca74a3-12de-4eb6-843c-d02febc23600","type":"connector"}},{"type":"Feature","geometry":{"type":"Point","coordinates":[-73.7361697,45.6103315]},"properties":{"id":"b06c432b-1df8-4977-8a10-4ff47e1af1f3","type":"connector"}},{"type":"Feature","geometry":{"type":"Point","coordinates":[-73.7362184,45.6102747]},"properties":{"id":"7a5c4d9d-940c-4a00-9e43-3129377ce4ed","type":"connector"}},{"type":"Feature","geometry":{"type":"Point","coordinates":[-73.7363688,45.6102159]},"properties":{"id":"2118f39d-8093-4e6d-b23e-25b6c49d81fa","type":"connector"}},{"type":"Feature","geometry":{"type":"Point","coordinates":[-73.7362465,45.6100607]},"properties":{"id":"bafa8d40-e9ff-4e9a-b9c2-a6b683cb5be1","type":"connector"}},{"type":"Feature","geometry":{"type":"Point","coordinates":[-73.7362107,45.6100218]},"properties":{"id":"a337cae4-a432-401b-8208-83c640804c6c","type":"connector"}},{"type":"Feature","geometry":{"type":"Point","coordinates":[-73.736483,45.6100269]},"properties":{"id":"28534717-0d20-4ee6-8bad-e926679320d0","type":"connector"}},{"type":"Feature","geometry":{"type":"Point","coordinates":[-73.7366698,45.6099406]},"properties":{"id":"3e5ef0e3-bd15-4739-8ef8-8d30568866af","type":"connector"}},{"type":"Feature","geometry":{"type":"Point","coordinates":[-73.7365866,45.6098179]},"properties":{"id":"787dbde3-aa06-42df-aeed-ac70cf3ca3aa","type":"connector"}},{"type":"Feature","geometry":{"type":"Point","coordinates":[-73.7361435,45.6098726]},"properties":{"id":"b0a436a6-78c1-40a0-a9cd-bf8cd881aace","type":"connector"}},{"type":"Feature","geometry":{"type":"Point","coordinates":[-73.7360994,45.6099056]},"properties":{"id":"890f665c-262a-442c-a899-a1c8de736a19","type":"connector"}},{"type":"Feature","geometry":{"type":"Point","coordinates":[-73.7359616,45.6099744]},"properties":{"id":"2d4b0a05-4fbd-43af-802b-65c6cd12c6d1","type":"connector"}},{"type":"Feature","geometry":{"type":"Point","coordinates":[-73.7358858,45.6100092]},"properties":{"id":"82b1f3d2-5ff9-446d-8f93-8a12ca619408","type":"connector"}},{"type":"Feature","geometry":{"type":"Point","coordinates":[-73.7358525,45.6100239]},"properties":{"id":"359aa4de-bf75-4e1d-aa0a-74699bfbe935","type":"connector"}},{"type":"Feature","geometry":{"type":"Point","coordinates":[-73.735633,45.6099202]},"properties":{"id":"019b1dc7-1ea8-46f9-b77a-95df6a11a24b","type":"connector"}},{"type":"Feature","geometry":{"type":"Point","coordinates":[-73.7354987,45.6099884]},"properties":{"id":"e8799308-fa5c-493a-b9f9-089393c090e6","type":"connector"}},{"type":"Feature","geometry":{"type":"Point","coordinates":[-73.7357336,45.6098669]},"properties":{"id":"4074bb74-70da-4c1a-bdfb-0a366960687c","type":"connector"}},{"type":"Feature","geometry":{"type":"Point","coordinates":[-73.7353023,45.6100904]},"properties":{"id":"bfe6e6ba-033f-4a92-a65c-d9cbe50ebbb4","type":"connector"}},{"type":"Feature","geometry":{"type":"Point","coordinates":[-73.7359153,45.6101209]},"properties":{"id":"c8cda59d-6ac0-401b-98b3-4addf1cc4d63","type":"connector"}},{"type":"Feature","geometry":{"type":"Point","coordinates":[-73.7359804,45.6101026]},"properties":{"id":"c5121d5b-78df-4126-9eb8-1dd1a536b6e7","type":"connector"}},{"type":"Feature","geometry":{"type":"Point","coordinates":[-73.7360552,45.6100819]},"properties":{"id":"f8d56ae6-5f0f-4f6b-9d78-3e7342e70595","type":"connector"}},{"type":"Feature","geometry":{"type":"Point","coordinates":[-73.7360307,45.6103415]},"properties":{"id":"fc8271a4-0af3-4d12-abd1-a3e1c65edcd9","type":"connector"}},{"type":"Feature","geometry":{"type":"Point","coordinates":[-73.7361063,45.6105073]},"properties":{"id":"ed1ecb19-4568-46c5-ae1b-e136a12cf061","type":"connector"}},{"type":"Feature","geometry":{"type":"Point","coordinates":[-73.7358888,45.6106872]},"properties":{"id":"0b826cbe-e1fd-4425-b890-ca8ffcff97f2","type":"connector"}},{"type":"Feature","geometry":{"type":"Point","coordinates":[-73.7351523,45.6110761]},"properties":{"id":"7da11055-2ae4-40d5-bae3-583691372f42","type":"connector"}},{"type":"Feature","geometry":{"type":"Point","coordinates":[-73.7354379,45.6110738]},"properties":{"id":"f677f774-9b38-40df-9eb7-0cb918b09471","type":"connector"}},{"type":"Feature","geometry":{"type":"Point","coordinates":[-73.7360353,45.6108482]},"properties":{"id":"f8d4667c-b2df-4be4-9691-cb8c1df7d095","type":"connector"}},{"type":"Feature","geometry":{"type":"Point","coordinates":[-73.7360876,45.6108567]},"properties":{"id":"ad77b4b3-d0fa-4a0c-be6f-0f2366a5dade","type":"connector"}},{"type":"Feature","geometry":{"type":"Point","coordinates":[-73.736056,45.6109304]},"properties":{"id":"7ed1a223-ecc1-44c1-bcf7-4715d9ae3d80","type":"connector"}},{"type":"Feature","geometry":{"type":"Point","coordinates":[-73.7360172,45.61102]},"properties":{"id":"230bbd80-d58b-4f9d-a141-5c9055077f81","type":"connector"}},{"type":"Feature","geometry":{"type":"Point","coordinates":[-73.736231,45.6110883]},"properties":{"id":"b2f270b4-170e-4952-969b-4645ee13be8c","type":"connector"}},{"type":"Feature","geometry":{"type":"Point","coordinates":[-73.7362865,45.6110644]},"properties":{"id":"8d4db11f-3ca1-42cc-adfe-420a5bcd571f","type":"connector"}},{"type":"Feature","geometry":{"type":"Point","coordinates":[-73.7362501,45.6109918]},"properties":{"id":"506b46cb-5296-4cd9-9190-a3a3485f2bec","type":"connector"}},{"type":"Feature","geometry":{"type":"Point","coordinates":[-73.7363283,45.6110065]},"properties":{"id":"91f14fa6-9367-4ecb-bb63-14bfda140339","type":"connector"}},{"type":"Feature","geometry":{"type":"Point","coordinates":[-73.7363092,45.6109567]},"properties":{"id":"4e2f971f-7d93-4cdf-82b4-47f4b80ce14c","type":"connector"}},{"type":"Feature","geometry":{"type":"Point","coordinates":[-73.7363377,45.6110311]},"properties":{"id":"19189b50-7288-42cb-9b3d-9d68c2e92d01","type":"connector"}},{"type":"Feature","geometry":{"type":"Point","coordinates":[-73.7363017,45.6111027]},"properties":{"id":"8b919216-d161-4560-aab0-aabcd9f19cd9","type":"connector"}},{"type":"Feature","geometry":{"type":"Point","coordinates":[-73.7366687,45.6110545]},"properties":{"id":"8e61fd28-dcf5-4913-b694-ee9c0479c1f8","type":"connector"}},{"type":"Feature","geometry":{"type":"Point","coordinates":[-73.7365574,45.6110239]},"properties":{"id":"ab40a9d6-605b-4f54-a5f7-ac7f60e7c598","type":"connector"}},{"type":"Feature","geometry":{"type":"Point","coordinates":[-73.736473,45.6109641]},"properties":{"id":"b1eeb105-1a2a-4962-9cf3-df7cdbba1c56","type":"connector"}},{"type":"Feature","geometry":{"type":"Point","coordinates":[-73.7364653,45.6109411]},"properties":{"id":"6c69e7dd-bdd3-4f1d-913f-95cea2a23240","type":"connector"}},{"type":"Feature","geometry":{"type":"Point","coordinates":[-73.7365374,45.6109321]},"properties":{"id":"6fa88d83-5f78-4d8a-b0f9-550b1eab596e","type":"connector"}},{"type":"Feature","geometry":{"type":"Point","coordinates":[-73.7364999,45.6108564]},"properties":{"id":"3da83e75-7a8d-4ab2-96a9-cae972259486","type":"connector"}},{"type":"Feature","geometry":{"type":"Point","coordinates":[-73.7364709,45.6107798]},"properties":{"id":"9b52f8c9-bbdf-42e2-b023-6e8da35920de","type":"connector"}},{"type":"Feature","geometry":{"type":"Point","coordinates":[-73.7364135,45.6108069]},"properties":{"id":"bdbff04c-108b-4b58-bfef-b2bb51774052","type":"connector"}},{"type":"Feature","geometry":{"type":"Point","coordinates":[-73.7364468,45.6108855]},"properties":{"id":"a2a2afe8-8e20-45b8-bfbb-04628f669ea3","type":"connector"}},{"type":"Feature","geometry":{"type":"Point","coordinates":[-73.7362782,45.6108739]},"properties":{"id":"f0d45ec5-4533-4184-a844-24e41c427b6c","type":"connector"}},{"type":"Feature","geometry":{"type":"Point","coordinates":[-73.7362142,45.6109045]},"properties":{"id":"68bcedff-8859-4531-800a-5f70760d4a20","type":"connector"}},{"type":"Feature","geometry":{"type":"Point","coordinates":[-73.7361342,45.6108597]},"properties":{"id":"4019ea6d-a639-42fe-a60e-3114ac75e4b0","type":"connector"}},{"type":"Feature","geometry":{"type":"Point","coordinates":[-73.7361972,45.6108317]},"properties":{"id":"a331456e-6137-45cc-888b-ed86e2f218dd","type":"connector"}},{"type":"Feature","geometry":{"type":"Point","coordinates":[-73.7361835,45.6108378]},"properties":{"id":"86e1acc8-5d4c-471d-9435-9d626b23cf82","type":"connector"}},{"type":"Feature","geometry":{"type":"Point","coordinates":[-73.736188,45.6108464]},"properties":{"id":"0ccf5233-9a08-485a-b8bf-b6ee71697122","type":"connector"}},{"type":"Feature","geometry":{"type":"Point","coordinates":[-73.7362572,45.6108281]},"properties":{"id":"efbc6487-a342-4c7e-8562-bc720a4604bd","type":"connector"}},{"type":"Feature","geometry":{"type":"Point","coordinates":[-73.7362479,45.610808]},"properties":{"id":"4a8b2c84-bf52-4dad-853e-2fedec31fb2e","type":"connector"}},{"type":"Feature","geometry":{"type":"Point","coordinates":[-73.7361665,45.6107667]},"properties":{"id":"b838d1a8-0054-4501-98d9-5935f22c94c2","type":"connector"}},{"type":"Feature","geometry":{"type":"Point","coordinates":[-73.7363935,45.610763]},"properties":{"id":"6a549e48-394d-4bdc-8e20-04dc75720502","type":"connector"}},{"type":"Feature","geometry":{"type":"Point","coordinates":[-73.7363849,45.6107439]},"properties":{"id":"83814109-d60e-4719-8182-67d9f373db77","type":"connector"}},{"type":"Feature","geometry":{"type":"Point","coordinates":[-73.7364399,45.6107181]},"properties":{"id":"b5a6d84e-212f-4700-955b-c66311c2393a","type":"connector"}},{"type":"Feature","geometry":{"type":"Point","coordinates":[-73.7364217,45.6105347]},"properties":{"id":"dfb4c9a8-63a4-4e34-a396-1462b6d7fbaa","type":"connector"}},{"type":"Feature","geometry":{"type":"Point","coordinates":[-73.7364683,45.6105214]},"properties":{"id":"7132cc7a-40e4-4aff-bea9-25d5873cb381","type":"connector"}},{"type":"Feature","geometry":{"type":"Point","coordinates":[-73.736662,45.6105839]},"properties":{"id":"6812f25c-cfcb-4d74-aee5-92b4ed55d2fb","type":"connector"}},{"type":"Feature","geometry":{"type":"Point","coordinates":[-73.7367716,45.6106316]},"properties":{"id":"a1a979ec-531f-4bc5-b48b-86b27a2534da","type":"connector"}},{"type":"Feature","geometry":{"type":"Point","coordinates":[-73.7366769,45.6106276]},"properties":{"id":"fc304727-03bb-4888-9367-e510aaa1c073","type":"connector"}},{"type":"Feature","geometry":{"type":"Point","coordinates":[-73.7366121,45.6106205]},"properties":{"id":"1b620184-aa4d-4d31-8c4a-75c26fbb99a6","type":"connector"}},{"type":"Feature","geometry":{"type":"Point","coordinates":[-73.7370897,45.6105969]},"properties":{"id":"b2391fce-6ab9-4afc-8069-f0ee8a4b685e","type":"connector"}},{"type":"Feature","geometry":{"type":"Point","coordinates":[-73.7370231,45.6105405]},"properties":{"id":"55820907-6fa4-4953-a076-745874e9eb63","type":"connector"}},{"type":"Feature","geometry":{"type":"Point","coordinates":[-73.7372091,45.6104321]},"properties":{"id":"75a58dff-e429-437a-911d-03c72dc501ab","type":"connector"}},{"type":"Feature","geometry":{"type":"Point","coordinates":[-73.737266,45.6104942]},"properties":{"id":"366ba73d-99d9-4119-bd47-d0b06036345b","type":"connector"}},{"type":"Feature","geometry":{"type":"Point","coordinates":[-73.737392,45.6106088]},"properties":{"id":"47b452d3-52c3-4243-9cee-36187f7299a3","type":"connector"}},{"type":"Feature","geometry":{"type":"Point","coordinates":[-73.73724,45.610722]},"properties":{"id":"121c35df-076f-40eb-ad39-4d973c6340a5","type":"connector"}},{"type":"Feature","geometry":{"type":"Point","coordinates":[-73.7371379,45.6110058]},"properties":{"id":"e1669a7d-a963-4612-82c1-6240b4465bb5","type":"connector"}},{"type":"Feature","geometry":{"type":"Point","coordinates":[-73.7368429,45.6109495]},"properties":{"id":"884e0710-75cc-4317-90b7-edaf3aae6373","type":"connector"}},{"type":"Feature","geometry":{"type":"Point","coordinates":[-73.7372863,45.6110968]},"properties":{"id":"f6d46bf1-a870-436e-8681-caf0639d88ad","type":"connector"}},{"type":"Feature","geometry":{"type":"Point","coordinates":[-73.7374054,45.6112405]},"properties":{"id":"c4eb60d8-4c16-47c7-a646-3d40554b4342","type":"connector"}},{"type":"Feature","geometry":{"type":"Point","coordinates":[-73.7373037,45.6111491]},"properties":{"id":"08d9a440-5d43-4180-a114-8b043130f79e","type":"connector"}},{"type":"Feature","geometry":{"type":"Point","coordinates":[-73.7372321,45.6111283]},"properties":{"id":"a650e08f-f373-467c-873c-a920cc51fedc","type":"connector"}},{"type":"Feature","geometry":{"type":"Point","coordinates":[-73.7369597,45.6113668]},"properties":{"id":"ab30b0ac-afd5-4561-9673-34ef9a18fb03","type":"connector"}},{"type":"Feature","geometry":{"type":"Point","coordinates":[-73.7370398,45.6114371]},"properties":{"id":"e337b8c2-3083-4a80-875e-d4613ffe4c87","type":"connector"}},{"type":"Feature","geometry":{"type":"Point","coordinates":[-73.7372575,45.6113217]},"properties":{"id":"ccc4b3f6-c7ff-49dc-97ee-045cc062e210","type":"connector"}},{"type":"Feature","geometry":{"type":"Point","coordinates":[-73.7369589,45.61148]},"properties":{"id":"2744bba6-151f-47e8-8bf6-95bb83c9237f","type":"connector"}},{"type":"Feature","geometry":{"type":"Point","coordinates":[-73.7365555,45.6116217]},"properties":{"id":"8ea92671-9553-4be2-a2be-dd4cf8fd3e88","type":"connector"}},{"type":"Feature","geometry":{"type":"Point","coordinates":[-73.7366626,45.611606]},"properties":{"id":"fc9f539d-f3d3-4a91-8f4d-22815cf07f61","type":"connector"}},{"type":"Feature","geometry":{"type":"Point","coordinates":[-73.73674,45.6115945]},"properties":{"id":"9df83a6f-0f9f-4972-81a0-79ba5118d198","type":"connector"}},{"type":"Feature","geometry":{"type":"Point","coordinates":[-73.7364129,45.6114649]},"properties":{"id":"c1fb0fdb-b27c-46fc-91a1-5544400cc4b0","type":"connector"}},{"type":"Feature","geometry":{"type":"Point","coordinates":[-73.736309,45.6114825]},"properties":{"id":"b16d6857-f7f1-4a43-a9b6-c03ff5a807db","type":"connector"}},{"type":"Feature","geometry":{"type":"Point","coordinates":[-73.7364871,45.6114524]},"properties":{"id":"7d2c76c3-563c-462c-9c40-4410a6f54fd9","type":"connector"}},{"type":"Feature","geometry":{"type":"Point","coordinates":[-73.7366292,45.6114295]},"properties":{"id":"715abc3d-fb4c-4e14-84bd-6750e767e39a","type":"connector"}},{"type":"Feature","geometry":{"type":"Point","coordinates":[-73.7367431,45.6111833]},"properties":{"id":"30387412-9cc0-41e3-ae7a-fd5a81230c22","type":"connector"}},{"type":"Feature","geometry":{"type":"Point","coordinates":[-73.7364005,45.6111948]},"properties":{"id":"605cabe1-437e-4ffe-8867-14c3a01c8561","type":"connector"}},{"type":"Feature","geometry":{"type":"Point","coordinates":[-73.7362102,45.6111603]},"properties":{"id":"93e9e9e2-b132-4ca6-94f9-d98c11ac6434","type":"connector"}},{"type":"Feature","geometry":{"type":"Point","coordinates":[-73.7362199,45.6111254]},"properties":{"id":"9ad9017f-c2ca-45bd-95ad-810c2bddeab8","type":"connector"}},{"type":"Feature","geometry":{"type":"Point","coordinates":[-73.7361253,45.6111278]},"properties":{"id":"607a0aba-b215-414f-9ca0-52bca704c018","type":"connector"}},{"type":"Feature","geometry":{"type":"Point","coordinates":[-73.7360668,45.6111896]},"properties":{"id":"d40a875d-8fbf-4b7d-9e9f-3594efacbce5","type":"connector"}},{"type":"Feature","geometry":{"type":"Point","coordinates":[-73.7360084,45.6111413]},"properties":{"id":"159ca6e6-656f-457d-a6e6-d505a541f5f6","type":"connector"}},{"type":"Feature","geometry":{"type":"Point","coordinates":[-73.7360992,45.6113228]},"properties":{"id":"95aa2814-0de0-4996-8994-3c8b2a48c588","type":"connector"}},{"type":"Feature","geometry":{"type":"Point","coordinates":[-73.7359049,45.611437]},"properties":{"id":"7e5ed7b7-a8dc-4809-b486-0cd29abb7186","type":"connector"}},{"type":"Feature","geometry":{"type":"Point","coordinates":[-73.7357463,45.6112945]},"properties":{"id":"51a7a810-052a-47df-8e62-4931e256fd13","type":"connector"}},{"type":"Feature","geometry":{"type":"Point","coordinates":[-73.7356768,45.6113321]},"properties":{"id":"aa71b762-ec44-4ee1-9e3f-5cfb49ff7fe1","type":"connector"}},{"type":"Feature","geometry":{"type":"Point","coordinates":[-73.735631,45.611428]},"properties":{"id":"ada5a746-5b3b-4cc2-86cb-ab44f6095597","type":"connector"}},{"type":"Feature","geometry":{"type":"Point","coordinates":[-73.735583,45.6113844]},"properties":{"id":"de16be60-e18f-4276-8c68-6e870f3fc1c2","type":"connector"}},{"type":"Feature","geometry":{"type":"Point","coordinates":[-73.7355124,45.6114231]},"properties":{"id":"04cfcf5a-91f5-493e-9c75-b5d97cdde8ec","type":"connector"}},{"type":"Feature","geometry":{"type":"Point","coordinates":[-73.7354467,45.6113575]},"properties":{"id":"81c54d5f-7ec8-4c2c-ada1-cbac8f3f3cc3","type":"connector"}},{"type":"Feature","geometry":{"type":"Point","coordinates":[-73.7355126,45.6113205]},"properties":{"id":"e1015dc6-6e10-4807-9595-b0a1d1356cb0","type":"connector"}},{"type":"Feature","geometry":{"type":"Point","coordinates":[-73.7355506,45.6112208]},"properties":{"id":"1dab20f9-8400-4b63-ae38-8267099cf839","type":"connector"}},{"type":"Feature","geometry":{"type":"Point","coordinates":[-73.7356039,45.6112687]},"properties":{"id":"9386203f-8143-4689-99f7-d0c97c419371","type":"connector"}},{"type":"Feature","geometry":{"type":"Point","coordinates":[-73.7353255,45.6112438]},"properties":{"id":"8d2d7280-3bbd-465d-8ce4-852a17ac71de","type":"connector"}},{"type":"Feature","geometry":{"type":"Point","coordinates":[-73.7351655,45.6114362]},"properties":{"id":"8a82dfbb-856e-4f6a-923b-536f117f4a72","type":"connector"}},{"type":"Feature","geometry":{"type":"Point","coordinates":[-73.7353956,45.6113117]},"properties":{"id":"9bab4250-3377-43be-870e-8eab9a8c0662","type":"connector"}},{"type":"Feature","geometry":{"type":"Point","coordinates":[-73.7352883,45.6113704]},"properties":{"id":"e8cdc748-330b-47c9-9c70-24457d771396","type":"connector"}},{"type":"Feature","geometry":{"type":"Point","coordinates":[-73.7352709,45.6113797]},"properties":{"id":"6f80908f-1f26-486f-b1ea-603e23d20800","type":"connector"}},{"type":"Feature","geometry":{"type":"Point","coordinates":[-73.7353241,45.6114251]},"properties":{"id":"1ebc498f-445e-4599-b0aa-8b9e1cbc8d09","type":"connector"}},{"type":"Feature","geometry":{"type":"Point","coordinates":[-73.7353398,45.611416]},"properties":{"id":"50807fd2-2e3a-4ece-ae58-0a8c5a38bcc1","type":"connector"}},{"type":"Feature","geometry":{"type":"Point","coordinates":[-73.7354105,45.6114779]},"properties":{"id":"3e163daa-b35d-4b61-ae7a-f1a1203615b2","type":"connector"}},{"type":"Feature","geometry":{"type":"Point","coordinates":[-73.7353955,45.611486]},"properties":{"id":"57de882b-ac8c-4217-9dd2-f0b9368b0e37","type":"connector"}},{"type":"Feature","geometry":{"type":"Point","coordinates":[-73.7352201,45.6114851]},"properties":{"id":"5b6100d3-2acd-4a1b-a603-39145dc27645","type":"connector"}},{"type":"Feature","geometry":{"type":"Point","coordinates":[-73.7347851,45.6117165]},"properties":{"id":"58f41d50-5c3e-4a83-9219-848fb36046d4","type":"connector"}},{"type":"Feature","geometry":{"type":"Point","coordinates":[-73.7355565,45.6114673]},"properties":{"id":"6b170894-da9f-4c23-9fb7-509ae8033ed5","type":"connector"}},{"type":"Feature","geometry":{"type":"Point","coordinates":[-73.7357589,45.6120669]},"properties":{"id":"0f6bf903-b5c7-4272-9ba8-527c92c537ec","type":"connector"}},{"type":"Feature","geometry":{"type":"Point","coordinates":[-73.7356248,45.6119356]},"properties":{"id":"584bfdc9-8726-424f-9a23-13f1e2b15779","type":"connector"}},{"type":"Feature","geometry":{"type":"Point","coordinates":[-73.7366738,45.6124317]},"properties":{"id":"2df3d510-982a-491a-844a-60d91a365326","type":"connector"}},{"type":"Feature","geometry":{"type":"Point","coordinates":[-73.7367125,45.6119582]},"properties":{"id":"7f0565c4-56b9-443d-8214-7719e0abd9dc","type":"connector"}},{"type":"Feature","geometry":{"type":"Point","coordinates":[-73.7372178,45.6119333]},"properties":{"id":"95dc2ba2-e285-4398-ab14-fe80c9e96d72","type":"connector"}},{"type":"Feature","geometry":{"type":"Point","coordinates":[-73.7373555,45.6118444]},"properties":{"id":"666db631-4d90-476a-b021-c76c26b127b5","type":"connector"}},{"type":"Feature","geometry":{"type":"Point","coordinates":[-73.7373698,45.6120756]},"properties":{"id":"6b76f045-0bfe-4641-8085-93c3dd29f95a","type":"connector"}},{"type":"Feature","geometry":{"type":"Point","coordinates":[-73.7371373,45.6121945]},"properties":{"id":"9ed1a1e8-7d5d-4e8b-8498-795e7dc96354","type":"connector"}},{"type":"Feature","geometry":{"type":"Point","coordinates":[-73.7370213,45.6124871]},"properties":{"id":"209e5d05-d6d7-4cc8-88da-f0579d77bb93","type":"connector"}},{"type":"Feature","geometry":{"type":"Point","coordinates":[-73.7372304,45.6123462]},"properties":{"id":"d2a0bad2-e9ed-47ea-b03a-73b7cfd01540","type":"connector"}},{"type":"Feature","geometry":{"type":"Point","coordinates":[-73.737326,45.6124745]},"properties":{"id":"819161b2-9af0-47b5-b235-8bfc525cb100","type":"connector"}},{"type":"Feature","geometry":{"type":"Point","coordinates":[-73.7377439,45.6124227]},"properties":{"id":"9ac56fd5-dad6-4eeb-9d37-e6e2de998d6f","type":"connector"}},{"type":"Feature","geometry":{"type":"Point","coordinates":[-73.7376287,45.6123159]},"properties":{"id":"f239cfd2-9b99-4c4b-9a9b-ccc01df0e29c","type":"connector"}},{"type":"Feature","geometry":{"type":"Point","coordinates":[-73.7375145,45.6122099]},"properties":{"id":"fe5b5f7c-f60b-43da-b4b4-4e6e597433d3","type":"connector"}},{"type":"Feature","geometry":{"type":"Point","coordinates":[-73.7381931,45.6120265]},"properties":{"id":"31f2209e-2a97-4395-a9b3-98933763960b","type":"connector"}},{"type":"Feature","geometry":{"type":"Point","coordinates":[-73.7381054,45.6119442]},"properties":{"id":"1a3b708a-41c2-47a7-841c-b8ed671ea3ef","type":"connector"}},{"type":"Feature","geometry":{"type":"Point","coordinates":[-73.7379468,45.6120226]},"properties":{"id":"99ed79a5-133e-40ff-9b1c-e2c624dfdd02","type":"connector"}},{"type":"Feature","geometry":{"type":"Point","coordinates":[-73.737762,45.611845]},"properties":{"id":"7324f58f-6990-45f0-9563-33a434bb64a8","type":"connector"}},{"type":"Feature","geometry":{"type":"Point","coordinates":[-73.7395193,45.6123136]},"properties":{"id":"ecaf9782-08e5-49f6-8d6f-e19982308693","type":"connector"}},{"type":"Feature","geometry":{"type":"Point","coordinates":[-73.7401197,45.6128883]},"properties":{"id":"5c67addb-ae88-493d-8ba7-a5eaaa82e673","type":"connector"}},{"type":"Feature","geometry":{"type":"Point","coordinates":[-73.7389789,45.612936]},"properties":{"id":"ecbda9de-ea47-4ec5-8a9c-9344c0fe190e","type":"connector"}},{"type":"Feature","geometry":{"type":"Point","coordinates":[-73.7391197,45.6128632]},"properties":{"id":"eaf3cd29-4834-4fac-a162-1d2971c03358","type":"connector"}},{"type":"Feature","geometry":{"type":"Point","coordinates":[-73.7388955,45.6128599]},"properties":{"id":"00cc52ea-3227-4a26-b511-90139f9efce9","type":"connector"}},{"type":"Feature","geometry":{"type":"Point","coordinates":[-73.7390401,45.6127887]},"properties":{"id":"63fe5103-70ce-4f70-bd63-aecda2c50187","type":"connector"}},{"type":"Feature","geometry":{"type":"Point","coordinates":[-73.7388191,45.612582]},"properties":{"id":"28a448c3-1e79-4ff8-a0e8-d7b6382702bc","type":"connector"}},{"type":"Feature","geometry":{"type":"Point","coordinates":[-73.7386815,45.6126622]},"properties":{"id":"fc75e539-b0b3-4d4b-bf1e-2a366b25a42b","type":"connector"}},{"type":"Feature","geometry":{"type":"Point","coordinates":[-73.7378879,45.6125564]},"properties":{"id":"113063ab-f794-428a-b3b5-242ba4a269da","type":"connector"}},{"type":"Feature","geometry":{"type":"Point","coordinates":[-73.7375603,45.6127308]},"properties":{"id":"13db1939-2e84-4479-a392-ad6ca52e74d3","type":"connector"}},{"type":"Feature","geometry":{"type":"Point","coordinates":[-73.7380283,45.6126867]},"properties":{"id":"56d09b6d-8ad1-45ff-97c0-8e734cd2832a","type":"connector"}},{"type":"Feature","geometry":{"type":"Point","coordinates":[-73.7381707,45.6128189]},"properties":{"id":"bc2e6560-4fe1-4f09-9350-739f1a4488fb","type":"connector"}},{"type":"Feature","geometry":{"type":"Point","coordinates":[-73.7378369,45.6129966]},"properties":{"id":"ac9844be-60f1-4a1e-a545-4946d3d8d7a9","type":"connector"}},{"type":"Feature","geometry":{"type":"Point","coordinates":[-73.737699,45.612864]},"properties":{"id":"fa38ebe5-c456-4bd6-ad0a-a85433b13288","type":"connector"}},{"type":"Feature","geometry":{"type":"Point","coordinates":[-73.7375699,45.6130826]},"properties":{"id":"d3acdeb6-6f02-4071-8733-b1d6572116de","type":"connector"}},{"type":"Feature","geometry":{"type":"Point","coordinates":[-73.7379723,45.6131266]},"properties":{"id":"67ab553b-cdc5-41e6-b522-831ffcf83b0b","type":"connector"}},{"type":"Feature","geometry":{"type":"Point","coordinates":[-73.738454,45.6130841]},"properties":{"id":"516a3f82-8285-4cf4-9291-2064afc4f9f6","type":"connector"}},{"type":"Feature","geometry":{"type":"Point","coordinates":[-73.7383114,45.6129494]},"properties":{"id":"6d48af0c-c857-4fd1-8266-1c7538b83390","type":"connector"}},{"type":"Feature","geometry":{"type":"Point","coordinates":[-73.7385662,45.6131729]},"properties":{"id":"bbf85fd1-d8eb-4ece-a238-8e83d53764d1","type":"connector"}},{"type":"Feature","geometry":{"type":"Point","coordinates":[-73.738746,45.6134234]},"properties":{"id":"379d77e4-d8e9-4e36-a6c1-f61c7faf2c40","type":"connector"}},{"type":"Feature","geometry":{"type":"Point","coordinates":[-73.7382623,45.6134199]},"properties":{"id":"58e0f249-f1be-487a-b926-1fb99520d095","type":"connector"}},{"type":"Feature","geometry":{"type":"Point","coordinates":[-73.738224,45.6133681]},"properties":{"id":"62ef0f7c-09c6-42dc-ba4c-5ea136c187ca","type":"connector"}},{"type":"Feature","geometry":{"type":"Point","coordinates":[-73.738115,45.6132638]},"properties":{"id":"ea3e5c12-ab62-4525-92c9-601837056f92","type":"connector"}},{"type":"Feature","geometry":{"type":"Point","coordinates":[-73.7379974,45.6134909]},"properties":{"id":"50bb27bf-54ce-46b6-bdaa-5a69348f517a","type":"connector"}},{"type":"Feature","geometry":{"type":"Point","coordinates":[-73.7380956,45.6134401]},"properties":{"id":"61a273fe-1dec-4270-8918-315a5769e799","type":"connector"}},{"type":"Feature","geometry":{"type":"Point","coordinates":[-73.7381477,45.6134896]},"properties":{"id":"b16a380d-39c4-49e1-a5be-4d856ab974f8","type":"connector"}},{"type":"Feature","geometry":{"type":"Point","coordinates":[-73.7380786,45.6135681]},"properties":{"id":"5fbb42db-7bce-4c05-afc0-6115050b33e6","type":"connector"}},{"type":"Feature","geometry":{"type":"Point","coordinates":[-73.7381241,45.6136113]},"properties":{"id":"05b671ec-6a85-44c7-9842-83fac17f6efa","type":"connector"}},{"type":"Feature","geometry":{"type":"Point","coordinates":[-73.738031,45.613662]},"properties":{"id":"cb4433dc-8f19-4578-b5ed-8260dd5cca43","type":"connector"}},{"type":"Feature","geometry":{"type":"Point","coordinates":[-73.7380043,45.6136371]},"properties":{"id":"6cda39f3-21c8-44c1-b0dd-a4e8db86e950","type":"connector"}},{"type":"Feature","geometry":{"type":"Point","coordinates":[-73.737552,45.6136969]},"properties":{"id":"2b778210-96f8-4f53-81e4-d8e216ad3543","type":"connector"}},{"type":"Feature","geometry":{"type":"Point","coordinates":[-73.7377006,45.613842]},"properties":{"id":"eaa1490d-e5b2-4766-99b8-7d8286aa910c","type":"connector"}},{"type":"Feature","geometry":{"type":"Point","coordinates":[-73.7384261,45.61376]},"properties":{"id":"e97dde19-8ca2-42cd-8cfe-f312b78b94af","type":"connector"}},{"type":"Feature","geometry":{"type":"Point","coordinates":[-73.7384255,45.613587]},"properties":{"id":"daa588e1-0837-4807-ac33-dbed23814cb9","type":"connector"}},{"type":"Feature","geometry":{"type":"Point","coordinates":[-73.7385126,45.6136734]},"properties":{"id":"6d942a9e-5742-48a2-8331-aa1d04667dff","type":"connector"}},{"type":"Feature","geometry":{"type":"Point","coordinates":[-73.7385405,45.6137011]},"properties":{"id":"31126841-6548-48b5-a56a-daa20b65f644","type":"connector"}},{"type":"Feature","geometry":{"type":"Point","coordinates":[-73.7385868,45.613747]},"properties":{"id":"5f23f525-5fab-49f9-8eb0-74dfef2f1ffb","type":"connector"}},{"type":"Feature","geometry":{"type":"Point","coordinates":[-73.738979,45.6134706]},"properties":{"id":"cc638f00-427b-41a3-a544-dd6aeaad74cc","type":"connector"}},{"type":"Feature","geometry":{"type":"Point","coordinates":[-73.7389158,45.6140712]},"properties":{"id":"5e1ab06c-96ca-4d34-a3a9-052457fc5c0a","type":"connector"}},{"type":"Feature","geometry":{"type":"Point","coordinates":[-73.7388736,45.6143244]},"properties":{"id":"2a111a39-b7a1-47d8-b245-a6d0518c9dd9","type":"connector"}},{"type":"Feature","geometry":{"type":"Point","coordinates":[-73.7389487,45.6145363]},"properties":{"id":"fab0fc29-cc80-48bd-8636-d372e86ac57b","type":"connector"}},{"type":"Feature","geometry":{"type":"Point","coordinates":[-73.7390449,45.6144872]},"properties":{"id":"b5d2c10f-cdd7-452b-9fe2-1e59cc6730d2","type":"connector"}},{"type":"Feature","geometry":{"type":"Point","coordinates":[-73.7400887,45.6146027]},"properties":{"id":"0a2f20b1-4889-4ded-89f2-99131c7e016c","type":"connector"}},{"type":"Feature","geometry":{"type":"Point","coordinates":[-73.7400481,45.6148621]},"properties":{"id":"e075da21-135e-4345-a851-85515dbf5f7b","type":"connector"}},{"type":"Feature","geometry":{"type":"Point","coordinates":[-73.7396413,45.6150544]},"properties":{"id":"dc66664e-4153-422d-8fc3-500d8234a036","type":"connector"}},{"type":"Feature","geometry":{"type":"Point","coordinates":[-73.7397375,45.6150075]},"properties":{"id":"0eef0614-b308-45b4-85b8-f3a38a543578","type":"connector"}},{"type":"Feature","geometry":{"type":"Point","coordinates":[-73.7398118,45.6149712]},"properties":{"id":"e21e53f5-1e13-4f11-b973-1251fcece06f","type":"connector"}},{"type":"Feature","geometry":{"type":"Point","coordinates":[-73.7398595,45.6149587]},"properties":{"id":"930cf54b-c494-403d-861a-3f7e67023b38","type":"connector"}},{"type":"Feature","geometry":{"type":"Point","coordinates":[-73.7395453,45.6149626]},"properties":{"id":"34cbd7de-6aa4-41a1-9795-096a30a5809f","type":"connector"}},{"type":"Feature","geometry":{"type":"Point","coordinates":[-73.7394485,45.6150114]},"properties":{"id":"6ded2a5e-b1cf-4cfa-8152-eea4acfec30a","type":"connector"}},{"type":"Feature","geometry":{"type":"Point","coordinates":[-73.7395436,45.6151046]},"properties":{"id":"09b8dd38-fb2a-4d4a-b82e-06c838ee0749","type":"connector"}},{"type":"Feature","geometry":{"type":"Point","coordinates":[-73.7390583,45.6147949]},"properties":{"id":"9b9b4ca6-1348-4f56-889e-334babf9d235","type":"connector"}},{"type":"Feature","geometry":{"type":"Point","coordinates":[-73.7391642,45.6147404]},"properties":{"id":"93e23242-cb78-48ba-8d1f-bc5d638ccd9a","type":"connector"}},{"type":"Feature","geometry":{"type":"Point","coordinates":[-73.7392657,45.614697]},"properties":{"id":"eeb347cd-c5ec-44f3-8fcd-453261da53ac","type":"connector"}},{"type":"Feature","geometry":{"type":"Point","coordinates":[-73.7393654,45.6146522]},"properties":{"id":"15d7a7cd-f6bd-4d22-ae8a-1d53b175547a","type":"connector"}},{"type":"Feature","geometry":{"type":"Point","coordinates":[-73.7394477,45.614606]},"properties":{"id":"168bb36a-04f5-4573-be62-4caf499f1c38","type":"connector"}},{"type":"Feature","geometry":{"type":"Point","coordinates":[-73.7389716,45.6147126]},"properties":{"id":"bff2e2be-f9ea-4ba4-beb5-1cf597b61b70","type":"connector"}},{"type":"Feature","geometry":{"type":"Point","coordinates":[-73.7386623,45.6146025]},"properties":{"id":"22dd2799-9223-4e29-add4-c01defe43242","type":"connector"}},{"type":"Feature","geometry":{"type":"Point","coordinates":[-73.7386955,45.6148549]},"properties":{"id":"e5c9e26b-6ecd-4e21-ae0a-cd905664a750","type":"connector"}},{"type":"Feature","geometry":{"type":"Point","coordinates":[-73.7381662,45.6142731]},"properties":{"id":"80fea817-4e45-4124-8b6f-d1742afe4e65","type":"connector"}},{"type":"Feature","geometry":{"type":"Point","coordinates":[-73.7382935,45.6144735]},"properties":{"id":"2b32b086-787a-4fb7-829c-71f485146998","type":"connector"}},{"type":"Feature","geometry":{"type":"Point","coordinates":[-73.7384394,45.6143993]},"properties":{"id":"95a6b6dc-02a5-4497-b3d6-e69374ccb48b","type":"connector"}},{"type":"Feature","geometry":{"type":"Point","coordinates":[-73.7385416,45.614494]},"properties":{"id":"e1daada1-4379-4e8a-a65b-cea91354d479","type":"connector"}},{"type":"Feature","geometry":{"type":"Point","coordinates":[-73.738778,45.6143733]},"properties":{"id":"18736ddc-afac-483d-a6d4-6c683990fdc4","type":"connector"}},{"type":"Feature","geometry":{"type":"Point","coordinates":[-73.7387396,45.6143929]},"properties":{"id":"964a396f-d5e7-494d-aa8c-07540d3abfdc","type":"connector"}},{"type":"Feature","geometry":{"type":"Point","coordinates":[-73.7387137,45.6141724]},"properties":{"id":"46574407-878c-4885-868e-ce51a77bbfe4","type":"connector"}},{"type":"Feature","geometry":{"type":"Point","coordinates":[-73.7388115,45.6141234]},"properties":{"id":"5dcdf01c-5b3a-479e-92fb-5358bf8dfadf","type":"connector"}},{"type":"Feature","geometry":{"type":"Point","coordinates":[-73.7384308,45.6139034]},"properties":{"id":"37617c2f-c049-46ad-823e-06bc9ea44979","type":"connector"}},{"type":"Feature","geometry":{"type":"Point","coordinates":[-73.7383351,45.6139526]},"properties":{"id":"425728fc-5623-41db-9459-0ed36136583c","type":"connector"}},{"type":"Feature","geometry":{"type":"Point","coordinates":[-73.7378438,45.6139818]},"properties":{"id":"ea86ef83-7a52-4c71-95b2-a85865287135","type":"connector"}},{"type":"Feature","geometry":{"type":"Point","coordinates":[-73.7371081,45.6139611]},"properties":{"id":"64c15409-6bac-45fd-88f6-2e6664e5f00d","type":"connector"}},{"type":"Feature","geometry":{"type":"Point","coordinates":[-73.7363822,45.6143497]},"properties":{"id":"4bf3e80e-c907-4835-93f0-8ed56f08cfca","type":"connector"}},{"type":"Feature","geometry":{"type":"Point","coordinates":[-73.7370195,45.6150441]},"properties":{"id":"3e25044e-c1d9-4d50-bf6d-a1ed0ad860d6","type":"connector"}},{"type":"Feature","geometry":{"type":"Point","coordinates":[-73.7359597,45.6139465]},"properties":{"id":"142abd78-40bd-4b6e-bcae-f1abeb413982","type":"connector"}},{"type":"Feature","geometry":{"type":"Point","coordinates":[-73.7370811,45.6133369]},"properties":{"id":"e3887774-d6e1-4904-8154-5e41d1cc2d79","type":"connector"}},{"type":"Feature","geometry":{"type":"Point","coordinates":[-73.7367651,45.6129017]},"properties":{"id":"bac71e7e-e12d-438c-a1ba-d58b068aa1ff","type":"connector"}},{"type":"Feature","geometry":{"type":"Point","coordinates":[-73.7374734,45.6131328]},"properties":{"id":"4291c9c0-492a-438c-a0e1-dc1214720c35","type":"connector"}},{"type":"Feature","geometry":{"type":"Point","coordinates":[-73.7371225,45.6127834]},"properties":{"id":"340f56c9-691a-4b49-bb37-f2e5b30c96bd","type":"connector"}},{"type":"Feature","geometry":{"type":"Point","coordinates":[-73.7372309,45.6127325]},"properties":{"id":"21506ccf-a3bb-4fbd-8b39-3eff9dd0ad57","type":"connector"}},{"type":"Feature","geometry":{"type":"Point","coordinates":[-73.7372265,45.6125816]},"properties":{"id":"47b71267-ae20-4c51-8e07-c3d503cf7474","type":"connector"}},{"type":"Feature","geometry":{"type":"Point","coordinates":[-73.7374254,45.6125946]},"properties":{"id":"94cd7051-0deb-4ef7-ba70-ec614eb74616","type":"connector"}},{"type":"Feature","geometry":{"type":"Point","coordinates":[-73.7371944,45.6125421]},"properties":{"id":"d51904d8-971f-40fc-91c1-2bb08a48d334","type":"connector"}},{"type":"Feature","geometry":{"type":"Point","coordinates":[-73.7370943,45.6125759]},"properties":{"id":"3ba6da38-0fbc-46ba-8262-35f49d25cf89","type":"connector"}},{"type":"Feature","geometry":{"type":"Point","coordinates":[-73.7368199,45.6125695]},"properties":{"id":"f2d09c99-e6ff-4c6f-a824-1cdf8bd0829b","type":"connector"}},{"type":"Feature","geometry":{"type":"Point","coordinates":[-73.7369145,45.6125287]},"properties":{"id":"ad042d5d-dc66-49db-ae16-0658dbef14ea","type":"connector"}},{"type":"Feature","geometry":{"type":"Point","coordinates":[-73.7368052,45.6126181]},"properties":{"id":"d255f108-be00-4f78-bfd0-89ca23fe6b5c","type":"connector"}},{"type":"Feature","geometry":{"type":"Point","coordinates":[-73.7364846,45.6127219]},"properties":{"id":"94792540-443a-4b16-816e-e878f0f25d48","type":"connector"}},{"type":"Feature","geometry":{"type":"Point","coordinates":[-73.7366216,45.61271]},"properties":{"id":"92697c93-fa56-404a-9581-02aa71901e21","type":"connector"}},{"type":"Feature","geometry":{"type":"Point","coordinates":[-73.7343327,45.612524]},"properties":{"id":"c145e5a9-d953-4567-aae5-6929aae5c828","type":"connector"}},{"type":"Feature","geometry":{"type":"Point","coordinates":[-73.7337831,45.6130039]},"properties":{"id":"f9661dca-c5fe-4144-be17-de72b9270ba9","type":"connector"}},{"type":"Feature","geometry":{"type":"Point","coordinates":[-73.7339717,45.6127026]},"properties":{"id":"f22db61c-9a66-4ec4-8a4e-57cde732f107","type":"connector"}},{"type":"Feature","geometry":{"type":"Point","coordinates":[-73.7333629,45.6125798]},"properties":{"id":"c9b4e536-178f-4946-93fe-661989fb0ff3","type":"connector"}},{"type":"Feature","geometry":{"type":"Point","coordinates":[-73.7331722,45.6126798]},"properties":{"id":"4e490ba9-3bd5-43bc-b81a-c0e7dc3553d3","type":"connector"}},{"type":"Feature","geometry":{"type":"Point","coordinates":[-73.7327262,45.6127545]},"properties":{"id":"b92e3f5b-8b64-4daa-93d2-81c19c73b82b","type":"connector"}},{"type":"Feature","geometry":{"type":"Point","coordinates":[-73.7324311,45.6130909]},"properties":{"id":"ba7b6579-4049-43c9-9c21-249368a3488e","type":"connector"}},{"type":"Feature","geometry":{"type":"Point","coordinates":[-73.7328463,45.6128506]},"properties":{"id":"56d62e8a-f835-4668-a2d0-40059cf7999e","type":"connector"}},{"type":"Feature","geometry":{"type":"Point","coordinates":[-73.7329719,45.6129718]},"properties":{"id":"2e3ef0be-2c8e-47e7-b40c-f7b5061a90a5","type":"connector"}},{"type":"Feature","geometry":{"type":"Point","coordinates":[-73.7327242,45.613277]},"properties":{"id":"7a60e452-e25e-47c3-b14d-551d87fd6d88","type":"connector"}},{"type":"Feature","geometry":{"type":"Point","coordinates":[-73.7320573,45.6133073]},"properties":{"id":"02fd9137-815a-4e3a-9718-0b98c812c356","type":"connector"}},{"type":"Feature","geometry":{"type":"Point","coordinates":[-73.7325906,45.6136022]},"properties":{"id":"c67d9921-a076-46a3-bc61-98bd20ca0dc6","type":"connector"}},{"type":"Feature","geometry":{"type":"Point","coordinates":[-73.7321762,45.6137315]},"properties":{"id":"ff244df9-f3ea-4ebb-86cd-a1c78b0bc206","type":"connector"}},{"type":"Feature","geometry":{"type":"Point","coordinates":[-73.7336638,45.6136389]},"properties":{"id":"9edecd45-5bbb-449d-b272-a7e8d81a9687","type":"connector"}},{"type":"Feature","geometry":{"type":"Point","coordinates":[-73.7346354,45.6132714]},"properties":{"id":"b57f3e6d-38de-4b89-91d0-d5ce37eab0a0","type":"connector"}},{"type":"Feature","geometry":{"type":"Point","coordinates":[-73.7339488,45.6138955]},"properties":{"id":"efff5440-9d6d-433f-9bff-c022816d92bf","type":"connector"}},{"type":"Feature","geometry":{"type":"Point","coordinates":[-73.7343979,45.6152022]},"properties":{"id":"0dadf444-7c87-4d68-915b-6ad9c8e8c17d","type":"connector"}},{"type":"Feature","geometry":{"type":"Point","coordinates":[-73.7329027,45.6139703]},"properties":{"id":"539be7d2-6cf9-4006-9da4-362ccdcd298f","type":"connector"}},{"type":"Feature","geometry":{"type":"Point","coordinates":[-73.731799,45.6139798]},"properties":{"id":"d72a3846-a397-4e97-9ba9-838b1058acb1","type":"connector"}},{"type":"Feature","geometry":{"type":"Point","coordinates":[-73.7319325,45.6145166]},"properties":{"id":"6859ff84-d06a-487d-b2bb-74a7f013e88d","type":"connector"}},{"type":"Feature","geometry":{"type":"Point","coordinates":[-73.7312466,45.6150322]},"properties":{"id":"9d1e1cc8-ed3a-4726-bb78-d291c914b581","type":"connector"}},{"type":"Feature","geometry":{"type":"Point","coordinates":[-73.7299642,45.6147054]},"properties":{"id":"0937721c-1156-4f75-bd2f-24397e9290a0","type":"connector"}},{"type":"Feature","geometry":{"type":"Point","coordinates":[-73.7303372,45.6149656]},"properties":{"id":"35c37298-436d-4c40-93c6-38025978caef","type":"connector"}},{"type":"Feature","geometry":{"type":"Point","coordinates":[-73.7300709,45.6150003]},"properties":{"id":"a450c21c-15f8-426c-9789-5585d9c1ce62","type":"connector"}},{"type":"Feature","geometry":{"type":"Point","coordinates":[-73.729807,45.6151999]},"properties":{"id":"499ff892-abcb-4f46-bc77-55272328cd5b","type":"connector"}},{"type":"Feature","geometry":{"type":"Point","coordinates":[-73.7293831,45.6150504]},"properties":{"id":"eb3c4924-5d83-4582-8571-41ac6fcbdb97","type":"connector"}},{"type":"Feature","geometry":{"type":"Point","coordinates":[-73.7298154,45.6148062]},"properties":{"id":"7b33c087-0675-4bf7-a076-ed3006a64963","type":"connector"}},{"type":"Feature","geometry":{"type":"Point","coordinates":[-73.729939,45.6145522]},"properties":{"id":"2197b5a7-b170-4fbd-b2af-398473a65158","type":"connector"}},{"type":"Feature","geometry":{"type":"Point","coordinates":[-73.730424,45.6143857]},"properties":{"id":"e0e8fdf6-82bf-4f5c-a7dc-7b31a8fc2cfd","type":"connector"}},{"type":"Feature","geometry":{"type":"Point","coordinates":[-73.7303038,45.6143016]},"properties":{"id":"38870ec9-8c13-410b-a86d-ee6ba11dde8c","type":"connector"}},{"type":"Feature","geometry":{"type":"Point","coordinates":[-73.7301829,45.6142137]},"properties":{"id":"2a2b8c3e-b987-4f02-82bf-ef73b78a6b82","type":"connector"}},{"type":"Feature","geometry":{"type":"Point","coordinates":[-73.7311158,45.6136074]},"properties":{"id":"ff7b5254-ec59-49fb-96f8-3f36c8f561b3","type":"connector"}},{"type":"Feature","geometry":{"type":"Point","coordinates":[-73.731219,45.6136907]},"properties":{"id":"c6a2f14a-2823-409a-9782-684bfa4de904","type":"connector"}},{"type":"Feature","geometry":{"type":"Point","coordinates":[-73.7316601,45.6135696]},"properties":{"id":"5adf4a5c-1539-4419-95e6-10ef896f13c0","type":"connector"}},{"type":"Feature","geometry":{"type":"Point","coordinates":[-73.7315923,45.6136143]},"properties":{"id":"f8f4ec00-b246-4180-977d-f8fc5082dafc","type":"connector"}},{"type":"Feature","geometry":{"type":"Point","coordinates":[-73.7319337,45.6133889]},"properties":{"id":"8f3b2aea-3d4c-4a1e-ad89-371d9f4126aa","type":"connector"}},{"type":"Feature","geometry":{"type":"Point","coordinates":[-73.7319379,45.6132108]},"properties":{"id":"1c02cfb1-2c0e-4b0e-b2e7-9596d490fe28","type":"connector"}},{"type":"Feature","geometry":{"type":"Point","coordinates":[-73.7312637,45.6135064]},"properties":{"id":"92924e7a-c29d-4b78-ad7a-b20a0ec7c3fb","type":"connector"}},{"type":"Feature","geometry":{"type":"Point","coordinates":[-73.7307348,45.6113046]},"properties":{"id":"dbbd2ea3-1270-4aa8-9231-394dca5e73b0","type":"connector"}},{"type":"Feature","geometry":{"type":"Point","coordinates":[-73.7313259,45.61142]},"properties":{"id":"3366546f-fe24-4715-b736-b64da15b8b53","type":"connector"}},{"type":"Feature","geometry":{"type":"Point","coordinates":[-73.7316084,45.6116839]},"properties":{"id":"c2be352b-9bf2-4005-a649-0a9b2ba37b08","type":"connector"}},{"type":"Feature","geometry":{"type":"Point","coordinates":[-73.7336444,45.6124048]},"properties":{"id":"a1888d10-9613-4b33-9481-e79bbd18bb94","type":"connector"}},{"type":"Feature","geometry":{"type":"Point","coordinates":[-73.7340023,45.6122178]},"properties":{"id":"f565d9a8-caa9-44ee-a5ec-3a1ebe6b03af","type":"connector"}},{"type":"Feature","geometry":{"type":"Point","coordinates":[-73.7342238,45.6120091]},"properties":{"id":"766e569e-5e4a-401d-b583-51175e3681fc","type":"connector"}},{"type":"Feature","geometry":{"type":"Point","coordinates":[-73.7342933,45.6119738]},"properties":{"id":"643ac7d9-b096-4034-ae36-6c17bdcb1632","type":"connector"}},{"type":"Feature","geometry":{"type":"Point","coordinates":[-73.734356,45.6120309]},"properties":{"id":"42d31f5c-d230-4333-acd3-5db0097407ca","type":"connector"}},{"type":"Feature","geometry":{"type":"Point","coordinates":[-73.7342969,45.612064]},"properties":{"id":"3eedae79-9358-493f-a33b-da442336d869","type":"connector"}},{"type":"Feature","geometry":{"type":"Point","coordinates":[-73.7344211,45.6119972]},"properties":{"id":"56ac7815-f34a-4540-91ae-095f8a09a590","type":"connector"}},{"type":"Feature","geometry":{"type":"Point","coordinates":[-73.7344701,45.6119719]},"properties":{"id":"684e6e16-15b9-4f48-84bc-9b2d7efe9176","type":"connector"}},{"type":"Feature","geometry":{"type":"Point","coordinates":[-73.7342711,45.6118647]},"properties":{"id":"361382a6-cdb9-4314-a396-811906642441","type":"connector"}},{"type":"Feature","geometry":{"type":"Point","coordinates":[-73.7342997,45.6118725]},"properties":{"id":"e4d354c0-ed46-427a-9d48-af01fff3c493","type":"connector"}},{"type":"Feature","geometry":{"type":"Point","coordinates":[-73.7343622,45.6119367]},"properties":{"id":"67cc0279-64da-4eb1-9795-e35fc55f329d","type":"connector"}},{"type":"Feature","geometry":{"type":"Point","coordinates":[-73.7342687,45.6119516]},"properties":{"id":"1f26788d-2dbc-43c6-9bce-67bc63fd1407","type":"connector"}},{"type":"Feature","geometry":{"type":"Point","coordinates":[-73.7341538,45.6119254]},"properties":{"id":"f75425fc-cb07-4898-a206-efec1fb67aa3","type":"connector"}},{"type":"Feature","geometry":{"type":"Point","coordinates":[-73.734229,45.6119138]},"properties":{"id":"b63e3868-f990-435d-9158-6b41f9318c99","type":"connector"}},{"type":"Feature","geometry":{"type":"Point","coordinates":[-73.7341548,45.6119572]},"properties":{"id":"f0db66c9-8262-4aab-a963-302d704c8726","type":"connector"}},{"type":"Feature","geometry":{"type":"Point","coordinates":[-73.733934,45.611626]},"properties":{"id":"ac0a9822-dac4-4925-afb0-dafc9cbe5768","type":"connector"}},{"type":"Feature","geometry":{"type":"Point","coordinates":[-73.7347314,45.6116679]},"properties":{"id":"17a6810f-c273-4950-9936-db40f67fa0af","type":"connector"}},{"type":"Feature","geometry":{"type":"Point","coordinates":[-73.7341093,45.6115334]},"properties":{"id":"e02560b2-2aa9-4e75-9a72-52a29a4fa31e","type":"connector"}},{"type":"Feature","geometry":{"type":"Point","coordinates":[-73.7346483,45.6112968]},"properties":{"id":"9fe23789-c6bc-4fd0-a83e-93c0c0a91045","type":"connector"}},{"type":"Feature","geometry":{"type":"Point","coordinates":[-73.7344198,45.6113646]},"properties":{"id":"92292bf9-31cb-4f88-8e24-c2dd0eb82bef","type":"connector"}},{"type":"Feature","geometry":{"type":"Point","coordinates":[-73.7334156,45.6111193]},"properties":{"id":"1b8255d9-3812-438f-b463-f496e2d1695f","type":"connector"}},{"type":"Feature","geometry":{"type":"Point","coordinates":[-73.7341096,45.6106555]},"properties":{"id":"ae547336-91ce-4c15-935c-0c06a29bb9cd","type":"connector"}},{"type":"Feature","geometry":{"type":"Point","coordinates":[-73.7340466,45.6106937]},"properties":{"id":"8a242622-6b2a-4c7a-ac86-d9d578b77924","type":"connector"}},{"type":"Feature","geometry":{"type":"Point","coordinates":[-73.7343004,45.6098498]},"properties":{"id":"396f5553-72a8-4a12-92d1-b031c22fde91","type":"connector"}},{"type":"Feature","geometry":{"type":"Point","coordinates":[-73.7307589,45.6098717]},"properties":{"id":"d7a2af46-810d-4ceb-a69a-3ad73bbd16e5","type":"connector"}},{"type":"Feature","geometry":{"type":"Point","coordinates":[-73.7314269,45.610397]},"properties":{"id":"675afe9d-28e1-452e-8d85-19068d52be80","type":"connector"}},{"type":"Feature","geometry":{"type":"Point","coordinates":[-73.7307432,45.6108756]},"properties":{"id":"8d8c44b6-42a5-436d-a403-9b38f835e79f","type":"connector"}},{"type":"Feature","geometry":{"type":"Point","coordinates":[-73.7298726,45.6104957]},"properties":{"id":"635f10b0-c433-4aeb-a8e4-ae24bb66f59a","type":"connector"}},{"type":"Feature","geometry":{"type":"Point","coordinates":[-73.7292318,45.6110142]},"properties":{"id":"5a142ccd-749e-452d-855d-bc2b436761f9","type":"connector"}},{"type":"Feature","geometry":{"type":"Point","coordinates":[-73.7260956,45.6103113]},"properties":{"id":"d519fbc4-ebdf-469a-99a6-d0f3bab5a901","type":"connector"}},{"type":"Feature","geometry":{"type":"Point","coordinates":[-73.7256362,45.6098333]},"properties":{"id":"369c8ab3-856a-45d4-aee9-731c136b6dee","type":"connector"}},{"type":"Feature","geometry":{"type":"Point","coordinates":[-73.7251914,45.6098894]},"properties":{"id":"fad1c079-14cb-438d-94ce-4f66a145dd65","type":"connector"}},{"type":"Feature","geometry":{"type":"Point","coordinates":[-73.724753,45.6099809]},"properties":{"id":"812762a8-a810-4566-bc41-9e67432e1cf8","type":"connector"}},{"type":"Feature","geometry":{"type":"Point","coordinates":[-73.7247057,45.6097819]},"properties":{"id":"5ef23c09-1d1d-4ddc-b3fa-9e8b587b5e33","type":"connector"}},{"type":"Feature","geometry":{"type":"Point","coordinates":[-73.7243125,45.6098261]},"properties":{"id":"a657e30f-b7f6-47ca-8ff8-b1f7b9a74231","type":"connector"}},{"type":"Feature","geometry":{"type":"Point","coordinates":[-73.7240362,45.6098565]},"properties":{"id":"9f1dbbfe-ab0b-48c3-aa17-33fa5ed64f34","type":"connector"}},{"type":"Feature","geometry":{"type":"Point","coordinates":[-73.7240722,45.6100129]},"properties":{"id":"0b400b45-57ac-4712-8679-243d1ef8cbbe","type":"connector"}},{"type":"Feature","geometry":{"type":"Point","coordinates":[-73.7243497,45.6099809]},"properties":{"id":"f12b5b78-e48e-4466-8652-3ed974de341b","type":"connector"}},{"type":"Feature","geometry":{"type":"Point","coordinates":[-73.7246663,45.6105908]},"properties":{"id":"5654f35c-0e40-4771-878a-e81d5a07c6c1","type":"connector"}},{"type":"Feature","geometry":{"type":"Point","coordinates":[-73.7246287,45.6105039]},"properties":{"id":"52342c10-d346-40fd-99fe-a8ed039195f1","type":"connector"}},{"type":"Feature","geometry":{"type":"Point","coordinates":[-73.7238296,45.6110516]},"properties":{"id":"29fc0cf7-3818-46e5-93af-29cfb6053f07","type":"connector"}},{"type":"Feature","geometry":{"type":"Point","coordinates":[-73.7256834,45.6106377]},"properties":{"id":"e882f1b9-e334-43fa-9839-bb15be40437c","type":"connector"}},{"type":"Feature","geometry":{"type":"Point","coordinates":[-73.7262628,45.6106077]},"properties":{"id":"84bda28a-28bb-43b3-885e-9c0a7c8ac860","type":"connector"}},{"type":"Feature","geometry":{"type":"Point","coordinates":[-73.7263218,45.6106734]},"properties":{"id":"34f0fa81-be7b-4621-935e-6cc8db2d6229","type":"connector"}},{"type":"Feature","geometry":{"type":"Point","coordinates":[-73.7264612,45.6107503]},"properties":{"id":"1c2ddcde-bd6d-4f70-8677-67c5834fc0dc","type":"connector"}},{"type":"Feature","geometry":{"type":"Point","coordinates":[-73.726029,45.6113685]},"properties":{"id":"8c038e7f-6edb-4f45-99a6-1d5d62027f36","type":"connector"}},{"type":"Feature","geometry":{"type":"Point","coordinates":[-73.7250573,45.6114941]},"properties":{"id":"56a50c86-a24f-4d5c-86fc-a3f18648bd53","type":"connector"}},{"type":"Feature","geometry":{"type":"Point","coordinates":[-73.72509,45.6115696]},"properties":{"id":"a7a38f24-2241-4b6b-a4bc-d757e249fe16","type":"connector"}},{"type":"Feature","geometry":{"type":"Point","coordinates":[-73.7253451,45.6122463]},"properties":{"id":"31fbbe17-5631-458c-9af5-bf7b875460f0","type":"connector"}},{"type":"Feature","geometry":{"type":"Point","coordinates":[-73.7263453,45.6120049]},"properties":{"id":"076db19b-f6b6-44a2-b5f8-4b78655ec1b8","type":"connector"}},{"type":"Feature","geometry":{"type":"Point","coordinates":[-73.7267443,45.6112106]},"properties":{"id":"eeaaf4c7-d694-4fab-aa1b-225ff9815ba9","type":"connector"}},{"type":"Feature","geometry":{"type":"Point","coordinates":[-73.7290311,45.6119397]},"properties":{"id":"d566c0a6-9265-481b-95e3-a62831b28e9d","type":"connector"}},{"type":"Feature","geometry":{"type":"Point","coordinates":[-73.7282624,45.6124619]},"properties":{"id":"cbc2094f-2eca-425b-bdf9-2c3525672a12","type":"connector"}},{"type":"Feature","geometry":{"type":"Point","coordinates":[-73.7274048,45.6130111]},"properties":{"id":"55400c01-b47b-4c17-a662-efebf17e9564","type":"connector"}},{"type":"Feature","geometry":{"type":"Point","coordinates":[-73.7279349,45.6148344]},"properties":{"id":"97a417fe-1224-413b-a666-7be85abc2ca3","type":"connector"}},{"type":"Feature","geometry":{"type":"Point","coordinates":[-73.7273376,45.6147833]},"properties":{"id":"e966eca6-6c8c-4adf-9cdf-0d0d41aaf6de","type":"connector"}},{"type":"Feature","geometry":{"type":"Point","coordinates":[-73.7268384,45.6151447]},"properties":{"id":"db5cc01a-d419-460f-8ec3-39c754e46907","type":"connector"}},{"type":"Feature","geometry":{"type":"Point","coordinates":[-73.7266353,45.6149707]},"properties":{"id":"a7f66410-222c-48bf-b9da-8dea04178d56","type":"connector"}},{"type":"Feature","geometry":{"type":"Point","coordinates":[-73.7265044,45.614877]},"properties":{"id":"7eca3ab7-9bf5-4479-9bd5-9f0fe1eec637","type":"connector"}},{"type":"Feature","geometry":{"type":"Point","coordinates":[-73.726636,45.6146058]},"properties":{"id":"6d066563-cd54-479e-8add-0b58f2e79a09","type":"connector"}},{"type":"Feature","geometry":{"type":"Point","coordinates":[-73.7256264,45.6141539]},"properties":{"id":"6ac97b45-49dc-4c16-bd8e-9c8fd1dd022d","type":"connector"}},{"type":"Feature","geometry":{"type":"Point","coordinates":[-73.7259726,45.6145205]},"properties":{"id":"ea66e739-2270-48b9-815a-e514831e7543","type":"connector"}},{"type":"Feature","geometry":{"type":"Point","coordinates":[-73.7259649,45.6144371]},"properties":{"id":"720c7275-7107-4dca-a2f9-db671d393613","type":"connector"}},{"type":"Feature","geometry":{"type":"Point","coordinates":[-73.7261986,45.6145231]},"properties":{"id":"19d8e035-75a2-4646-a664-05c551e15de1","type":"connector"}},{"type":"Feature","geometry":{"type":"Point","coordinates":[-73.7261289,45.614572]},"properties":{"id":"ef5aa89a-0557-4f30-9ed6-893572eaf7d7","type":"connector"}},{"type":"Feature","geometry":{"type":"Point","coordinates":[-73.7263285,45.6148147]},"properties":{"id":"fd7e9ccd-fba1-4328-8893-1ef60f1192fd","type":"connector"}},{"type":"Feature","geometry":{"type":"Point","coordinates":[-73.726398,45.6148693]},"properties":{"id":"f690308a-9a77-4c1f-846d-6441c5cf90ce","type":"connector"}},{"type":"Feature","geometry":{"type":"Point","coordinates":[-73.7258374,45.615189]},"properties":{"id":"e9305a5a-b3e2-48ac-95c8-64c4b81a093a","type":"connector"}},{"type":"Feature","geometry":{"type":"Point","coordinates":[-73.725104,45.6145454]},"properties":{"id":"93aad83f-12c9-4679-9aa1-cc69a0169946","type":"connector"}},{"type":"Feature","geometry":{"type":"Point","coordinates":[-73.7247847,45.6146076]},"properties":{"id":"6ab7ee7a-6945-45d7-b804-85d6953453fc","type":"connector"}},{"type":"Feature","geometry":{"type":"Point","coordinates":[-73.7247929,45.6147301]},"properties":{"id":"591da817-8f28-401c-b4c7-9ac7e448e618","type":"connector"}},{"type":"Feature","geometry":{"type":"Point","coordinates":[-73.7250918,45.6149275]},"properties":{"id":"638cf1f6-16bc-486a-a5b2-7a1f79383f88","type":"connector"}},{"type":"Feature","geometry":{"type":"Point","coordinates":[-73.7246904,45.6152135]},"properties":{"id":"de7b15e4-0af8-4bd3-8e2b-6d22e59adb75","type":"connector"}},{"type":"Feature","geometry":{"type":"Point","coordinates":[-73.7243896,45.6149898]},"properties":{"id":"e3bc53ba-629a-4fa9-8715-976f0ede8a97","type":"connector"}},{"type":"Feature","geometry":{"type":"Point","coordinates":[-73.7239857,45.6152248]},"properties":{"id":"f8ad75e2-74f2-4832-94f7-645415a6b933","type":"connector"}},{"type":"Feature","geometry":{"type":"Point","coordinates":[-73.723996,45.6148089]},"properties":{"id":"f5d3fcd2-2e95-487e-99e3-83e403a925d4","type":"connector"}},{"type":"Feature","geometry":{"type":"Point","coordinates":[-73.7240326,45.6143736]},"properties":{"id":"a4bad039-ce60-454b-9025-43548bd1c391","type":"connector"}},{"type":"Feature","geometry":{"type":"Point","coordinates":[-73.7243765,45.6141892]},"properties":{"id":"2409eca2-d660-4bd0-bc48-52088fe341c1","type":"connector"}},{"type":"Feature","geometry":{"type":"Point","coordinates":[-73.7238013,45.6132513]},"properties":{"id":"54822683-b376-4702-9756-342eec08342e","type":"connector"}},{"type":"Feature","geometry":{"type":"Point","coordinates":[-73.7257145,45.612841]},"properties":{"id":"de24f95f-644f-4a2a-bdd1-638a26d3132f","type":"connector"}},{"type":"Feature","geometry":{"type":"Point","coordinates":[-73.7258624,45.6127167]},"properties":{"id":"dd0d786d-4ba4-423f-bbaa-ab1ed9e10964","type":"connector"}},{"type":"Feature","geometry":{"type":"Point","coordinates":[-73.7240447,45.6126395]},"properties":{"id":"14e7c0fd-8545-41cc-b4e4-fa3e187e91f4","type":"connector"}},{"type":"Feature","geometry":{"type":"Point","coordinates":[-73.7233069,45.6127286]},"properties":{"id":"58661fd6-4c7c-44b6-9b0e-52748d4372c0","type":"connector"}},{"type":"Feature","geometry":{"type":"Point","coordinates":[-73.7232135,45.6131059]},"properties":{"id":"7d988bbe-a645-414d-83a5-8ef19a963b48","type":"connector"}},{"type":"Feature","geometry":{"type":"Point","coordinates":[-73.7229036,45.6131514]},"properties":{"id":"e7125e27-7845-48df-9f75-89e8abee6b17","type":"connector"}},{"type":"Feature","geometry":{"type":"Point","coordinates":[-73.7225922,45.6129983]},"properties":{"id":"ade675da-e87b-4abd-b634-74bbeb7e7013","type":"connector"}},{"type":"Feature","geometry":{"type":"Point","coordinates":[-73.7229625,45.6135657]},"properties":{"id":"1505db53-9cba-4c1c-a5ec-84104ca445e6","type":"connector"}},{"type":"Feature","geometry":{"type":"Point","coordinates":[-73.7225394,45.6136813]},"properties":{"id":"e5f16325-0494-4656-9e2c-9ccb385004f9","type":"connector"}},{"type":"Feature","geometry":{"type":"Point","coordinates":[-73.7227917,45.6132612]},"properties":{"id":"05851419-6376-4551-9b80-41553a8460e6","type":"connector"}},{"type":"Feature","geometry":{"type":"Point","coordinates":[-73.7230742,45.6133537]},"properties":{"id":"30f0de4f-135c-422c-87e9-5c0c60f86f00","type":"connector"}},{"type":"Feature","geometry":{"type":"Point","coordinates":[-73.7232812,45.6132357]},"properties":{"id":"9d1856c1-89e2-4a2c-9b72-33d4ba11b2f3","type":"connector"}},{"type":"Feature","geometry":{"type":"Point","coordinates":[-73.7231738,45.6140156]},"properties":{"id":"9213a88e-eb48-455b-ae7b-236b8c31a0fd","type":"connector"}},{"type":"Feature","geometry":{"type":"Point","coordinates":[-73.7233183,45.6139795]},"properties":{"id":"bc97c562-d744-42fc-b724-4bc81beeab14","type":"connector"}},{"type":"Feature","geometry":{"type":"Point","coordinates":[-73.7231143,45.613869]},"properties":{"id":"8c29e1f3-8449-4574-99de-c3bff6f7c770","type":"connector"}},{"type":"Feature","geometry":{"type":"Point","coordinates":[-73.7226582,45.6139658]},"properties":{"id":"3f6cf9ef-85a5-4bbe-b984-b8e25651361f","type":"connector"}},{"type":"Feature","geometry":{"type":"Point","coordinates":[-73.7227631,45.6142706]},"properties":{"id":"06cb8a63-a70d-44ff-b8a3-c22df8551f6e","type":"connector"}},{"type":"Feature","geometry":{"type":"Point","coordinates":[-73.7232173,45.6142049]},"properties":{"id":"9cad71e2-d988-4e37-af24-f61f8458b43a","type":"connector"}},{"type":"Feature","geometry":{"type":"Point","coordinates":[-73.7232957,45.6145976]},"properties":{"id":"514f3108-d6e4-42dc-be63-0d9f569da0b3","type":"connector"}},{"type":"Feature","geometry":{"type":"Point","coordinates":[-73.7234574,45.6148116]},"properties":{"id":"c5cad03c-1cdb-47e7-ae35-5075d4a1b60d","type":"connector"}},{"type":"Feature","geometry":{"type":"Point","coordinates":[-73.7234655,45.6151779]},"properties":{"id":"16888661-e45c-4582-8101-affa342303bd","type":"connector"}},{"type":"Feature","geometry":{"type":"Point","coordinates":[-73.7232728,45.6151707]},"properties":{"id":"899ef341-b806-4949-bb31-16f7b5e76f9c","type":"connector"}},{"type":"Feature","geometry":{"type":"Point","coordinates":[-73.7232899,45.6150557]},"properties":{"id":"c050241f-2ae9-4ada-8b59-64632cc48c0d","type":"connector"}},{"type":"Feature","geometry":{"type":"Point","coordinates":[-73.722837,45.6150378]},"properties":{"id":"8491b61c-42d0-42af-91fd-247ded18439e","type":"connector"}},{"type":"Feature","geometry":{"type":"Point","coordinates":[-73.7228193,45.6146365]},"properties":{"id":"3ee1b677-cab3-4450-a754-0277898fd0ae","type":"connector"}},{"type":"Feature","geometry":{"type":"Point","coordinates":[-73.7234026,45.6121017]},"properties":{"id":"9dc0bf0a-2040-42ef-ab87-98b9b353df3e","type":"connector"}},{"type":"Feature","geometry":{"type":"Point","coordinates":[-73.7237275,45.6106165]},"properties":{"id":"2b731a18-0ece-444c-a7f9-c10fd6e7906c","type":"connector"}},{"type":"Feature","geometry":{"type":"Point","coordinates":[-73.7227371,45.61015]},"properties":{"id":"e82df8e7-85f1-445a-b263-c62a75273e40","type":"connector"}},{"type":"Feature","geometry":{"type":"Point","coordinates":[-73.723651,45.6101155]},"properties":{"id":"7a239368-dad1-4e4c-a1df-4e4bc36eaaed","type":"connector"}},{"type":"Feature","geometry":{"type":"Point","coordinates":[-73.7232055,45.610157]},"properties":{"id":"aad42381-a8c7-4c61-a619-30d408323d75","type":"connector"}},{"type":"Feature","geometry":{"type":"Point","coordinates":[-73.7231638,45.609955]},"properties":{"id":"4acd7edf-74cf-45e8-9e2d-27f8c72b3331","type":"connector"}},{"type":"Feature","geometry":{"type":"Point","coordinates":[-73.7236011,45.6099068]},"properties":{"id":"f8e423ec-ab22-4b1d-b1ba-5fcd75ed3f3c","type":"connector"}},{"type":"Feature","geometry":{"type":"Point","coordinates":[-73.7235658,45.609759]},"properties":{"id":"bd5c219a-1a61-44da-9340-289290b87c99","type":"connector"}},{"type":"Feature","geometry":{"type":"Point","coordinates":[-73.7231285,45.6098082]},"properties":{"id":"a548966d-1139-4f70-9f14-dfa4611954bf","type":"connector"}},{"type":"Feature","geometry":{"type":"Point","coordinates":[-73.7227044,45.6100062]},"properties":{"id":"3ba1cfbc-e25d-4c12-ab66-05cc73168933","type":"connector"}},{"type":"Feature","geometry":{"type":"Point","coordinates":[-73.7226711,45.6098597]},"properties":{"id":"d5c495c6-fc8f-49ab-90d3-2e1941759bad","type":"connector"}},{"type":"Feature","geometry":{"type":"Point","coordinates":[-73.7240015,45.6097104]},"properties":{"id":"c69b4893-6178-433a-9f2a-42c6c962564f","type":"connector"}},{"type":"Feature","geometry":{"type":"Point","coordinates":[-73.7242797,45.6096802]},"properties":{"id":"69284788-280c-46e0-8332-1962c45c6731","type":"connector"}},{"type":"Feature","geometry":{"type":"Point","coordinates":[-73.7251537,45.6097302]},"properties":{"id":"7e06c822-39dc-407f-9039-d6b8e059dc7b","type":"connector"}},{"type":"Feature","geometry":{"type":"Point","coordinates":[-73.7235129,45.6235389]},"properties":{"id":"a56fef16-36ca-411f-bb8d-3d3b1d1215b9","type":"connector"}},{"type":"Feature","geometry":{"type":"Point","coordinates":[-73.7231843,45.6253491]},"properties":{"id":"e288fec1-ec94-427d-b4ac-64baf89debbb","type":"connector"}},{"type":"Feature","geometry":{"type":"Point","coordinates":[-73.723928,45.6249521]},"properties":{"id":"c4205d4e-2978-4023-94f2-08727c065844","type":"connector"}},{"type":"Feature","geometry":{"type":"Point","coordinates":[-73.72452,45.6255023]},"properties":{"id":"ea903ac9-3ebb-49d4-8d08-65ece75f42cd","type":"connector"}},{"type":"Feature","geometry":{"type":"Point","coordinates":[-73.7255336,45.6249635]},"properties":{"id":"acae2274-0346-43b3-9588-01c7146d6413","type":"connector"}},{"type":"Feature","geometry":{"type":"Point","coordinates":[-73.7258468,45.6252536]},"properties":{"id":"2dd9bfde-2174-4572-94b6-bf5813c1320c","type":"connector"}},{"type":"Feature","geometry":{"type":"Point","coordinates":[-73.7263046,45.6256743]},"properties":{"id":"5e90aa0e-5fb1-404d-9034-b4de7a2987e6","type":"connector"}},{"type":"Feature","geometry":{"type":"Point","coordinates":[-73.7251692,45.6261093]},"properties":{"id":"afbefde8-b6ec-4a11-b510-5a1077db838b","type":"connector"}},{"type":"Feature","geometry":{"type":"Point","coordinates":[-73.7280797,45.626136]},"properties":{"id":"4b2dc77f-843c-4f89-9fdf-c95bcd851d3a","type":"connector"}},{"type":"Feature","geometry":{"type":"Point","coordinates":[-73.7286115,45.6255586]},"properties":{"id":"a5d7add7-17cd-4a30-962d-4a9b5a941ce0","type":"connector"}},{"type":"Feature","geometry":{"type":"Point","coordinates":[-73.7290281,45.6252466]},"properties":{"id":"3dac1995-7887-45fa-9356-8f05550a9cbe","type":"connector"}},{"type":"Feature","geometry":{"type":"Point","coordinates":[-73.7286107,45.6248977]},"properties":{"id":"803069c4-ed5c-413d-a35a-e9475e2ef4e4","type":"connector"}},{"type":"Feature","geometry":{"type":"Point","coordinates":[-73.7270326,45.6252157]},"properties":{"id":"7cb54f9b-5860-4317-8ef4-eab3ec5700a0","type":"connector"}},{"type":"Feature","geometry":{"type":"Point","coordinates":[-73.7284575,45.6247749]},"properties":{"id":"079c20ea-d5d8-4332-9fd7-853d533782f5","type":"connector"}},{"type":"Feature","geometry":{"type":"Point","coordinates":[-73.7290548,45.624648]},"properties":{"id":"e5ad86de-e9f8-44a7-a1a2-9e8f1d8ddc9e","type":"connector"}},{"type":"Feature","geometry":{"type":"Point","coordinates":[-73.7289098,45.6245138]},"properties":{"id":"ce306d71-6a14-492d-90d4-7e7b51578be5","type":"connector"}},{"type":"Feature","geometry":{"type":"Point","coordinates":[-73.7289324,45.6243608]},"properties":{"id":"a563da65-e3c7-4028-b098-eeccd28936b5","type":"connector"}},{"type":"Feature","geometry":{"type":"Point","coordinates":[-73.727908,45.6242217]},"properties":{"id":"7ee48313-30ca-4349-aa90-5cda730bb95f","type":"connector"}},{"type":"Feature","geometry":{"type":"Point","coordinates":[-73.7281865,45.6238511]},"properties":{"id":"73dc1777-bb1d-4d8c-a4a7-12c344e0c8fb","type":"connector"}},{"type":"Feature","geometry":{"type":"Point","coordinates":[-73.7283358,45.6239843]},"properties":{"id":"b3b00c82-248e-45ee-afc4-a96b3e124614","type":"connector"}},{"type":"Feature","geometry":{"type":"Point","coordinates":[-73.7284711,45.6239249]},"properties":{"id":"31b354a6-38e2-4b1b-b47c-ecdc1862756e","type":"connector"}},{"type":"Feature","geometry":{"type":"Point","coordinates":[-73.7288565,45.6237298]},"properties":{"id":"183505a7-73ed-4648-80ec-365433684161","type":"connector"}},{"type":"Feature","geometry":{"type":"Point","coordinates":[-73.7277292,45.6240953]},"properties":{"id":"37ff27cd-feaa-44ed-b050-a0bd5a7c8cb7","type":"connector"}},{"type":"Feature","geometry":{"type":"Point","coordinates":[-73.7271648,45.623568]},"properties":{"id":"5bc4c5aa-0643-4efa-85eb-9b352a712d9d","type":"connector"}},{"type":"Feature","geometry":{"type":"Point","coordinates":[-73.725964,45.6246595]},"properties":{"id":"a218f538-5923-4f6f-a52c-21d8052ed175","type":"connector"}},{"type":"Feature","geometry":{"type":"Point","coordinates":[-73.7254012,45.6241842]},"properties":{"id":"a65b06da-5b2d-4e68-8054-94c9fd8061ba","type":"connector"}},{"type":"Feature","geometry":{"type":"Point","coordinates":[-73.7246585,45.6245872]},"properties":{"id":"d3355ddf-b102-433e-b6a6-1b3c7878ff62","type":"connector"}},{"type":"Feature","geometry":{"type":"Point","coordinates":[-73.724103,45.6240791]},"properties":{"id":"e30a825f-6e2d-48ff-83f2-58ee356f1518","type":"connector"}},{"type":"Feature","geometry":{"type":"Point","coordinates":[-73.7241449,45.6229908]},"properties":{"id":"f5d6fff5-4b91-4dd3-8d1a-400be075c095","type":"connector"}},{"type":"Feature","geometry":{"type":"Point","coordinates":[-73.7255532,45.6221261]},"properties":{"id":"9b759345-78ca-4945-b61b-abf962acc6dc","type":"connector"}},{"type":"Feature","geometry":{"type":"Point","coordinates":[-73.7257093,45.6222731]},"properties":{"id":"b19f0d63-60f0-4179-8133-5894ea6c8252","type":"connector"}},{"type":"Feature","geometry":{"type":"Point","coordinates":[-73.726267,45.6228036]},"properties":{"id":"97c3aee9-03d6-4893-a7a1-53a77eb11c0c","type":"connector"}},{"type":"Feature","geometry":{"type":"Point","coordinates":[-73.7264684,45.6228919]},"properties":{"id":"8aee7616-f146-4ada-aff8-96d340296afc","type":"connector"}},{"type":"Feature","geometry":{"type":"Point","coordinates":[-73.7270087,45.6234468]},"properties":{"id":"15e62132-9115-40d6-b85b-11e4274a4eac","type":"connector"}},{"type":"Feature","geometry":{"type":"Point","coordinates":[-73.727503,45.62301]},"properties":{"id":"f24856b2-1efe-4728-84d2-9e5b57d12a2f","type":"connector"}},{"type":"Feature","geometry":{"type":"Point","coordinates":[-73.7278119,45.6228585]},"properties":{"id":"8d852ceb-e9ad-407e-8e92-fac2964ff39c","type":"connector"}},{"type":"Feature","geometry":{"type":"Point","coordinates":[-73.7277056,45.6232014]},"properties":{"id":"4f07becb-34a2-4b55-b782-ee9a4d878f91","type":"connector"}},{"type":"Feature","geometry":{"type":"Point","coordinates":[-73.7274644,45.6232073]},"properties":{"id":"f5ff802c-012c-4a4a-9da2-c714da572305","type":"connector"}},{"type":"Feature","geometry":{"type":"Point","coordinates":[-73.7276167,45.6233431]},"properties":{"id":"4ec03509-3972-4d4a-b319-c9d04e010442","type":"connector"}},{"type":"Feature","geometry":{"type":"Point","coordinates":[-73.727898,45.6233833]},"properties":{"id":"3340e6b5-9ab0-40ea-a6e1-cfab080e2723","type":"connector"}},{"type":"Feature","geometry":{"type":"Point","coordinates":[-73.7283246,45.623299]},"properties":{"id":"54d33470-08de-45d8-b32e-e12518926d85","type":"connector"}},{"type":"Feature","geometry":{"type":"Point","coordinates":[-73.7280115,45.6230361]},"properties":{"id":"55e1a9c1-3fd0-41f9-a19b-0b60288317a5","type":"connector"}},{"type":"Feature","geometry":{"type":"Point","coordinates":[-73.7272106,45.6222096]},"properties":{"id":"76e34c03-139c-4527-87c1-5a8a8ba3dd7b","type":"connector"}},{"type":"Feature","geometry":{"type":"Point","coordinates":[-73.7275672,45.6225373]},"properties":{"id":"f7829caf-2c02-41dd-a115-17a6325af7b3","type":"connector"}},{"type":"Feature","geometry":{"type":"Point","coordinates":[-73.7272016,45.6227251]},"properties":{"id":"0979a5a5-a173-4d3e-9e97-1f69f9ae4041","type":"connector"}},{"type":"Feature","geometry":{"type":"Point","coordinates":[-73.726878,45.6226844]},"properties":{"id":"f7e619d0-0518-44b5-be30-5e3b3f767bdd","type":"connector"}},{"type":"Feature","geometry":{"type":"Point","coordinates":[-73.7267374,45.6225473]},"properties":{"id":"de7576af-7f0a-42fc-a3d0-3ded77e1303a","type":"connector"}},{"type":"Feature","geometry":{"type":"Point","coordinates":[-73.7268627,45.6224048]},"properties":{"id":"022ea27c-0600-473a-8e32-d71fab4e3175","type":"connector"}},{"type":"Feature","geometry":{"type":"Point","coordinates":[-73.726562,45.6221207]},"properties":{"id":"3734ca0c-57de-4573-9220-afc402b937e5","type":"connector"}},{"type":"Feature","geometry":{"type":"Point","coordinates":[-73.726844,45.6219855]},"properties":{"id":"ebfb5604-81db-4060-8be5-ce2280c33219","type":"connector"}},{"type":"Feature","geometry":{"type":"Point","coordinates":[-73.7265766,45.6216991]},"properties":{"id":"911b8291-0746-421e-9b89-3c8785539e33","type":"connector"}},{"type":"Feature","geometry":{"type":"Point","coordinates":[-73.7275258,45.621892]},"properties":{"id":"719c1bdb-f5b7-4546-8615-fb49c7f068f5","type":"connector"}},{"type":"Feature","geometry":{"type":"Point","coordinates":[-73.7269826,45.6213831]},"properties":{"id":"6f1bb656-6e3a-44f8-a3af-4a52df1f3b85","type":"connector"}},{"type":"Feature","geometry":{"type":"Point","coordinates":[-73.726395,45.6208389]},"properties":{"id":"88c5ec44-ceee-4d2c-a718-dcac872937ad","type":"connector"}},{"type":"Feature","geometry":{"type":"Point","coordinates":[-73.7256851,45.62084]},"properties":{"id":"16edadab-a9c0-46b9-841e-c4645909398f","type":"connector"}},{"type":"Feature","geometry":{"type":"Point","coordinates":[-73.725156,45.6208397]},"properties":{"id":"99df96bc-139d-4985-bfab-cd13464d45e9","type":"connector"}},{"type":"Feature","geometry":{"type":"Point","coordinates":[-73.7253368,45.6210139]},"properties":{"id":"bc16e3a4-f3ea-4552-b8bd-723cd688c7fb","type":"connector"}},{"type":"Feature","geometry":{"type":"Point","coordinates":[-73.7253039,45.6212084]},"properties":{"id":"3b9d4485-f524-4be7-8a18-3f215bfa7ba9","type":"connector"}},{"type":"Feature","geometry":{"type":"Point","coordinates":[-73.7254543,45.6213377]},"properties":{"id":"6cba161d-3a84-4a13-a1b4-2080d39c501a","type":"connector"}},{"type":"Feature","geometry":{"type":"Point","coordinates":[-73.7256086,45.6212608]},"properties":{"id":"f8194065-1720-4831-a077-0cb0af056dd7","type":"connector"}},{"type":"Feature","geometry":{"type":"Point","coordinates":[-73.72624,45.6213136]},"properties":{"id":"4475b008-6cfd-468c-a3c2-dd4bf7cf1c61","type":"connector"}},{"type":"Feature","geometry":{"type":"Point","coordinates":[-73.7264827,45.6215407]},"properties":{"id":"01455bf0-c2b5-48bb-a7f2-18d017ca8581","type":"connector"}},{"type":"Feature","geometry":{"type":"Point","coordinates":[-73.7258922,45.6214876]},"properties":{"id":"1d2812f1-a7d8-4224-a664-1ff206e22362","type":"connector"}},{"type":"Feature","geometry":{"type":"Point","coordinates":[-73.7260693,45.6216551]},"properties":{"id":"bdd8df14-0078-4f1e-a96b-c8a2dd5eabc7","type":"connector"}},{"type":"Feature","geometry":{"type":"Point","coordinates":[-73.7264246,45.6219909]},"properties":{"id":"946d043c-e6e9-4812-9ab8-a4749b7cdf6d","type":"connector"}},{"type":"Feature","geometry":{"type":"Point","coordinates":[-73.7261839,45.6220075]},"properties":{"id":"111ac2f8-64f4-40fb-8c1c-d9ccf5baa41d","type":"connector"}},{"type":"Feature","geometry":{"type":"Point","coordinates":[-73.7260337,45.6218696]},"properties":{"id":"c264cda7-5425-44c4-b795-cf1799bd0628","type":"connector"}},{"type":"Feature","geometry":{"type":"Point","coordinates":[-73.7250038,45.621584]},"properties":{"id":"b19215f9-baab-4f7b-bf4b-0f4ebd790dc3","type":"connector"}},{"type":"Feature","geometry":{"type":"Point","coordinates":[-73.724875,45.6214526]},"properties":{"id":"c78b798b-ee74-494a-98b7-c62e1e45db9b","type":"connector"}},{"type":"Feature","geometry":{"type":"Point","coordinates":[-73.7240695,45.621785]},"properties":{"id":"0a807020-5fec-479e-8df9-daec16bd4b11","type":"connector"}},{"type":"Feature","geometry":{"type":"Point","coordinates":[-73.7242471,45.621709]},"properties":{"id":"676af327-3501-45ed-a5cf-39b7de1ac30d","type":"connector"}},{"type":"Feature","geometry":{"type":"Point","coordinates":[-73.7249898,45.6209385]},"properties":{"id":"5abf8fc0-ffec-4cab-9aa5-4536f658f49f","type":"connector"}},{"type":"Feature","geometry":{"type":"Point","coordinates":[-73.7239602,45.6209612]},"properties":{"id":"052dc7a0-2027-4c7e-b0b5-fb4be479ab44","type":"connector"}},{"type":"Feature","geometry":{"type":"Point","coordinates":[-73.7234729,45.6212319]},"properties":{"id":"ffb93707-4481-4927-bc72-393deb0a2b9d","type":"connector"}},{"type":"Feature","geometry":{"type":"Point","coordinates":[-73.7233576,45.6212931]},"properties":{"id":"b74a18c2-7b86-4f0a-895c-3551d53c6971","type":"connector"}},{"type":"Feature","geometry":{"type":"Point","coordinates":[-73.7225405,45.6217336]},"properties":{"id":"3640a0cd-c4a9-4529-89a2-d7aac07c87d5","type":"connector"}},{"type":"Feature","geometry":{"type":"Point","coordinates":[-73.7226908,45.621647]},"properties":{"id":"fca945d7-02f3-4b49-9ae0-c3b1b774ce22","type":"connector"}},{"type":"Feature","geometry":{"type":"Point","coordinates":[-73.7224991,45.6214472]},"properties":{"id":"5018493f-a4d0-4d41-9334-22581e41c61a","type":"connector"}},{"type":"Feature","geometry":{"type":"Point","coordinates":[-73.7228191,45.6215789]},"properties":{"id":"30bf5127-1e22-454c-b908-b9f13b990a10","type":"connector"}},{"type":"Feature","geometry":{"type":"Point","coordinates":[-73.7237358,45.6225799]},"properties":{"id":"36cb9790-857f-4d03-b21b-673b8a8f52e7","type":"connector"}},{"type":"Feature","geometry":{"type":"Point","coordinates":[-73.7225604,45.6205571]},"properties":{"id":"ecd54b64-9fbf-4c3d-8747-07dcfe9f0b1e","type":"connector"}},{"type":"Feature","geometry":{"type":"Point","coordinates":[-73.723172,45.6202119]},"properties":{"id":"864e9987-1cb5-472a-9bb2-f7aca8d79f7d","type":"connector"}},{"type":"Feature","geometry":{"type":"Point","coordinates":[-73.7226081,45.6202636]},"properties":{"id":"cb41296d-f661-4eac-b6c0-d8e85687ed11","type":"connector"}},{"type":"Feature","geometry":{"type":"Point","coordinates":[-73.7237463,45.6197321]},"properties":{"id":"bbb542e3-d414-4a5c-8171-235d135a83ab","type":"connector"}},{"type":"Feature","geometry":{"type":"Point","coordinates":[-73.7237193,45.6197129]},"properties":{"id":"b60df4ac-a6b7-4d48-940d-2b01da423b64","type":"connector"}},{"type":"Feature","geometry":{"type":"Point","coordinates":[-73.723246,45.619624]},"properties":{"id":"61036b86-2a77-43d8-8197-5bf8d41e4eb0","type":"connector"}},{"type":"Feature","geometry":{"type":"Point","coordinates":[-73.7236368,45.6196355]},"properties":{"id":"5e7a376f-0cf9-46cb-b728-ae8f6912d68f","type":"connector"}},{"type":"Feature","geometry":{"type":"Point","coordinates":[-73.7237551,45.6195762]},"properties":{"id":"954e1ff0-9e15-4753-b185-9778fe67fbc8","type":"connector"}},{"type":"Feature","geometry":{"type":"Point","coordinates":[-73.7225846,45.6190552]},"properties":{"id":"ca077c56-095d-44b5-a376-d8fdeca2a034","type":"connector"}},{"type":"Feature","geometry":{"type":"Point","coordinates":[-73.7228672,45.6192982]},"properties":{"id":"192dba06-b3cb-4c29-9792-9b939592a926","type":"connector"}},{"type":"Feature","geometry":{"type":"Point","coordinates":[-73.7234555,45.6192999]},"properties":{"id":"5be88fab-5338-4ff2-963f-f83064c3816e","type":"connector"}},{"type":"Feature","geometry":{"type":"Point","coordinates":[-73.7232158,45.6190723]},"properties":{"id":"99cf3297-2c2c-42c2-a56d-d960e2c782dd","type":"connector"}},{"type":"Feature","geometry":{"type":"Point","coordinates":[-73.7236661,45.6188879]},"properties":{"id":"c4624115-3eb3-41cb-9dcd-3f325680a3b5","type":"connector"}},{"type":"Feature","geometry":{"type":"Point","coordinates":[-73.7230019,45.6187487]},"properties":{"id":"50817b56-2d91-4929-99c0-1ce1b00a969c","type":"connector"}},{"type":"Feature","geometry":{"type":"Point","coordinates":[-73.7229745,45.6187127]},"properties":{"id":"2e2efdeb-427e-4c5b-8a32-5605a6143735","type":"connector"}},{"type":"Feature","geometry":{"type":"Point","coordinates":[-73.722821,45.6187438]},"properties":{"id":"aa07ad94-010a-4985-b295-fec4c73c31f8","type":"connector"}},{"type":"Feature","geometry":{"type":"Point","coordinates":[-73.7234598,45.6186281]},"properties":{"id":"368d8e07-a0e6-4b4d-abfb-cb3f0d25e01b","type":"connector"}},{"type":"Feature","geometry":{"type":"Point","coordinates":[-73.7233382,45.6183342]},"properties":{"id":"e8e96f8e-d0af-4f1f-8394-daf1929dfc4b","type":"connector"}},{"type":"Feature","geometry":{"type":"Point","coordinates":[-73.7228903,45.6183239]},"properties":{"id":"ee1b97c1-1993-41fa-aa7a-789f5ec2a841","type":"connector"}},{"type":"Feature","geometry":{"type":"Point","coordinates":[-73.7227429,45.6181588]},"properties":{"id":"db72e019-ab30-4621-b60b-1f8f06f0a626","type":"connector"}},{"type":"Feature","geometry":{"type":"Point","coordinates":[-73.7227411,45.6154914]},"properties":{"id":"41b764d0-e970-4ec8-80f9-9287085080ca","type":"connector"}},{"type":"Feature","geometry":{"type":"Point","coordinates":[-73.7232111,45.6155281]},"properties":{"id":"2853184a-82ab-41cd-b286-a7695bc1934e","type":"connector"}},{"type":"Feature","geometry":{"type":"Point","coordinates":[-73.7233598,45.6157124]},"properties":{"id":"24562cb9-5f87-41e0-8cde-74acb51f2eb2","type":"connector"}},{"type":"Feature","geometry":{"type":"Point","coordinates":[-73.7231565,45.6158576]},"properties":{"id":"41339d75-9084-4610-917d-39ed02faa314","type":"connector"}},{"type":"Feature","geometry":{"type":"Point","coordinates":[-73.7233283,45.6158715]},"properties":{"id":"db58d908-70b9-4832-ae3e-7487e515ff76","type":"connector"}},{"type":"Feature","geometry":{"type":"Point","coordinates":[-73.7233198,45.615924]},"properties":{"id":"b3c6395b-8f11-4c66-919e-015ea86e847e","type":"connector"}},{"type":"Feature","geometry":{"type":"Point","coordinates":[-73.7226281,45.6161585]},"properties":{"id":"c3da1581-c8bc-4244-b0f3-4db21fd672ba","type":"connector"}},{"type":"Feature","geometry":{"type":"Point","coordinates":[-73.7227432,45.6161975]},"properties":{"id":"121a21b9-d11b-4311-b94b-be1258c378c8","type":"connector"}},{"type":"Feature","geometry":{"type":"Point","coordinates":[-73.7231385,45.6169779]},"properties":{"id":"a50c3311-935d-4e2f-a66d-048e07e55ede","type":"connector"}},{"type":"Feature","geometry":{"type":"Point","coordinates":[-73.7229498,45.6170363]},"properties":{"id":"fc9b55e4-b69c-4ff1-b7fa-c512a431d7fc","type":"connector"}},{"type":"Feature","geometry":{"type":"Point","coordinates":[-73.7229373,45.6179346]},"properties":{"id":"4effd4b6-149d-494a-bd54-8ea7c28f05ef","type":"connector"}},{"type":"Feature","geometry":{"type":"Point","coordinates":[-73.7230126,45.6175767]},"properties":{"id":"30b6b0d9-1dc9-487e-9650-0286b8501f8b","type":"connector"}},{"type":"Feature","geometry":{"type":"Point","coordinates":[-73.7234298,45.6176227]},"properties":{"id":"9af0ff89-479d-477a-8dd2-7298a0d7d84a","type":"connector"}},{"type":"Feature","geometry":{"type":"Point","coordinates":[-73.7233812,45.6179672]},"properties":{"id":"312d4c46-391a-4c9a-9972-3020d116d6b7","type":"connector"}},{"type":"Feature","geometry":{"type":"Point","coordinates":[-73.7255831,45.6178437]},"properties":{"id":"61fba10f-73df-4d85-b985-d672c9f31033","type":"connector"}},{"type":"Feature","geometry":{"type":"Point","coordinates":[-73.7257633,45.6178977]},"properties":{"id":"7781f90b-b8c8-412b-9688-0f2aafdf2152","type":"connector"}},{"type":"Feature","geometry":{"type":"Point","coordinates":[-73.7258063,45.6175315]},"properties":{"id":"c61bebd8-1ecb-40c7-a360-772474f46d12","type":"connector"}},{"type":"Feature","geometry":{"type":"Point","coordinates":[-73.7242538,45.6158548]},"properties":{"id":"bfb02713-23b6-4458-9acf-de2ede7facfd","type":"connector"}},{"type":"Feature","geometry":{"type":"Point","coordinates":[-73.7241162,45.6156308]},"properties":{"id":"4764ca0d-18a4-477b-80b9-a83919b4f71c","type":"connector"}},{"type":"Feature","geometry":{"type":"Point","coordinates":[-73.7239999,45.6156579]},"properties":{"id":"95116a49-ba46-4cb4-b2d4-b1a465143375","type":"connector"}},{"type":"Feature","geometry":{"type":"Point","coordinates":[-73.7239453,45.6156933]},"properties":{"id":"325472cd-e3b1-4a61-9d46-ede2409770e0","type":"connector"}},{"type":"Feature","geometry":{"type":"Point","coordinates":[-73.7247446,45.6158411]},"properties":{"id":"df860681-940a-4898-9622-15a9931e5ba7","type":"connector"}},{"type":"Feature","geometry":{"type":"Point","coordinates":[-73.726815,45.6164689]},"properties":{"id":"6119c338-7b6b-4219-b941-f24a1b0f1135","type":"connector"}},{"type":"Feature","geometry":{"type":"Point","coordinates":[-73.7266989,45.6163368]},"properties":{"id":"16ff1d18-9eed-4072-bbc0-8d0e4020f9b0","type":"connector"}},{"type":"Feature","geometry":{"type":"Point","coordinates":[-73.7277684,45.6161046]},"properties":{"id":"e5ca7fb9-6e79-4d47-9033-2fc7590bdbcd","type":"connector"}},{"type":"Feature","geometry":{"type":"Point","coordinates":[-73.7274715,45.6159434]},"properties":{"id":"7b0eee7c-1364-4d81-83ea-88997017953a","type":"connector"}},{"type":"Feature","geometry":{"type":"Point","coordinates":[-73.7267779,45.615444]},"properties":{"id":"211f3095-0021-466b-aa4c-69575ac27dde","type":"connector"}},{"type":"Feature","geometry":{"type":"Point","coordinates":[-73.7269998,45.615292]},"properties":{"id":"e29631df-96a8-43c1-a466-b3c596add019","type":"connector"}},{"type":"Feature","geometry":{"type":"Point","coordinates":[-73.7277007,45.6156475]},"properties":{"id":"e9603eec-e515-48c9-8aa8-c1b571dc5f3e","type":"connector"}},{"type":"Feature","geometry":{"type":"Point","coordinates":[-73.7278478,45.6157207]},"properties":{"id":"04eac458-c038-433a-aead-a7773552a48b","type":"connector"}},{"type":"Feature","geometry":{"type":"Point","coordinates":[-73.7283872,45.6153591]},"properties":{"id":"17b0a06d-e257-4b9a-ac0e-ee329beaf71c","type":"connector"}},{"type":"Feature","geometry":{"type":"Point","coordinates":[-73.7284756,45.6154303]},"properties":{"id":"be04237f-e58f-44cb-9497-9b703d7b0437","type":"connector"}},{"type":"Feature","geometry":{"type":"Point","coordinates":[-73.7287193,45.6153283]},"properties":{"id":"fdbf6f70-4c10-4ff7-8d9a-d72ccf9948cb","type":"connector"}},{"type":"Feature","geometry":{"type":"Point","coordinates":[-73.7284762,45.6159385]},"properties":{"id":"6216ec1e-5a95-43dd-8c4e-1f0fba6b2c9a","type":"connector"}},{"type":"Feature","geometry":{"type":"Point","coordinates":[-73.7289182,45.6167702]},"properties":{"id":"02bec3d6-3097-4d8f-9530-1dcc0881a8a3","type":"connector"}},{"type":"Feature","geometry":{"type":"Point","coordinates":[-73.7289246,45.6168746]},"properties":{"id":"792bb15d-ad2e-4199-bb89-e15abf49677e","type":"connector"}},{"type":"Feature","geometry":{"type":"Point","coordinates":[-73.727522,45.6171401]},"properties":{"id":"50a359f6-8d9e-4215-b724-a799b01c6be0","type":"connector"}},{"type":"Feature","geometry":{"type":"Point","coordinates":[-73.7291902,45.6176149]},"properties":{"id":"1d251959-fa5b-4898-bad4-b281cc1ef290","type":"connector"}},{"type":"Feature","geometry":{"type":"Point","coordinates":[-73.7284096,45.6188844]},"properties":{"id":"52392d67-a3d9-4d19-ab1d-ac88b69ed411","type":"connector"}},{"type":"Feature","geometry":{"type":"Point","coordinates":[-73.7273272,45.6190477]},"properties":{"id":"6b41efc6-a9e1-4954-ae0f-0177607eca5e","type":"connector"}},{"type":"Feature","geometry":{"type":"Point","coordinates":[-73.7266555,45.6184372]},"properties":{"id":"79fb0fc9-d9f6-4354-a1e5-1771c3fa8cfc","type":"connector"}},{"type":"Feature","geometry":{"type":"Point","coordinates":[-73.7267009,45.6184786]},"properties":{"id":"3e671723-d1f3-4f8d-a492-7afd00546757","type":"connector"}},{"type":"Feature","geometry":{"type":"Point","coordinates":[-73.7274624,45.6180316]},"properties":{"id":"1850708e-7364-4b5f-a1b2-cee7fedce486","type":"connector"}},{"type":"Feature","geometry":{"type":"Point","coordinates":[-73.7251925,45.6184076]},"properties":{"id":"97256cc1-66d6-4875-a16f-c7df42697587","type":"connector"}},{"type":"Feature","geometry":{"type":"Point","coordinates":[-73.7247985,45.6180827]},"properties":{"id":"07f1d558-b42b-4e87-9305-8a335fb56c30","type":"connector"}},{"type":"Feature","geometry":{"type":"Point","coordinates":[-73.7238412,45.6190934]},"properties":{"id":"18a57226-cf32-408c-8864-7f2ac45ab692","type":"connector"}},{"type":"Feature","geometry":{"type":"Point","coordinates":[-73.7245875,45.6190744]},"properties":{"id":"39839263-342f-4c03-b69b-dad7f9688cc0","type":"connector"}},{"type":"Feature","geometry":{"type":"Point","coordinates":[-73.724699,45.6191704]},"properties":{"id":"8221632e-d22c-44ee-80f2-eac4789dbe67","type":"connector"}},{"type":"Feature","geometry":{"type":"Point","coordinates":[-73.7244904,45.6196829]},"properties":{"id":"ec6e3ffa-e7c4-4cf5-94ce-29c215c85001","type":"connector"}},{"type":"Feature","geometry":{"type":"Point","coordinates":[-73.7238819,45.6196561]},"properties":{"id":"188f9918-6c62-40d7-9df5-a42c1ae233d2","type":"connector"}},{"type":"Feature","geometry":{"type":"Point","coordinates":[-73.724115,45.6198494]},"properties":{"id":"d0ceba48-8895-4e9b-80c9-8dd36342377c","type":"connector"}},{"type":"Feature","geometry":{"type":"Point","coordinates":[-73.7248179,45.6199899]},"properties":{"id":"fe09c266-b315-478c-b73a-42d9a04897dc","type":"connector"}},{"type":"Feature","geometry":{"type":"Point","coordinates":[-73.7250002,45.6201432]},"properties":{"id":"c77458dd-e093-4477-bf1c-dca6df86719f","type":"connector"}},{"type":"Feature","geometry":{"type":"Point","coordinates":[-73.7246082,45.620337]},"properties":{"id":"ad224fd3-b395-497c-bf99-28d49e55cc68","type":"connector"}},{"type":"Feature","geometry":{"type":"Point","coordinates":[-73.7244351,45.6201773]},"properties":{"id":"6a84c2b8-161c-456b-adfb-30737ba49f70","type":"connector"}},{"type":"Feature","geometry":{"type":"Point","coordinates":[-73.7244187,45.6207061]},"properties":{"id":"b8e3d8a8-93e4-490e-9a77-93b7ba28fbdd","type":"connector"}},{"type":"Feature","geometry":{"type":"Point","coordinates":[-73.7246278,45.6205934]},"properties":{"id":"ba892617-a32e-400c-a50e-065e17f0af96","type":"connector"}},{"type":"Feature","geometry":{"type":"Point","coordinates":[-73.7247885,45.6205162]},"properties":{"id":"d9b36cf9-5b90-4c99-9c12-5393930d1c46","type":"connector"}},{"type":"Feature","geometry":{"type":"Point","coordinates":[-73.7249528,45.6206627]},"properties":{"id":"c2e115be-7e3d-4122-bdaa-6041241d8337","type":"connector"}},{"type":"Feature","geometry":{"type":"Point","coordinates":[-73.7254881,45.6206785]},"properties":{"id":"efff7618-ae2c-4a3a-a1a6-df0946f33ccd","type":"connector"}},{"type":"Feature","geometry":{"type":"Point","coordinates":[-73.7253233,45.6204915]},"properties":{"id":"5e256520-d84f-4c6c-bfe3-e6b8307b8560","type":"connector"}},{"type":"Feature","geometry":{"type":"Point","coordinates":[-73.7251586,45.6203042]},"properties":{"id":"be589723-9bc2-4f82-9ef7-5977d2413219","type":"connector"}},{"type":"Feature","geometry":{"type":"Point","coordinates":[-73.7268636,45.6196956]},"properties":{"id":"d2840f55-19fe-4b31-bab3-7e6393d8d303","type":"connector"}},{"type":"Feature","geometry":{"type":"Point","coordinates":[-73.7268439,45.6195433]},"properties":{"id":"12526cff-6a04-4952-b57d-d145e710d6e9","type":"connector"}},{"type":"Feature","geometry":{"type":"Point","coordinates":[-73.72822,45.6198539]},"properties":{"id":"db46c9e9-e9e7-4c39-99d7-3888c33122a6","type":"connector"}},{"type":"Feature","geometry":{"type":"Point","coordinates":[-73.7289822,45.6194426]},"properties":{"id":"cc9afe95-baaa-4e8e-b5f3-fc0eb689e5d9","type":"connector"}},{"type":"Feature","geometry":{"type":"Point","coordinates":[-73.7287953,45.6204054]},"properties":{"id":"1de61549-813c-4555-817a-4cda6d3348e2","type":"connector"}},{"type":"Feature","geometry":{"type":"Point","coordinates":[-73.7302091,45.6204647]},"properties":{"id":"04b06d60-3b71-4018-8e7a-45b422afbed1","type":"connector"}},{"type":"Feature","geometry":{"type":"Point","coordinates":[-73.7305343,45.6203095]},"properties":{"id":"4c810170-73fa-4c80-a9ba-8f69b47cb6bd","type":"connector"}},{"type":"Feature","geometry":{"type":"Point","coordinates":[-73.7303305,45.6202003]},"properties":{"id":"9a0291b1-e2bb-446d-8a08-71aee029a5e0","type":"connector"}},{"type":"Feature","geometry":{"type":"Point","coordinates":[-73.7296205,45.6199659]},"properties":{"id":"f3ab145a-d7d8-4a71-b9dd-913d8cb220b3","type":"connector"}},{"type":"Feature","geometry":{"type":"Point","coordinates":[-73.7297603,45.6198866]},"properties":{"id":"f82decce-12a1-4cda-9ef5-afdbf3217976","type":"connector"}},{"type":"Feature","geometry":{"type":"Point","coordinates":[-73.729633,45.6197574]},"properties":{"id":"7c7e1b6c-4bbf-4086-8e1d-7ba441b0d0e5","type":"connector"}},{"type":"Feature","geometry":{"type":"Point","coordinates":[-73.7302386,45.6196375]},"properties":{"id":"c933f14d-ade8-48c5-a7c4-263905597c02","type":"connector"}},{"type":"Feature","geometry":{"type":"Point","coordinates":[-73.7303976,45.6195546]},"properties":{"id":"a2957138-fe64-4d35-9020-30a965798721","type":"connector"}},{"type":"Feature","geometry":{"type":"Point","coordinates":[-73.7302616,45.6197876]},"properties":{"id":"5a279daf-3429-45c4-9ab5-03609c67e3a0","type":"connector"}},{"type":"Feature","geometry":{"type":"Point","coordinates":[-73.7309802,45.6200966]},"properties":{"id":"15ec612a-f579-44fb-8c11-868203f3f169","type":"connector"}},{"type":"Feature","geometry":{"type":"Point","coordinates":[-73.733716,45.620665]},"properties":{"id":"d4bce5bd-8525-4dcb-82d9-7e759ed609ba","type":"connector"}},{"type":"Feature","geometry":{"type":"Point","coordinates":[-73.7346565,45.6201328]},"properties":{"id":"eb8fe2d0-edf3-433a-aead-d4ed0ca6b048","type":"connector"}},{"type":"Feature","geometry":{"type":"Point","coordinates":[-73.7336731,45.6200497]},"properties":{"id":"2d736d76-de9a-4023-b90f-bc23ccb9fa85","type":"connector"}},{"type":"Feature","geometry":{"type":"Point","coordinates":[-73.7320219,45.6182516]},"properties":{"id":"69b27f52-5cff-4ec8-8557-922d77b7047a","type":"connector"}},{"type":"Feature","geometry":{"type":"Point","coordinates":[-73.7311989,45.6191998]},"properties":{"id":"749e41da-999f-4065-9af9-2a60f44abc74","type":"connector"}},{"type":"Feature","geometry":{"type":"Point","coordinates":[-73.7303376,45.618711]},"properties":{"id":"11b11802-b4ee-428f-9ff4-5351827ad8d6","type":"connector"}},{"type":"Feature","geometry":{"type":"Point","coordinates":[-73.7298017,45.6190003]},"properties":{"id":"46a0ea4b-6d82-45f8-bfbf-5028764e1520","type":"connector"}},{"type":"Feature","geometry":{"type":"Point","coordinates":[-73.7305664,45.6185876]},"properties":{"id":"323841c1-f7f1-4e62-9444-e8229338e696","type":"connector"}},{"type":"Feature","geometry":{"type":"Point","coordinates":[-73.7297596,45.6181327]},"properties":{"id":"f995131b-8ea3-49bb-9b69-efaeb3565258","type":"connector"}},{"type":"Feature","geometry":{"type":"Point","coordinates":[-73.7312768,45.6175]},"properties":{"id":"3de6b347-7207-45a8-ba4d-b7b043b4a048","type":"connector"}},{"type":"Feature","geometry":{"type":"Point","coordinates":[-73.7307234,45.6175368]},"properties":{"id":"8ebdaa27-f32b-4000-8c8a-a9bd9ca0fef0","type":"connector"}},{"type":"Feature","geometry":{"type":"Point","coordinates":[-73.7312618,45.6172591]},"properties":{"id":"5240f5b6-49c7-48dc-a014-cdbaa2e9f7a1","type":"connector"}},{"type":"Feature","geometry":{"type":"Point","coordinates":[-73.7318852,45.6166404]},"properties":{"id":"9469f99b-6ffc-42c4-8eb4-b4533dd415e4","type":"connector"}},{"type":"Feature","geometry":{"type":"Point","coordinates":[-73.7307085,45.6167386]},"properties":{"id":"13c4429f-7f70-4232-a074-00083bec3f2d","type":"connector"}},{"type":"Feature","geometry":{"type":"Point","coordinates":[-73.7303112,45.6162068]},"properties":{"id":"b1761c06-e1c1-4a60-8642-390facb89557","type":"connector"}},{"type":"Feature","geometry":{"type":"Point","coordinates":[-73.7293018,45.6161794]},"properties":{"id":"d5ad77a5-774c-4111-a09a-f8032b3aef13","type":"connector"}},{"type":"Feature","geometry":{"type":"Point","coordinates":[-73.7293671,45.6154108]},"properties":{"id":"0b8bc7f6-bd51-4c47-8ed4-ffdae40130da","type":"connector"}},{"type":"Feature","geometry":{"type":"Point","coordinates":[-73.7311637,45.6161681]},"properties":{"id":"7195a513-e5b9-47be-a8c4-0bf8e0e4b37c","type":"connector"}},{"type":"Feature","geometry":{"type":"Point","coordinates":[-73.7329581,45.6159177]},"properties":{"id":"c6521c90-edde-425c-b1f8-3db9c390d9b9","type":"connector"}},{"type":"Feature","geometry":{"type":"Point","coordinates":[-73.7337711,45.6163405]},"properties":{"id":"a81efb2b-e078-450f-9bec-9ef40d5a4358","type":"connector"}},{"type":"Feature","geometry":{"type":"Point","coordinates":[-73.7338094,45.6163058]},"properties":{"id":"069f156a-cb46-4fe5-93b1-5f721f365e4a","type":"connector"}},{"type":"Feature","geometry":{"type":"Point","coordinates":[-73.7345722,45.6167431]},"properties":{"id":"f845e7b7-9a36-4437-840a-fdfbb7877079","type":"connector"}},{"type":"Feature","geometry":{"type":"Point","coordinates":[-73.7325354,45.6171713]},"properties":{"id":"e1ed58cf-4680-4183-a662-89d407b5d306","type":"connector"}},{"type":"Feature","geometry":{"type":"Point","coordinates":[-73.7321511,45.6176497]},"properties":{"id":"c2a7281f-cf55-4314-92b5-8c58375a46af","type":"connector"}},{"type":"Feature","geometry":{"type":"Point","coordinates":[-73.7355019,45.6176565]},"properties":{"id":"a59b79a0-a237-4103-ab0a-f4862d7df453","type":"connector"}},{"type":"Feature","geometry":{"type":"Point","coordinates":[-73.7355853,45.6177628]},"properties":{"id":"15aeb15a-ab3a-4137-b679-65256407adc5","type":"connector"}},{"type":"Feature","geometry":{"type":"Point","coordinates":[-73.7352851,45.616351]},"properties":{"id":"6a393493-4a3f-49ea-85a6-52067ba494f3","type":"connector"}},{"type":"Feature","geometry":{"type":"Point","coordinates":[-73.7354176,45.6164626]},"properties":{"id":"1a79d065-8a67-4b2f-8caa-fbe5d8774e71","type":"connector"}},{"type":"Feature","geometry":{"type":"Point","coordinates":[-73.7371396,45.6159465]},"properties":{"id":"47da9ae4-44d0-4f93-8ee5-0cae6682ff2d","type":"connector"}},{"type":"Feature","geometry":{"type":"Point","coordinates":[-73.7372959,45.6163121]},"properties":{"id":"4a5b1fa0-e1f2-4739-99ec-501325a5d49c","type":"connector"}},{"type":"Feature","geometry":{"type":"Point","coordinates":[-73.7383197,45.6163736]},"properties":{"id":"188aca66-5ba5-4c11-8725-82d22b208fb9","type":"connector"}},{"type":"Feature","geometry":{"type":"Point","coordinates":[-73.7388559,45.6159911]},"properties":{"id":"77ccf5aa-4bc3-4cfd-bc2e-32c0a947dc84","type":"connector"}},{"type":"Feature","geometry":{"type":"Point","coordinates":[-73.739153,45.6158725]},"properties":{"id":"2baf9072-ef5c-4189-9e7b-7d4b3c26d9e1","type":"connector"}},{"type":"Feature","geometry":{"type":"Point","coordinates":[-73.7394928,45.6157427]},"properties":{"id":"c11aca5d-7083-4691-9c6c-8277e2779b7e","type":"connector"}},{"type":"Feature","geometry":{"type":"Point","coordinates":[-73.7392526,45.6152539]},"properties":{"id":"3800f948-5537-4a7b-866c-ee2dc043f137","type":"connector"}},{"type":"Feature","geometry":{"type":"Point","coordinates":[-73.7398257,45.6155733]},"properties":{"id":"5d9bee96-56bf-43e0-807f-bbcf71319115","type":"connector"}},{"type":"Feature","geometry":{"type":"Point","coordinates":[-73.7399953,45.6153923]},"properties":{"id":"0e9a004c-99d9-4074-a865-a2fb6f4bd7a0","type":"connector"}},{"type":"Feature","geometry":{"type":"Point","coordinates":[-73.7401102,45.6153331]},"properties":{"id":"309c8ca2-a8e1-4360-b858-5ada864c30b5","type":"connector"}},{"type":"Feature","geometry":{"type":"Point","coordinates":[-73.7400756,45.6153302]},"properties":{"id":"6223a8a7-73c9-4225-8fc1-0bd8a468497c","type":"connector"}},{"type":"Feature","geometry":{"type":"Point","coordinates":[-73.7400881,45.6153445]},"properties":{"id":"9b082306-28fa-480d-b893-491be9b5bb71","type":"connector"}},{"type":"Feature","geometry":{"type":"Point","coordinates":[-73.7401509,45.6154075]},"properties":{"id":"026e39b2-007f-4513-8bfe-02d7afd818ad","type":"connector"}},{"type":"Feature","geometry":{"type":"Point","coordinates":[-73.7402292,45.6154643]},"properties":{"id":"694f42d3-c6a7-4280-8a4b-7cfeac3a704e","type":"connector"}},{"type":"Feature","geometry":{"type":"Point","coordinates":[-73.7400603,45.6154545]},"properties":{"id":"f192d133-e5a7-4aad-8169-227475b1af58","type":"connector"}},{"type":"Feature","geometry":{"type":"Point","coordinates":[-73.7400102,45.6154065]},"properties":{"id":"b5adfcef-9bdc-43d4-836d-d9a6c8607b0f","type":"connector"}},{"type":"Feature","geometry":{"type":"Point","coordinates":[-73.7398999,45.6154415]},"properties":{"id":"51849a5e-f528-4b8f-9c50-3bb647978d41","type":"connector"}},{"type":"Feature","geometry":{"type":"Point","coordinates":[-73.7399666,45.6155005]},"properties":{"id":"938b013a-c9ca-401f-9755-79e511810b10","type":"connector"}},{"type":"Feature","geometry":{"type":"Point","coordinates":[-73.7400368,45.6155726]},"properties":{"id":"eadfb247-a140-4705-a4ca-623a7245d9e8","type":"connector"}},{"type":"Feature","geometry":{"type":"Point","coordinates":[-73.7401123,45.6155029]},"properties":{"id":"382ea2f3-1319-4b02-938c-8706d22a01d7","type":"connector"}},{"type":"Feature","geometry":{"type":"Point","coordinates":[-73.7401281,45.6155175]},"properties":{"id":"5657e933-e576-48fa-aaa8-c24a60fd8445","type":"connector"}},{"type":"Feature","geometry":{"type":"Point","coordinates":[-73.7401707,45.6157013]},"properties":{"id":"430dae8f-36ad-43ec-b84a-401e6a62e32c","type":"connector"}},{"type":"Feature","geometry":{"type":"Point","coordinates":[-73.7399547,45.6156885]},"properties":{"id":"ba02db46-d4ff-4911-99fd-36019766132b","type":"connector"}},{"type":"Feature","geometry":{"type":"Point","coordinates":[-73.739753,45.6157936]},"properties":{"id":"b6a983d4-9b81-43ab-b890-2cfd89f031d1","type":"connector"}},{"type":"Feature","geometry":{"type":"Point","coordinates":[-73.7400415,45.615766]},"properties":{"id":"f28a78a2-80d0-42a6-b8f2-b58d0bea491d","type":"connector"}},{"type":"Feature","geometry":{"type":"Point","coordinates":[-73.7401389,45.6158531]},"properties":{"id":"3ea24760-93ad-41f6-a82f-12b0938347ad","type":"connector"}},{"type":"Feature","geometry":{"type":"Point","coordinates":[-73.7401422,45.6162195]},"properties":{"id":"bc1b2f55-90f0-4e35-8f6a-cd3889279408","type":"connector"}},{"type":"Feature","geometry":{"type":"Point","coordinates":[-73.7401082,45.6162377]},"properties":{"id":"f6c8a5cf-5347-491a-939f-e933bdf570b7","type":"connector"}},{"type":"Feature","geometry":{"type":"Point","coordinates":[-73.7399563,45.6160945]},"properties":{"id":"a8fa2463-dcce-4c42-9e99-a2118f3a850a","type":"connector"}},{"type":"Feature","geometry":{"type":"Point","coordinates":[-73.7397507,45.6161181]},"properties":{"id":"12bdbaf1-4443-4fe2-bb66-d00c9f245470","type":"connector"}},{"type":"Feature","geometry":{"type":"Point","coordinates":[-73.7398029,45.6160332]},"properties":{"id":"a5555dab-99e4-4304-96cd-1c8088ec601e","type":"connector"}},{"type":"Feature","geometry":{"type":"Point","coordinates":[-73.7392262,45.616334]},"properties":{"id":"a79383a9-8b7f-4d4a-a756-c9d71b6924c3","type":"connector"}},{"type":"Feature","geometry":{"type":"Point","coordinates":[-73.7394481,45.6164367]},"properties":{"id":"073f4f43-aa5b-4b09-a59c-e30f37974df1","type":"connector"}},{"type":"Feature","geometry":{"type":"Point","coordinates":[-73.7398219,45.6165558]},"properties":{"id":"8102fc91-688c-4aae-975c-db3096fb8104","type":"connector"}},{"type":"Feature","geometry":{"type":"Point","coordinates":[-73.7397843,45.6165054]},"properties":{"id":"ee46ee28-5b57-435b-807d-92d8feda0d49","type":"connector"}},{"type":"Feature","geometry":{"type":"Point","coordinates":[-73.7399653,45.6163139]},"properties":{"id":"39f263ef-8783-495c-81f0-c9bbcd436eb4","type":"connector"}},{"type":"Feature","geometry":{"type":"Point","coordinates":[-73.7401466,45.616394]},"properties":{"id":"ab57ebb2-5663-443b-8f5b-16d149a01aae","type":"connector"}},{"type":"Feature","geometry":{"type":"Point","coordinates":[-73.7401538,45.6168703]},"properties":{"id":"ec9dc10f-abd3-4a12-9b60-e43c73a2d461","type":"connector"}},{"type":"Feature","geometry":{"type":"Point","coordinates":[-73.7402003,45.6169175]},"properties":{"id":"36219fbb-2a01-4254-a27f-6b6e9c6ba828","type":"connector"}},{"type":"Feature","geometry":{"type":"Point","coordinates":[-73.7399456,45.6169797]},"properties":{"id":"3e77bc53-8b58-4738-90c4-a0c9a4f8b73d","type":"connector"}},{"type":"Feature","geometry":{"type":"Point","coordinates":[-73.7391808,45.6169886]},"properties":{"id":"ecf5b137-1a2d-487b-ac22-876a12fa0f20","type":"connector"}},{"type":"Feature","geometry":{"type":"Point","coordinates":[-73.737839,45.6167171]},"properties":{"id":"8354a87a-a09f-4df3-8bfe-b10a616b5451","type":"connector"}},{"type":"Feature","geometry":{"type":"Point","coordinates":[-73.7384155,45.6173898]},"properties":{"id":"d7a8fcfc-06c8-4d22-88d4-d29fea932b1c","type":"connector"}},{"type":"Feature","geometry":{"type":"Point","coordinates":[-73.738903,45.6181484]},"properties":{"id":"10b93751-d940-4f77-b5fe-750f1c608bca","type":"connector"}},{"type":"Feature","geometry":{"type":"Point","coordinates":[-73.7401792,45.6192358]},"properties":{"id":"f321e905-bd2c-439b-8c50-18a6001ebbc1","type":"connector"}},{"type":"Feature","geometry":{"type":"Point","coordinates":[-73.7390101,45.6193389]},"properties":{"id":"457f9401-ed27-4fdf-95aa-1034274af035","type":"connector"}},{"type":"Feature","geometry":{"type":"Point","coordinates":[-73.7388069,45.6191107]},"properties":{"id":"e16ce6a8-28c5-4c45-befb-28af9539f7ff","type":"connector"}},{"type":"Feature","geometry":{"type":"Point","coordinates":[-73.7381714,45.6187388]},"properties":{"id":"0c38a47d-08a1-4219-8055-d01e5795b451","type":"connector"}},{"type":"Feature","geometry":{"type":"Point","coordinates":[-73.7378727,45.6185946]},"properties":{"id":"73610335-0354-495c-a19d-51ed63e0520f","type":"connector"}},{"type":"Feature","geometry":{"type":"Point","coordinates":[-73.7370691,45.6180956]},"properties":{"id":"9fe60574-5626-432c-93ad-eb869a57e467","type":"connector"}},{"type":"Feature","geometry":{"type":"Point","coordinates":[-73.7357126,45.6182807]},"properties":{"id":"1f9ce3b8-f81c-467e-9ff5-a435cfc4f023","type":"connector"}},{"type":"Feature","geometry":{"type":"Point","coordinates":[-73.7357149,45.6181475]},"properties":{"id":"970a6fac-49e2-42a5-b446-2fd70d1a87f4","type":"connector"}},{"type":"Feature","geometry":{"type":"Point","coordinates":[-73.7356194,45.6187722]},"properties":{"id":"687d8d0e-5186-48b3-ba8f-16e21d2ab71f","type":"connector"}},{"type":"Feature","geometry":{"type":"Point","coordinates":[-73.7365758,45.6189992]},"properties":{"id":"4873caae-e3c0-43db-bb21-b14ff937f838","type":"connector"}},{"type":"Feature","geometry":{"type":"Point","coordinates":[-73.7362062,45.6200035]},"properties":{"id":"ace0a93e-4dcc-495d-a8a3-092e03a1a646","type":"connector"}},{"type":"Feature","geometry":{"type":"Point","coordinates":[-73.7361446,45.6200365]},"properties":{"id":"8c2710c6-bd4a-4912-bc89-aebcf2fb6a5a","type":"connector"}},{"type":"Feature","geometry":{"type":"Point","coordinates":[-73.7361375,45.6198914]},"properties":{"id":"974f2a13-b403-4f10-a278-67a1659e5b01","type":"connector"}},{"type":"Feature","geometry":{"type":"Point","coordinates":[-73.7362446,45.6197726]},"properties":{"id":"b0261dad-5333-495c-b782-c2088ec2fc34","type":"connector"}},{"type":"Feature","geometry":{"type":"Point","coordinates":[-73.7348244,45.6196182]},"properties":{"id":"e97a2edc-40bc-44f8-97f2-1b0b81d967eb","type":"connector"}},{"type":"Feature","geometry":{"type":"Point","coordinates":[-73.7360121,45.619948]},"properties":{"id":"6c893756-7f5b-467e-9d1e-7ebc76357dd8","type":"connector"}},{"type":"Feature","geometry":{"type":"Point","coordinates":[-73.7357385,45.6206131]},"properties":{"id":"a644654d-e1dc-49e1-906f-ebe0b4383c1f","type":"connector"}},{"type":"Feature","geometry":{"type":"Point","coordinates":[-73.7382407,45.6197255]},"properties":{"id":"509171f7-d1bb-4e66-886e-4b54650b4aa4","type":"connector"}},{"type":"Feature","geometry":{"type":"Point","coordinates":[-73.739368,45.619673]},"properties":{"id":"0f9aa9c6-77fa-4811-96f8-6b5d84b1ccd3","type":"connector"}},{"type":"Feature","geometry":{"type":"Point","coordinates":[-73.7391438,45.6206021]},"properties":{"id":"066ec9f3-40ea-423e-80b6-267f4db9c9b6","type":"connector"}},{"type":"Feature","geometry":{"type":"Point","coordinates":[-73.7399038,45.621338]},"properties":{"id":"59a8b17f-0613-470b-b9cd-7e145af40253","type":"connector"}},{"type":"Feature","geometry":{"type":"Point","coordinates":[-73.7383429,45.6209803]},"properties":{"id":"a72a97d4-5afc-413c-9e9a-e24763fc1850","type":"connector"}},{"type":"Feature","geometry":{"type":"Point","coordinates":[-73.7400947,45.6223686]},"properties":{"id":"33dcd283-d6d4-4162-89e4-5e07806015f7","type":"connector"}},{"type":"Feature","geometry":{"type":"Point","coordinates":[-73.7389802,45.6232544]},"properties":{"id":"293412e6-6483-4b54-b4e2-9671884db7f3","type":"connector"}},{"type":"Feature","geometry":{"type":"Point","coordinates":[-73.7378352,45.6224661]},"properties":{"id":"7fd96dd7-ee81-4c99-98ec-008b87f0732d","type":"connector"}},{"type":"Feature","geometry":{"type":"Point","coordinates":[-73.7383496,45.6221972]},"properties":{"id":"4049314a-02f8-4ce1-997b-a29dcde79937","type":"connector"}},{"type":"Feature","geometry":{"type":"Point","coordinates":[-73.737061,45.6228778]},"properties":{"id":"9168de38-7d0a-42d8-857c-d0973f860a39","type":"connector"}},{"type":"Feature","geometry":{"type":"Point","coordinates":[-73.73626,45.6232451]},"properties":{"id":"de2c85de-6a1e-49da-975c-c82b1c2e74bb","type":"connector"}},{"type":"Feature","geometry":{"type":"Point","coordinates":[-73.7358256,45.6228395]},"properties":{"id":"c2290d21-24b6-4f71-8550-3043e9347abe","type":"connector"}},{"type":"Feature","geometry":{"type":"Point","coordinates":[-73.7359617,45.6210566]},"properties":{"id":"742623bc-f135-4283-b3bc-33bcf84665a5","type":"connector"}},{"type":"Feature","geometry":{"type":"Point","coordinates":[-73.7360561,45.6213748]},"properties":{"id":"c58fbca2-bc36-46ec-8cc8-5b29d180cfe1","type":"connector"}},{"type":"Feature","geometry":{"type":"Point","coordinates":[-73.7348354,45.6208355]},"properties":{"id":"0c6e7a71-fbd2-446b-ba37-8c7a51fb606b","type":"connector"}},{"type":"Feature","geometry":{"type":"Point","coordinates":[-73.7326866,45.6216853]},"properties":{"id":"66986e85-72ec-4c04-8796-73f791683880","type":"connector"}},{"type":"Feature","geometry":{"type":"Point","coordinates":[-73.7324365,45.6214525]},"properties":{"id":"fd24d661-54bb-4856-bba5-8cf98202e184","type":"connector"}},{"type":"Feature","geometry":{"type":"Point","coordinates":[-73.7307492,45.6209926]},"properties":{"id":"1784bac7-6355-4267-ba94-48632deca0aa","type":"connector"}},{"type":"Feature","geometry":{"type":"Point","coordinates":[-73.7293435,45.6208991]},"properties":{"id":"883fb479-dee7-4289-8b4f-cacd4550c813","type":"connector"}},{"type":"Feature","geometry":{"type":"Point","coordinates":[-73.7313204,45.6215013]},"properties":{"id":"5477abe4-50c6-4e00-8a4b-7674f62fd767","type":"connector"}},{"type":"Feature","geometry":{"type":"Point","coordinates":[-73.7318887,45.6220334]},"properties":{"id":"030a5689-3ad1-4f0b-b23a-8226240aafec","type":"connector"}},{"type":"Feature","geometry":{"type":"Point","coordinates":[-73.7330237,45.6230955]},"properties":{"id":"4ec12700-f0c4-47a0-86f4-6fcbc631ba5c","type":"connector"}},{"type":"Feature","geometry":{"type":"Point","coordinates":[-73.7324521,45.6225546]},"properties":{"id":"69fffb44-09c9-479a-b7c6-062bf4801de2","type":"connector"}},{"type":"Feature","geometry":{"type":"Point","coordinates":[-73.7331945,45.6221581]},"properties":{"id":"892f19e5-3c22-4e10-8ca3-ade2568ff689","type":"connector"}},{"type":"Feature","geometry":{"type":"Point","coordinates":[-73.7337381,45.6226653]},"properties":{"id":"4a9ad701-3e8e-4f7d-9606-54ab53a20710","type":"connector"}},{"type":"Feature","geometry":{"type":"Point","coordinates":[-73.7336302,45.6236514]},"properties":{"id":"459e6bf8-af4e-4340-9576-5caf546b1688","type":"connector"}},{"type":"Feature","geometry":{"type":"Point","coordinates":[-73.734697,45.6240514]},"properties":{"id":"7293c3d1-e887-4dee-9bfc-64d9194142ce","type":"connector"}},{"type":"Feature","geometry":{"type":"Point","coordinates":[-73.7293164,45.6241569]},"properties":{"id":"4e6552e5-bf4b-4571-892f-d0bfa8356588","type":"connector"}},{"type":"Feature","geometry":{"type":"Point","coordinates":[-73.7296641,45.6244869]},"properties":{"id":"fa8cb804-27c1-429c-93b0-c44dec99780d","type":"connector"}},{"type":"Feature","geometry":{"type":"Point","coordinates":[-73.7292744,45.6246841]},"properties":{"id":"3c625574-a7f9-41f9-9d58-5f5ffec7d36c","type":"connector"}},{"type":"Feature","geometry":{"type":"Point","coordinates":[-73.7303674,45.6245172]},"properties":{"id":"4eb6569b-31c3-4260-9005-5d70b458306d","type":"connector"}},{"type":"Feature","geometry":{"type":"Point","coordinates":[-73.7309552,45.6250695]},"properties":{"id":"8b36fed1-1c15-46eb-a74f-717f612dd58f","type":"connector"}},{"type":"Feature","geometry":{"type":"Point","coordinates":[-73.7301885,45.6249956]},"properties":{"id":"ac1643aa-f750-4626-adb8-1b8594ce40d4","type":"connector"}},{"type":"Feature","geometry":{"type":"Point","coordinates":[-73.7295376,45.6249349]},"properties":{"id":"fb473658-cb9c-4ef1-a73d-9ae80d660ebb","type":"connector"}},{"type":"Feature","geometry":{"type":"Point","coordinates":[-73.7294286,45.6249939]},"properties":{"id":"e7234a2b-2710-47a3-9281-77ceab3300f4","type":"connector"}},{"type":"Feature","geometry":{"type":"Point","coordinates":[-73.7298067,45.6251829]},"properties":{"id":"082f7fd6-d8f4-4bcc-9286-88074334caf5","type":"connector"}},{"type":"Feature","geometry":{"type":"Point","coordinates":[-73.7300178,45.6253765]},"properties":{"id":"3ce607a3-3b17-4986-9781-49390860a910","type":"connector"}},{"type":"Feature","geometry":{"type":"Point","coordinates":[-73.7303358,45.6252197]},"properties":{"id":"ef5e3b2f-a78e-43a7-af83-b2694fe4a7fb","type":"connector"}},{"type":"Feature","geometry":{"type":"Point","coordinates":[-73.730602,45.6253792]},"properties":{"id":"3b351ab2-fce9-4a9f-82cd-6d88d829f5fd","type":"connector"}},{"type":"Feature","geometry":{"type":"Point","coordinates":[-73.7305278,45.6258448]},"properties":{"id":"44c43595-a1a5-445a-a2c7-fcc1179365a3","type":"connector"}},{"type":"Feature","geometry":{"type":"Point","coordinates":[-73.7302211,45.625563]},"properties":{"id":"d1ff8c11-da31-42c0-9606-4f83c2461e78","type":"connector"}},{"type":"Feature","geometry":{"type":"Point","coordinates":[-73.7300379,45.6255574]},"properties":{"id":"c8e696b9-c654-4301-b149-011d5ec03329","type":"connector"}},{"type":"Feature","geometry":{"type":"Point","coordinates":[-73.7295131,45.6257165]},"properties":{"id":"39e6a808-7fa3-48d2-9f1d-8862dc52b5ab","type":"connector"}},{"type":"Feature","geometry":{"type":"Point","coordinates":[-73.7299305,45.6261377]},"properties":{"id":"51ac278d-adf2-4ec0-a0b5-a3dd5c7dba86","type":"connector"}},{"type":"Feature","geometry":{"type":"Point","coordinates":[-73.7303954,45.6258885]},"properties":{"id":"ae64bea1-119a-4667-92e8-63035c630271","type":"connector"}},{"type":"Feature","geometry":{"type":"Point","coordinates":[-73.730536,45.6260187]},"properties":{"id":"1b41d740-7b46-42f2-bf88-1aac14197a60","type":"connector"}},{"type":"Feature","geometry":{"type":"Point","coordinates":[-73.7308846,45.6261727]},"properties":{"id":"3c84e934-3584-4fe1-84a6-072d0c557fae","type":"connector"}},{"type":"Feature","geometry":{"type":"Point","coordinates":[-73.731258,45.6259819]},"properties":{"id":"349c16ef-cd10-4e6e-9413-90872989531d","type":"connector"}},{"type":"Feature","geometry":{"type":"Point","coordinates":[-73.7308951,45.6256584]},"properties":{"id":"03dc62b8-2747-4d57-8263-058659054bd2","type":"connector"}},{"type":"Feature","geometry":{"type":"Point","coordinates":[-73.7324493,45.6261852]},"properties":{"id":"2efd1b68-1914-4e67-b449-62bf84655787","type":"connector"}},{"type":"Feature","geometry":{"type":"Point","coordinates":[-73.7340145,45.6253643]},"properties":{"id":"316267bd-7459-4f23-9798-155f98831198","type":"connector"}},{"type":"Feature","geometry":{"type":"Point","coordinates":[-73.734494,45.6257992]},"properties":{"id":"78972237-2d57-4c6d-be9f-03dee645b9a4","type":"connector"}},{"type":"Feature","geometry":{"type":"Point","coordinates":[-73.7370005,45.6250514]},"properties":{"id":"4b53b3eb-1ec8-4522-8ca2-f174eb246863","type":"connector"}},{"type":"Feature","geometry":{"type":"Point","coordinates":[-73.734848,45.6249362]},"properties":{"id":"a208a0d6-8938-4bb5-bb2e-4fded2e1ed27","type":"connector"}},{"type":"Feature","geometry":{"type":"Point","coordinates":[-73.7354527,45.6236619]},"properties":{"id":"99a1f308-986b-42cb-beab-98ed22e543d7","type":"connector"}},{"type":"Feature","geometry":{"type":"Point","coordinates":[-73.7375308,45.6245768]},"properties":{"id":"150a181c-fe0c-4360-ae3d-5db1698b2659","type":"connector"}},{"type":"Feature","geometry":{"type":"Point","coordinates":[-73.7390278,45.6259545]},"properties":{"id":"ef31f7f9-f972-417a-8cbb-e04d0f04cc63","type":"connector"}},{"type":"Feature","geometry":{"type":"Point","coordinates":[-73.7398574,45.6255306]},"properties":{"id":"e5d25118-aa1c-4bcf-8e1a-62e220a8308a","type":"connector"}},{"type":"Feature","geometry":{"type":"Point","coordinates":[-73.7396843,45.6265784]},"properties":{"id":"ed1ed580-d258-4991-a54a-45715f205c03","type":"connector"}},{"type":"Feature","geometry":{"type":"Point","coordinates":[-73.7388915,45.6269828]},"properties":{"id":"9a86c5f4-0344-46b2-a4ff-a71215134221","type":"connector"}},{"type":"Feature","geometry":{"type":"Point","coordinates":[-73.7382403,45.6273487]},"properties":{"id":"80364db0-0ada-4901-a646-7f7f31cdb083","type":"connector"}},{"type":"Feature","geometry":{"type":"Point","coordinates":[-73.7379952,45.6275244]},"properties":{"id":"f3a9b6ca-2728-4c91-ac8c-7ce37ee4478f","type":"connector"}},{"type":"Feature","geometry":{"type":"Point","coordinates":[-73.7382937,45.6264212]},"properties":{"id":"3a098d31-e94a-481a-b6bc-7f2250a68e30","type":"connector"}},{"type":"Feature","geometry":{"type":"Point","coordinates":[-73.7363053,45.6268534]},"properties":{"id":"3e696971-81e2-43c1-8220-1358a0ce181e","type":"connector"}},{"type":"Feature","geometry":{"type":"Point","coordinates":[-73.7359147,45.6266111]},"properties":{"id":"9447d2b6-4ee9-4220-bfd2-065a7da8bbbc","type":"connector"}},{"type":"Feature","geometry":{"type":"Point","coordinates":[-73.7359296,45.6272086]},"properties":{"id":"ca36e844-8efe-4bbe-94ae-106798758131","type":"connector"}},{"type":"Feature","geometry":{"type":"Point","coordinates":[-73.7368223,45.627348]},"properties":{"id":"7d9bd434-ebea-4e0a-b06a-c41ccf8e22e5","type":"connector"}},{"type":"Feature","geometry":{"type":"Point","coordinates":[-73.7374124,45.6278881]},"properties":{"id":"1e524744-d329-4084-92c2-a644bc432c4d","type":"connector"}},{"type":"Feature","geometry":{"type":"Point","coordinates":[-73.7374815,45.6279538]},"properties":{"id":"09a6103d-3bdf-4c86-9277-6da8bdbd2e4c","type":"connector"}},{"type":"Feature","geometry":{"type":"Point","coordinates":[-73.7371825,45.6279946]},"properties":{"id":"2f6b9b21-54f3-4bbd-a5a0-3eaf00be41f9","type":"connector"}},{"type":"Feature","geometry":{"type":"Point","coordinates":[-73.7369256,45.6281136]},"properties":{"id":"33732761-f55c-43f1-9c8f-a78ffddfbd16","type":"connector"}},{"type":"Feature","geometry":{"type":"Point","coordinates":[-73.7366301,45.6282524]},"properties":{"id":"51caf942-369c-45a3-a45f-eeda35962228","type":"connector"}},{"type":"Feature","geometry":{"type":"Point","coordinates":[-73.7359896,45.6285658]},"properties":{"id":"7c000088-51e3-4167-a6ca-8352eaf04ba1","type":"connector"}},{"type":"Feature","geometry":{"type":"Point","coordinates":[-73.7361884,45.6284599]},"properties":{"id":"9f8c277d-aa81-4cbf-9c47-c2e6efea9eef","type":"connector"}},{"type":"Feature","geometry":{"type":"Point","coordinates":[-73.7362592,45.6284266]},"properties":{"id":"b2b2904d-8a1a-4ad5-848e-5d10291e302e","type":"connector"}},{"type":"Feature","geometry":{"type":"Point","coordinates":[-73.7365353,45.6282969]},"properties":{"id":"f7655492-5101-4260-81b4-714a3ac92c03","type":"connector"}},{"type":"Feature","geometry":{"type":"Point","coordinates":[-73.7372802,45.6285043]},"properties":{"id":"e1e23f6e-c815-461f-972c-6f32281a2744","type":"connector"}},{"type":"Feature","geometry":{"type":"Point","coordinates":[-73.7387416,45.6286352]},"properties":{"id":"7a64d95b-c7f3-4a41-ab0e-8882b269326f","type":"connector"}},{"type":"Feature","geometry":{"type":"Point","coordinates":[-73.7382704,45.6284542]},"properties":{"id":"b5230b6b-9e2c-4b5d-ba6f-015b232322e1","type":"connector"}},{"type":"Feature","geometry":{"type":"Point","coordinates":[-73.7383419,45.6284805]},"properties":{"id":"f507ab43-1328-402f-be23-ce46a49fb9ff","type":"connector"}},{"type":"Feature","geometry":{"type":"Point","coordinates":[-73.7385295,45.6284027]},"properties":{"id":"99596b8a-5b16-4b27-b505-413a6c2a76c2","type":"connector"}},{"type":"Feature","geometry":{"type":"Point","coordinates":[-73.7380285,45.6284795]},"properties":{"id":"bbb1cbe5-5c71-42a4-9689-bf09c41aee54","type":"connector"}},{"type":"Feature","geometry":{"type":"Point","coordinates":[-73.737579,45.6283738]},"properties":{"id":"88d3b8eb-4190-45a8-8c0d-2013c4cb2a47","type":"connector"}},{"type":"Feature","geometry":{"type":"Point","coordinates":[-73.7377484,45.6276981]},"properties":{"id":"a2f94612-706d-4210-a045-00138d2146c1","type":"connector"}},{"type":"Feature","geometry":{"type":"Point","coordinates":[-73.7387828,45.6278612]},"properties":{"id":"4514a445-14de-41e3-99a0-e0f5ba25f12f","type":"connector"}},{"type":"Feature","geometry":{"type":"Point","coordinates":[-73.7384772,45.6279821]},"properties":{"id":"0d289264-2bba-45e3-aff1-7f8e7869038e","type":"connector"}},{"type":"Feature","geometry":{"type":"Point","coordinates":[-73.7382801,45.6280671]},"properties":{"id":"07fbde10-0c3f-42c4-9aef-9843430ef6bf","type":"connector"}},{"type":"Feature","geometry":{"type":"Point","coordinates":[-73.7392188,45.6281166]},"properties":{"id":"6354ba26-78fb-41d6-9ccc-b1c5264fb25c","type":"connector"}},{"type":"Feature","geometry":{"type":"Point","coordinates":[-73.7394333,45.6283544]},"properties":{"id":"015c787c-376a-4984-b7c9-3ea6b5600946","type":"connector"}},{"type":"Feature","geometry":{"type":"Point","coordinates":[-73.7307907,45.6283634]},"properties":{"id":"afb5f22f-5260-4310-be21-fa829698e2f9","type":"connector"}},{"type":"Feature","geometry":{"type":"Point","coordinates":[-73.7340235,45.6283222]},"properties":{"id":"42c73aeb-703e-4641-a736-7899b55e43c6","type":"connector"}},{"type":"Feature","geometry":{"type":"Point","coordinates":[-73.7338351,45.6283465]},"properties":{"id":"82a6784f-7a89-4bf0-a83f-8c93ab768224","type":"connector"}},{"type":"Feature","geometry":{"type":"Point","coordinates":[-73.7334203,45.6285485]},"properties":{"id":"cc95cbb1-49f3-432c-82c7-79f5f0934e8f","type":"connector"}},{"type":"Feature","geometry":{"type":"Point","coordinates":[-73.7334875,45.6278671]},"properties":{"id":"5b522529-27db-47b3-ab77-9903fdfe0cf4","type":"connector"}},{"type":"Feature","geometry":{"type":"Point","coordinates":[-73.733348,45.6279328]},"properties":{"id":"bf839139-8a80-4314-bf52-4820c1f4b7a2","type":"connector"}},{"type":"Feature","geometry":{"type":"Point","coordinates":[-73.7325861,45.6277214]},"properties":{"id":"f007f256-19fa-48a9-8f9f-6a19f418e144","type":"connector"}},{"type":"Feature","geometry":{"type":"Point","coordinates":[-73.7322846,45.6272066]},"properties":{"id":"344ada50-4844-42be-b0a5-c49d4dab37b8","type":"connector"}},{"type":"Feature","geometry":{"type":"Point","coordinates":[-73.7324644,45.627152]},"properties":{"id":"d5208cf9-c0ab-4473-9c78-ef6566a083c4","type":"connector"}},{"type":"Feature","geometry":{"type":"Point","coordinates":[-73.7330301,45.6270207]},"properties":{"id":"8a8c67f2-41dd-4a09-9d4b-5e95547dc826","type":"connector"}},{"type":"Feature","geometry":{"type":"Point","coordinates":[-73.7327409,45.6272924]},"properties":{"id":"cbda2313-a688-4175-8368-25b7309fcf3e","type":"connector"}},{"type":"Feature","geometry":{"type":"Point","coordinates":[-73.7329451,45.6275659]},"properties":{"id":"69b2acc1-0c1b-47b8-aef0-bd0d3273c500","type":"connector"}},{"type":"Feature","geometry":{"type":"Point","coordinates":[-73.7327098,45.6268778]},"properties":{"id":"4d7d2f8d-9d55-4555-aa9d-da55e716b2ae","type":"connector"}},{"type":"Feature","geometry":{"type":"Point","coordinates":[-73.732213,45.6266331]},"properties":{"id":"3a7125af-2db5-4fb1-bde7-1d6e519e5c80","type":"connector"}},{"type":"Feature","geometry":{"type":"Point","coordinates":[-73.7315851,45.6263022]},"properties":{"id":"8b537461-1d43-418b-b624-4ba066f180ad","type":"connector"}},{"type":"Feature","geometry":{"type":"Point","coordinates":[-73.7312423,45.6264992]},"properties":{"id":"82b92dff-8fbb-40d2-8391-aa741de8454d","type":"connector"}},{"type":"Feature","geometry":{"type":"Point","coordinates":[-73.7311726,45.6266059]},"properties":{"id":"fd3cf0ec-884b-4215-8cc8-ab729493ad4d","type":"connector"}},{"type":"Feature","geometry":{"type":"Point","coordinates":[-73.7315235,45.6268159]},"properties":{"id":"789f4c9f-b420-4623-b51b-da19d8ed77be","type":"connector"}},{"type":"Feature","geometry":{"type":"Point","coordinates":[-73.7316064,45.6267303]},"properties":{"id":"d17d3f4c-2043-41b8-8bbf-2826c512c209","type":"connector"}},{"type":"Feature","geometry":{"type":"Point","coordinates":[-73.7319655,45.6269097]},"properties":{"id":"d6b395b9-54b1-4147-b0fe-a0e5b86a7817","type":"connector"}},{"type":"Feature","geometry":{"type":"Point","coordinates":[-73.7318388,45.6269777]},"properties":{"id":"40536205-0127-4d0e-abd1-9ba9a4e7421a","type":"connector"}},{"type":"Feature","geometry":{"type":"Point","coordinates":[-73.7319321,45.6275491]},"properties":{"id":"e3d1ecc8-d3f9-4d60-8ecd-1057f035f519","type":"connector"}},{"type":"Feature","geometry":{"type":"Point","coordinates":[-73.731506,45.6273378]},"properties":{"id":"0c292eda-e5a3-44f0-adcf-74b825676a2a","type":"connector"}},{"type":"Feature","geometry":{"type":"Point","coordinates":[-73.7311423,45.6271594]},"properties":{"id":"299d1af1-ddbf-43b6-9f56-29bf195ca444","type":"connector"}},{"type":"Feature","geometry":{"type":"Point","coordinates":[-73.7300608,45.6269539]},"properties":{"id":"e5cdefaf-cf3a-466b-adfd-226a0abd49a9","type":"connector"}},{"type":"Feature","geometry":{"type":"Point","coordinates":[-73.7300804,45.6262698]},"properties":{"id":"8fa877d4-3598-4310-ac1b-4b82d14e07bc","type":"connector"}},{"type":"Feature","geometry":{"type":"Point","coordinates":[-73.729083,45.6263398]},"properties":{"id":"869df241-0340-43ab-8964-dadce553f315","type":"connector"}},{"type":"Feature","geometry":{"type":"Point","coordinates":[-73.7277152,45.6267382]},"properties":{"id":"cf73fc04-3b03-43dc-8dcb-9991fee5df00","type":"connector"}},{"type":"Feature","geometry":{"type":"Point","coordinates":[-73.7274068,45.6270436]},"properties":{"id":"00c34102-772b-4216-b83d-43b448d89aa0","type":"connector"}},{"type":"Feature","geometry":{"type":"Point","coordinates":[-73.7270535,45.6272791]},"properties":{"id":"b0e4fab8-df22-41fe-9629-659d0f2062df","type":"connector"}},{"type":"Feature","geometry":{"type":"Point","coordinates":[-73.7280306,45.6276024]},"properties":{"id":"c851cc6f-47a6-4418-87d2-4a33da261146","type":"connector"}},{"type":"Feature","geometry":{"type":"Point","coordinates":[-73.7290284,45.6285222]},"properties":{"id":"a1b0310c-4253-4dc2-8756-4c2413353229","type":"connector"}},{"type":"Feature","geometry":{"type":"Point","coordinates":[-73.7256467,45.6276005]},"properties":{"id":"09f89a08-6120-4d9d-b1d0-a15c30bdba9b","type":"connector"}},{"type":"Feature","geometry":{"type":"Point","coordinates":[-73.7262419,45.6282738]},"properties":{"id":"1476c98f-b972-4d10-ba03-7ac604d2da6e","type":"connector"}},{"type":"Feature","geometry":{"type":"Point","coordinates":[-73.7255496,45.6283081]},"properties":{"id":"cea0dcd1-2579-4e87-9d8b-aebf8709f67e","type":"connector"}},{"type":"Feature","geometry":{"type":"Point","coordinates":[-73.7249304,45.6275067]},"properties":{"id":"5305955c-f47b-47bd-9ab9-760cd6e0a304","type":"connector"}},{"type":"Feature","geometry":{"type":"Point","coordinates":[-73.7248926,45.6274973]},"properties":{"id":"44ce330f-8dc9-4894-be8c-3eaa12abf01c","type":"connector"}},{"type":"Feature","geometry":{"type":"Point","coordinates":[-73.726485,45.6275002]},"properties":{"id":"74a956a5-cb09-4312-92f9-5609ff7d54c1","type":"connector"}},{"type":"Feature","geometry":{"type":"Point","coordinates":[-73.725656,45.6265608]},"properties":{"id":"73a7c0c6-fa80-48c3-bb62-0f559903d66c","type":"connector"}},{"type":"Feature","geometry":{"type":"Point","coordinates":[-73.7228385,45.6262288]},"properties":{"id":"8f75096f-7405-4c19-8bea-fa9542186394","type":"connector"}},{"type":"Feature","geometry":{"type":"Point","coordinates":[-73.7234354,45.6267657]},"properties":{"id":"3b78e02a-9570-4fd4-bdbb-ce13a27b5075","type":"connector"}},{"type":"Feature","geometry":{"type":"Point","coordinates":[-73.7225581,45.6281057]},"properties":{"id":"d7a3a91b-2141-4fc5-9f6d-3bb83525764a","type":"connector"}},{"type":"Feature","geometry":{"type":"Point","coordinates":[-73.7462927,45.6284674]},"properties":{"id":"1263e961-1498-41f6-8157-2a313fcdbe42","type":"connector"}},{"type":"Feature","geometry":{"type":"Point","coordinates":[-73.7415676,45.6283442]},"properties":{"id":"43a0b5aa-7998-4020-beb1-ff5cd150ecd8","type":"connector"}},{"type":"Feature","geometry":{"type":"Point","coordinates":[-73.7412847,45.6280761]},"properties":{"id":"99bfd422-ee15-4e21-a1ac-e431e3d619df","type":"connector"}},{"type":"Feature","geometry":{"type":"Point","coordinates":[-73.7421987,45.6276964]},"properties":{"id":"8e09af88-1d16-40b5-8690-6d5c8fdecda4","type":"connector"}},{"type":"Feature","geometry":{"type":"Point","coordinates":[-73.7447449,45.6283511]},"properties":{"id":"88a2df31-3d8b-4c5a-a9dc-cec845291924","type":"connector"}},{"type":"Feature","geometry":{"type":"Point","coordinates":[-73.7457172,45.6278479]},"properties":{"id":"7d8b7f34-7fe4-451a-a2b6-91bb22b5ec8f","type":"connector"}},{"type":"Feature","geometry":{"type":"Point","coordinates":[-73.7444899,45.6267527]},"properties":{"id":"4f325de7-d7db-4867-a51b-f824b039a8d1","type":"connector"}},{"type":"Feature","geometry":{"type":"Point","coordinates":[-73.7453572,45.6263892]},"properties":{"id":"3cd008bd-0661-4d9f-a2ad-505ccc032b44","type":"connector"}},{"type":"Feature","geometry":{"type":"Point","coordinates":[-73.7406213,45.6274553]},"properties":{"id":"8d128077-7d87-4545-a100-ec28d648cf51","type":"connector"}},{"type":"Feature","geometry":{"type":"Point","coordinates":[-73.7405005,45.6261289]},"properties":{"id":"5f876886-0909-4b6b-849e-f9cecd437c10","type":"connector"}},{"type":"Feature","geometry":{"type":"Point","coordinates":[-73.7411792,45.6255976]},"properties":{"id":"f55e33a8-1dcc-4ffc-8239-d1fc4b539c71","type":"connector"}},{"type":"Feature","geometry":{"type":"Point","coordinates":[-73.7418948,45.6250511]},"properties":{"id":"7df74190-bf23-4260-8697-4a744ad47d21","type":"connector"}},{"type":"Feature","geometry":{"type":"Point","coordinates":[-73.7406683,45.6249359]},"properties":{"id":"de74564b-c2c6-4910-bc44-d9e76022aa3f","type":"connector"}},{"type":"Feature","geometry":{"type":"Point","coordinates":[-73.7411764,45.6245128]},"properties":{"id":"cdb1572a-755a-4b60-916f-3dedec68dd79","type":"connector"}},{"type":"Feature","geometry":{"type":"Point","coordinates":[-73.7420853,45.6237998]},"properties":{"id":"4b5995c7-355b-49a7-b092-b9c943d68840","type":"connector"}},{"type":"Feature","geometry":{"type":"Point","coordinates":[-73.7429557,45.6245194]},"properties":{"id":"61f18d7e-894b-4d0d-ad8f-341bc476549d","type":"connector"}},{"type":"Feature","geometry":{"type":"Point","coordinates":[-73.7429701,45.6248353]},"properties":{"id":"764ebf38-fed9-447b-b0a5-6c2fa0d66a34","type":"connector"}},{"type":"Feature","geometry":{"type":"Point","coordinates":[-73.7439611,45.6245652]},"properties":{"id":"c12048a6-b3fd-41f9-8ecf-31dd0e69c3e1","type":"connector"}},{"type":"Feature","geometry":{"type":"Point","coordinates":[-73.7430312,45.6241823]},"properties":{"id":"324669ce-0fff-4f1a-8c44-e006a10cca26","type":"connector"}},{"type":"Feature","geometry":{"type":"Point","coordinates":[-73.7451538,45.6246088]},"properties":{"id":"9bea7af0-68d9-4178-bb79-8a8cec92445f","type":"connector"}},{"type":"Feature","geometry":{"type":"Point","coordinates":[-73.7433978,45.6254462]},"properties":{"id":"72621a25-8a22-479c-9e4b-98312491114d","type":"connector"}},{"type":"Feature","geometry":{"type":"Point","coordinates":[-73.7434861,45.6255526]},"properties":{"id":"5b5d2ef7-e663-4fdf-9e8c-9933bedd86ce","type":"connector"}},{"type":"Feature","geometry":{"type":"Point","coordinates":[-73.7439751,45.6261416]},"properties":{"id":"2cfc03b5-8f07-4b2a-9a80-d1b96cbc2727","type":"connector"}},{"type":"Feature","geometry":{"type":"Point","coordinates":[-73.7458257,45.6262075]},"properties":{"id":"89b31fac-0f81-4bbc-a40e-754e9d1f146a","type":"connector"}},{"type":"Feature","geometry":{"type":"Point","coordinates":[-73.7459975,45.6258993]},"properties":{"id":"412ec985-1733-407f-b033-35cc255f51db","type":"connector"}},{"type":"Feature","geometry":{"type":"Point","coordinates":[-73.7458643,45.6221577]},"properties":{"id":"e7ee7b1d-96f1-49df-a7f7-8a4b10abed7e","type":"connector"}},{"type":"Feature","geometry":{"type":"Point","coordinates":[-73.7463038,45.621858]},"properties":{"id":"8471862d-bc3e-4e50-a3ce-7f5cbf40093b","type":"connector"}},{"type":"Feature","geometry":{"type":"Point","coordinates":[-73.7463318,45.6219071]},"properties":{"id":"68596c3c-a70e-47d9-8cb4-990a739ea5e0","type":"connector"}},{"type":"Feature","geometry":{"type":"Point","coordinates":[-73.746361,45.6219583]},"properties":{"id":"a36e160e-1952-4f13-b6c4-f68365cfa435","type":"connector"}},{"type":"Feature","geometry":{"type":"Point","coordinates":[-73.7462622,45.6219437]},"properties":{"id":"43b8371e-9b59-47d2-87ff-436f06c22f43","type":"connector"}},{"type":"Feature","geometry":{"type":"Point","coordinates":[-73.7463524,45.6215142]},"properties":{"id":"b2f7755e-50cf-466e-acb0-d65b504910d9","type":"connector"}},{"type":"Feature","geometry":{"type":"Point","coordinates":[-73.7462506,45.6214163]},"properties":{"id":"90db7990-764d-4cae-b985-830535d6a2b1","type":"connector"}},{"type":"Feature","geometry":{"type":"Point","coordinates":[-73.7461972,45.6214433]},"properties":{"id":"646d164a-a5f3-4314-bda1-813caa3f8c26","type":"connector"}},{"type":"Feature","geometry":{"type":"Point","coordinates":[-73.7459878,45.6215007]},"properties":{"id":"fabf2343-2270-4c8e-9ec7-366c51f2fa27","type":"connector"}},{"type":"Feature","geometry":{"type":"Point","coordinates":[-73.7460747,45.6211128]},"properties":{"id":"3068b6d1-bce1-45c9-a9fd-5f5aad4b1af2","type":"connector"}},{"type":"Feature","geometry":{"type":"Point","coordinates":[-73.7459831,45.6211628]},"properties":{"id":"66ded6cd-fca5-4533-a83d-da15666d4781","type":"connector"}},{"type":"Feature","geometry":{"type":"Point","coordinates":[-73.7463455,45.6213678]},"properties":{"id":"9c79e720-cdd5-4b03-bc14-314f7d4c3c8e","type":"connector"}},{"type":"Feature","geometry":{"type":"Point","coordinates":[-73.7461647,45.621061]},"properties":{"id":"831479d0-3159-4220-9cd7-e626198d21c2","type":"connector"}},{"type":"Feature","geometry":{"type":"Point","coordinates":[-73.7460078,45.62091]},"properties":{"id":"0fb64ac4-33ee-4303-8604-958ce7e9235a","type":"connector"}},{"type":"Feature","geometry":{"type":"Point","coordinates":[-73.7459118,45.6209577]},"properties":{"id":"b3ddf8da-ca31-469d-85b8-f0663c836a8e","type":"connector"}},{"type":"Feature","geometry":{"type":"Point","coordinates":[-73.7458024,45.6209935]},"properties":{"id":"5deef137-7726-46e9-b620-823203f1ba38","type":"connector"}},{"type":"Feature","geometry":{"type":"Point","coordinates":[-73.7458956,45.6209425]},"properties":{"id":"7c665d99-77de-4008-b6f6-5f3a23c8752a","type":"connector"}},{"type":"Feature","geometry":{"type":"Point","coordinates":[-73.7460695,45.6208804]},"properties":{"id":"a57a6124-d2b5-4e13-8fef-32cbf2903343","type":"connector"}},{"type":"Feature","geometry":{"type":"Point","coordinates":[-73.7457355,45.6207893]},"properties":{"id":"e3434ba9-3a13-496d-bcb8-f56af9712bf2","type":"connector"}},{"type":"Feature","geometry":{"type":"Point","coordinates":[-73.7457075,45.6207626]},"properties":{"id":"ebf09e58-d684-4e53-91ca-35b863e87f14","type":"connector"}},{"type":"Feature","geometry":{"type":"Point","coordinates":[-73.7455886,45.6208682]},"properties":{"id":"710add7b-deaa-46fc-8785-223961a93a09","type":"connector"}},{"type":"Feature","geometry":{"type":"Point","coordinates":[-73.7456402,45.6208405]},"properties":{"id":"82f03ff2-3250-4dd4-aa39-7110b248154d","type":"connector"}},{"type":"Feature","geometry":{"type":"Point","coordinates":[-73.745391,45.620733]},"properties":{"id":"dd5b178a-1c0b-40ef-8121-a44f382b63e9","type":"connector"}},{"type":"Feature","geometry":{"type":"Point","coordinates":[-73.7452644,45.620795]},"properties":{"id":"3860c828-ad09-4dd9-845f-de34d5145c0c","type":"connector"}},{"type":"Feature","geometry":{"type":"Point","coordinates":[-73.7453466,45.6210636]},"properties":{"id":"2e47cb0a-34d1-4aab-bb3e-931688e5b6f6","type":"connector"}},{"type":"Feature","geometry":{"type":"Point","coordinates":[-73.7455882,45.6211105]},"properties":{"id":"2a4eac46-99a5-491a-9581-572bb5dd43ad","type":"connector"}},{"type":"Feature","geometry":{"type":"Point","coordinates":[-73.7457184,45.6212876]},"properties":{"id":"f1ad71f3-3255-41af-acab-92287dbb24d0","type":"connector"}},{"type":"Feature","geometry":{"type":"Point","coordinates":[-73.74499,45.6209078]},"properties":{"id":"2e07c47a-0f87-478e-b8a3-7b6e63e0b815","type":"connector"}},{"type":"Feature","geometry":{"type":"Point","coordinates":[-73.7441542,45.6209195]},"properties":{"id":"f263d3ec-f7ab-4661-89bc-99d4e8bd77a4","type":"connector"}},{"type":"Feature","geometry":{"type":"Point","coordinates":[-73.7450657,45.6216635]},"properties":{"id":"a77066ab-8a2d-4588-b69c-4a74371bec93","type":"connector"}},{"type":"Feature","geometry":{"type":"Point","coordinates":[-73.7446024,45.622793]},"properties":{"id":"336718dd-cb77-4c4f-95c1-990fe35ff7b7","type":"connector"}},{"type":"Feature","geometry":{"type":"Point","coordinates":[-73.7439466,45.6232357]},"properties":{"id":"461809f1-515f-46a4-8647-96ab05c8067b","type":"connector"}},{"type":"Feature","geometry":{"type":"Point","coordinates":[-73.7440106,45.6222539]},"properties":{"id":"2bb65fad-438f-4e04-8821-19e82aaced4f","type":"connector"}},{"type":"Feature","geometry":{"type":"Point","coordinates":[-73.7414241,45.6233226]},"properties":{"id":"2d6e080d-dd98-4e77-95df-5ac35ab1055a","type":"connector"}},{"type":"Feature","geometry":{"type":"Point","coordinates":[-73.7407575,45.6228348]},"properties":{"id":"e0b20236-758f-4460-8cc8-c2b046907c09","type":"connector"}},{"type":"Feature","geometry":{"type":"Point","coordinates":[-73.7414279,45.6223474]},"properties":{"id":"41c9bfac-b32e-402a-8462-3f4c5bf23d1f","type":"connector"}},{"type":"Feature","geometry":{"type":"Point","coordinates":[-73.7405799,45.6219926]},"properties":{"id":"504442b7-24f3-4e76-8095-06662c2d4779","type":"connector"}},{"type":"Feature","geometry":{"type":"Point","coordinates":[-73.7407606,45.6218661]},"properties":{"id":"4cfed3fa-bc88-4531-b95e-e37119a897e8","type":"connector"}},{"type":"Feature","geometry":{"type":"Point","coordinates":[-73.7414923,45.6204945]},"properties":{"id":"3c319089-add1-4314-9767-ad8174211f2e","type":"connector"}},{"type":"Feature","geometry":{"type":"Point","coordinates":[-73.7407744,45.6198064]},"properties":{"id":"8642100f-a4b9-4c41-95f4-e224268f7e8b","type":"connector"}},{"type":"Feature","geometry":{"type":"Point","coordinates":[-73.7416199,45.6206168]},"properties":{"id":"ecc8aec1-bcb4-4913-bf3c-e52e46e1d213","type":"connector"}},{"type":"Feature","geometry":{"type":"Point","coordinates":[-73.7435092,45.620382]},"properties":{"id":"e12dc93d-3570-49c5-8d5b-0168715d6a38","type":"connector"}},{"type":"Feature","geometry":{"type":"Point","coordinates":[-73.7436045,45.6203298]},"properties":{"id":"0a63c822-9623-48a4-bd3f-2046246a333e","type":"connector"}},{"type":"Feature","geometry":{"type":"Point","coordinates":[-73.7436503,45.6203739]},"properties":{"id":"2f6f3a4d-c90c-4370-ba49-344250f6c716","type":"connector"}},{"type":"Feature","geometry":{"type":"Point","coordinates":[-73.7437331,45.6203777]},"properties":{"id":"869bf740-105d-4d2e-948f-811dc5b4ff66","type":"connector"}},{"type":"Feature","geometry":{"type":"Point","coordinates":[-73.7437331,45.6203284]},"properties":{"id":"2bc7ebc2-d8eb-46ff-a9ec-951ca186229f","type":"connector"}},{"type":"Feature","geometry":{"type":"Point","coordinates":[-73.7440982,45.6200555]},"properties":{"id":"8ffd824c-0309-4520-b1dd-8a2413447abb","type":"connector"}},{"type":"Feature","geometry":{"type":"Point","coordinates":[-73.7441461,45.6201009]},"properties":{"id":"44b8b033-a00e-4915-8563-6d2d0b9d0add","type":"connector"}},{"type":"Feature","geometry":{"type":"Point","coordinates":[-73.7442153,45.6200632]},"properties":{"id":"9702990f-c0e2-43fc-b4a5-c49f65e8d242","type":"connector"}},{"type":"Feature","geometry":{"type":"Point","coordinates":[-73.7443189,45.6201365]},"properties":{"id":"3228aff9-539c-4bce-b5ad-aa81589b8255","type":"connector"}},{"type":"Feature","geometry":{"type":"Point","coordinates":[-73.7444938,45.6204284]},"properties":{"id":"84d5d3fc-ea2e-49cb-b8eb-fc306d6be01e","type":"connector"}},{"type":"Feature","geometry":{"type":"Point","coordinates":[-73.7445842,45.6203844]},"properties":{"id":"82e480fc-18f7-4895-8de1-b3b6dd4c3e55","type":"connector"}},{"type":"Feature","geometry":{"type":"Point","coordinates":[-73.7453467,45.6206898]},"properties":{"id":"93ad979e-2df0-4b52-9d84-696d1ee10db1","type":"connector"}},{"type":"Feature","geometry":{"type":"Point","coordinates":[-73.7454255,45.6207161]},"properties":{"id":"5f861ee9-3742-4564-8b2d-1d10564d5e40","type":"connector"}},{"type":"Feature","geometry":{"type":"Point","coordinates":[-73.745434,45.6206477]},"properties":{"id":"2000b4b6-aa1b-4b61-9456-44f676d9a94f","type":"connector"}},{"type":"Feature","geometry":{"type":"Point","coordinates":[-73.7454625,45.6206752]},"properties":{"id":"70b2b530-47fc-4fa8-a65f-a86af3032624","type":"connector"}},{"type":"Feature","geometry":{"type":"Point","coordinates":[-73.7455591,45.6206242]},"properties":{"id":"b1202768-eb97-429f-905f-f31720fd2f3a","type":"connector"}},{"type":"Feature","geometry":{"type":"Point","coordinates":[-73.7455274,45.6205947]},"properties":{"id":"a5de71c3-9962-4031-afa6-6adb550c51f5","type":"connector"}},{"type":"Feature","geometry":{"type":"Point","coordinates":[-73.7456205,45.6205412]},"properties":{"id":"03a4ca61-1d5e-4d6d-aa18-cbce27b11b2d","type":"connector"}},{"type":"Feature","geometry":{"type":"Point","coordinates":[-73.7453189,45.6203988]},"properties":{"id":"3e6d294c-a3b4-4c8c-807d-557763d56f59","type":"connector"}},{"type":"Feature","geometry":{"type":"Point","coordinates":[-73.7452228,45.6204465]},"properties":{"id":"a0780f94-8f86-4caa-a74e-439b8ba795a2","type":"connector"}},{"type":"Feature","geometry":{"type":"Point","coordinates":[-73.7451342,45.6204898]},"properties":{"id":"0dcffdc8-e9ae-45ce-829a-5ca4a850cecf","type":"connector"}},{"type":"Feature","geometry":{"type":"Point","coordinates":[-73.7456267,45.6203384]},"properties":{"id":"2808a17d-eb3d-4850-83b6-9a886633e737","type":"connector"}},{"type":"Feature","geometry":{"type":"Point","coordinates":[-73.7454837,45.6202044]},"properties":{"id":"2fafd132-e9ab-4c69-96d1-4be9b66602b6","type":"connector"}},{"type":"Feature","geometry":{"type":"Point","coordinates":[-73.7453513,45.6200751]},"properties":{"id":"c0b4e19f-7826-4b7f-959d-096fe1353693","type":"connector"}},{"type":"Feature","geometry":{"type":"Point","coordinates":[-73.745055,45.6201491]},"properties":{"id":"466eec85-460b-47ff-9214-5728854e3f88","type":"connector"}},{"type":"Feature","geometry":{"type":"Point","coordinates":[-73.7449582,45.6201976]},"properties":{"id":"1c637080-fd6e-4e55-a43c-4f1d76a3f035","type":"connector"}},{"type":"Feature","geometry":{"type":"Point","coordinates":[-73.744845,45.6202556]},"properties":{"id":"28c0cddb-9abe-49f5-8379-c8c7eb53c64e","type":"connector"}},{"type":"Feature","geometry":{"type":"Point","coordinates":[-73.7443654,45.6201787]},"properties":{"id":"c7feef4a-1db3-46fc-8f89-3190d9bfe956","type":"connector"}},{"type":"Feature","geometry":{"type":"Point","coordinates":[-73.7444316,45.6198775]},"properties":{"id":"9ba4e2a7-f938-4d99-aac7-d04a9accd860","type":"connector"}},{"type":"Feature","geometry":{"type":"Point","coordinates":[-73.7444455,45.6197103]},"properties":{"id":"966f2122-6373-47d0-aeaa-01625bd055b3","type":"connector"}},{"type":"Feature","geometry":{"type":"Point","coordinates":[-73.7444952,45.6197561]},"properties":{"id":"41c24239-4dce-4c69-80e3-c451ef2b1bc6","type":"connector"}},{"type":"Feature","geometry":{"type":"Point","coordinates":[-73.7445888,45.6197075]},"properties":{"id":"351d7b79-2a07-4309-b27b-78afd72c73fd","type":"connector"}},{"type":"Feature","geometry":{"type":"Point","coordinates":[-73.7446474,45.6197619]},"properties":{"id":"0a2079d3-8388-439d-8df8-5758d8051fb7","type":"connector"}},{"type":"Feature","geometry":{"type":"Point","coordinates":[-73.7445556,45.6198112]},"properties":{"id":"e25098f3-1fe0-4cb5-9be6-7db791da3712","type":"connector"}},{"type":"Feature","geometry":{"type":"Point","coordinates":[-73.7446153,45.6198655]},"properties":{"id":"b79f0e21-0ddd-446f-94dc-56ec78448604","type":"connector"}},{"type":"Feature","geometry":{"type":"Point","coordinates":[-73.7447098,45.6198199]},"properties":{"id":"15e9656a-05d4-4801-b1e9-601d710bbf34","type":"connector"}},{"type":"Feature","geometry":{"type":"Point","coordinates":[-73.7447619,45.6197364]},"properties":{"id":"552725b0-ea28-41b1-8590-4ba5f2c425f3","type":"connector"}},{"type":"Feature","geometry":{"type":"Point","coordinates":[-73.7448064,45.6197771]},"properties":{"id":"a3d956e8-523c-4af7-84eb-70ca00838fc5","type":"connector"}},{"type":"Feature","geometry":{"type":"Point","coordinates":[-73.7452115,45.6199386]},"properties":{"id":"500d40e0-d4ce-4278-b7cd-02a0c2845b10","type":"connector"}},{"type":"Feature","geometry":{"type":"Point","coordinates":[-73.745703,45.6198937]},"properties":{"id":"e19ddef7-7e60-407f-8a39-e9790c432b8e","type":"connector"}},{"type":"Feature","geometry":{"type":"Point","coordinates":[-73.7457185,45.6198337]},"properties":{"id":"59c5cc14-be8d-49e1-8c18-7b36b51535a0","type":"connector"}},{"type":"Feature","geometry":{"type":"Point","coordinates":[-73.7456615,45.619783]},"properties":{"id":"d9ef2bd4-4732-4709-a173-1faab791231a","type":"connector"}},{"type":"Feature","geometry":{"type":"Point","coordinates":[-73.7455689,45.6197595]},"properties":{"id":"619e38ac-44fe-46ec-bca5-847ff3bfc352","type":"connector"}},{"type":"Feature","geometry":{"type":"Point","coordinates":[-73.7456714,45.6197078]},"properties":{"id":"3401f717-d709-427e-b02f-2518288d0d08","type":"connector"}},{"type":"Feature","geometry":{"type":"Point","coordinates":[-73.7456112,45.6197382]},"properties":{"id":"9c469ede-4fc2-44ae-865a-348830ab7003","type":"connector"}},{"type":"Feature","geometry":{"type":"Point","coordinates":[-73.7455274,45.6195719]},"properties":{"id":"65bdf081-81ef-4df4-8c06-a212c11676c9","type":"connector"}},{"type":"Feature","geometry":{"type":"Point","coordinates":[-73.74547,45.6196016]},"properties":{"id":"5a2b55ed-8f33-446f-acc3-fc9c4f04f8c5","type":"connector"}},{"type":"Feature","geometry":{"type":"Point","coordinates":[-73.7455,45.6193648]},"properties":{"id":"3e57b603-4c1a-4f9a-b640-0ce276d28bd9","type":"connector"}},{"type":"Feature","geometry":{"type":"Point","coordinates":[-73.7453232,45.6194553]},"properties":{"id":"d73f6308-a6c6-42a2-9b02-59741005f179","type":"connector"}},{"type":"Feature","geometry":{"type":"Point","coordinates":[-73.7446856,45.6196597]},"properties":{"id":"440a4885-9b14-4859-ae98-cc52cd9a58cd","type":"connector"}},{"type":"Feature","geometry":{"type":"Point","coordinates":[-73.7445387,45.6196605]},"properties":{"id":"20dd37f0-3730-4ce2-9c77-408bf2a8ebe7","type":"connector"}},{"type":"Feature","geometry":{"type":"Point","coordinates":[-73.7443775,45.6195083]},"properties":{"id":"732c2d86-62c6-4fe2-954b-d8ff90348ca5","type":"connector"}},{"type":"Feature","geometry":{"type":"Point","coordinates":[-73.744248,45.619386]},"properties":{"id":"2d1e3d19-fa7c-4072-8022-db926e7e1ef9","type":"connector"}},{"type":"Feature","geometry":{"type":"Point","coordinates":[-73.744107,45.6194584]},"properties":{"id":"271ecc9b-6dbc-472c-a916-d43f9aa41f8c","type":"connector"}},{"type":"Feature","geometry":{"type":"Point","coordinates":[-73.7441514,45.6194356]},"properties":{"id":"62215ade-3b64-42c6-b92c-3b9530bcf835","type":"connector"}},{"type":"Feature","geometry":{"type":"Point","coordinates":[-73.743992,45.619351]},"properties":{"id":"a68d5237-edf5-416a-ba65-b76941fdf1f0","type":"connector"}},{"type":"Feature","geometry":{"type":"Point","coordinates":[-73.7437622,45.6194908]},"properties":{"id":"247939d0-e5dc-4901-b01c-1274e8f6aede","type":"connector"}},{"type":"Feature","geometry":{"type":"Point","coordinates":[-73.7442816,45.6195579]},"properties":{"id":"6602b89a-2ef8-477c-bd5a-a698c55887e0","type":"connector"}},{"type":"Feature","geometry":{"type":"Point","coordinates":[-73.744338,45.6197677]},"properties":{"id":"b58b5c70-082f-48de-8f7c-a87f78e7b889","type":"connector"}},{"type":"Feature","geometry":{"type":"Point","coordinates":[-73.7443515,45.6197893]},"properties":{"id":"de3942ed-81bf-47f0-bc0e-0f6d14e74975","type":"connector"}},{"type":"Feature","geometry":{"type":"Point","coordinates":[-73.7441917,45.61987]},"properties":{"id":"1843682a-d524-49d6-b85b-15485bcc1ecf","type":"connector"}},{"type":"Feature","geometry":{"type":"Point","coordinates":[-73.7436202,45.6195651]},"properties":{"id":"040200ac-87f2-4f07-be19-a166518e2d54","type":"connector"}},{"type":"Feature","geometry":{"type":"Point","coordinates":[-73.7434707,45.6193884]},"properties":{"id":"f8a7e438-91cd-46bb-9945-fe98ee56bec0","type":"connector"}},{"type":"Feature","geometry":{"type":"Point","coordinates":[-73.7434445,45.6193033]},"properties":{"id":"50c4c3ae-a925-4089-ad89-7b501337b39e","type":"connector"}},{"type":"Feature","geometry":{"type":"Point","coordinates":[-73.7435369,45.6187147]},"properties":{"id":"840139f9-771f-41ef-9ba2-5488dd5d5f9e","type":"connector"}},{"type":"Feature","geometry":{"type":"Point","coordinates":[-73.7436345,45.6186645]},"properties":{"id":"e5f34461-452c-424f-8fe2-831031aac5cc","type":"connector"}},{"type":"Feature","geometry":{"type":"Point","coordinates":[-73.7436486,45.6188201]},"properties":{"id":"bf0fb794-93ac-441c-83aa-6878eb7aa17d","type":"connector"}},{"type":"Feature","geometry":{"type":"Point","coordinates":[-73.7435496,45.6188681]},"properties":{"id":"5a34e798-2914-4a83-8f6e-87a0de85d79d","type":"connector"}},{"type":"Feature","geometry":{"type":"Point","coordinates":[-73.7434532,45.618915]},"properties":{"id":"19213b6b-1f1e-4546-b6bf-5c7a429ced0c","type":"connector"}},{"type":"Feature","geometry":{"type":"Point","coordinates":[-73.7435143,45.6189714]},"properties":{"id":"92c5a7e7-749f-4397-a774-f31bc758b206","type":"connector"}},{"type":"Feature","geometry":{"type":"Point","coordinates":[-73.7436827,45.618993]},"properties":{"id":"dcd81f4b-9b74-4267-b15c-c31d3302db62","type":"connector"}},{"type":"Feature","geometry":{"type":"Point","coordinates":[-73.7437794,45.6189436]},"properties":{"id":"6216b387-0581-480d-904f-0996f69d67d5","type":"connector"}},{"type":"Feature","geometry":{"type":"Point","coordinates":[-73.7439503,45.618968]},"properties":{"id":"32d1123f-bd78-48ca-ab52-709e25ecf05d","type":"connector"}},{"type":"Feature","geometry":{"type":"Point","coordinates":[-73.7436894,45.6188587]},"properties":{"id":"a2513a45-03a7-4637-82d2-5d7762091c7b","type":"connector"}},{"type":"Feature","geometry":{"type":"Point","coordinates":[-73.7437843,45.6188098]},"properties":{"id":"2a38a015-b532-40a6-9c7d-dc54fdc821e8","type":"connector"}},{"type":"Feature","geometry":{"type":"Point","coordinates":[-73.7442409,45.6188183]},"properties":{"id":"521a064a-1384-4220-a068-c883ae53a3e0","type":"connector"}},{"type":"Feature","geometry":{"type":"Point","coordinates":[-73.7442764,45.6188]},"properties":{"id":"d317cbb9-5b70-4729-a0d0-a18cc9bb9fde","type":"connector"}},{"type":"Feature","geometry":{"type":"Point","coordinates":[-73.7442637,45.6190543]},"properties":{"id":"5de04ad0-680d-4bef-87e2-0f40b55be75a","type":"connector"}},{"type":"Feature","geometry":{"type":"Point","coordinates":[-73.744239,45.6191299]},"properties":{"id":"bb2cb1e1-0cd6-437a-adaf-21a9452f424e","type":"connector"}},{"type":"Feature","geometry":{"type":"Point","coordinates":[-73.7441217,45.6191238]},"properties":{"id":"75f6c4a5-0e31-47a8-bdd1-a71883a10170","type":"connector"}},{"type":"Feature","geometry":{"type":"Point","coordinates":[-73.7440219,45.6191726]},"properties":{"id":"2d1eee9c-e15b-4654-8fe3-a47f0de7e3aa","type":"connector"}},{"type":"Feature","geometry":{"type":"Point","coordinates":[-73.743921,45.6190773]},"properties":{"id":"337868ab-6ae0-44ed-87c3-8abe0afa39e2","type":"connector"}},{"type":"Feature","geometry":{"type":"Point","coordinates":[-73.7438564,45.6190164]},"properties":{"id":"6ec2985d-5148-497d-a163-9dcacbb8c435","type":"connector"}},{"type":"Feature","geometry":{"type":"Point","coordinates":[-73.7438211,45.619126]},"properties":{"id":"bee3fd5a-1750-44b3-9107-33090b4fbfe3","type":"connector"}},{"type":"Feature","geometry":{"type":"Point","coordinates":[-73.7439532,45.6192487]},"properties":{"id":"916143c2-4b54-49a8-99c0-0c6dd6da1cdf","type":"connector"}},{"type":"Feature","geometry":{"type":"Point","coordinates":[-73.7436941,45.619188]},"properties":{"id":"403a3061-5dbc-440f-a412-32888a7ba70a","type":"connector"}},{"type":"Feature","geometry":{"type":"Point","coordinates":[-73.7440361,45.6193272]},"properties":{"id":"5009874e-4ece-4786-a6b8-88fb9876b6ae","type":"connector"}},{"type":"Feature","geometry":{"type":"Point","coordinates":[-73.7441311,45.6192757]},"properties":{"id":"195d0c4c-0851-4124-8df3-a738d5d32ece","type":"connector"}},{"type":"Feature","geometry":{"type":"Point","coordinates":[-73.7440506,45.6191997]},"properties":{"id":"a7c83d02-83b7-48f6-a8f8-962500885200","type":"connector"}},{"type":"Feature","geometry":{"type":"Point","coordinates":[-73.7442275,45.6192261]},"properties":{"id":"b7c039ee-d77c-488e-a37a-b2a934a5fd78","type":"connector"}},{"type":"Feature","geometry":{"type":"Point","coordinates":[-73.7443004,45.6191886]},"properties":{"id":"b22f98e1-ecf8-456d-9f49-6353f8adee9e","type":"connector"}},{"type":"Feature","geometry":{"type":"Point","coordinates":[-73.744308,45.6193031]},"properties":{"id":"cd342877-750e-42ca-8c3c-8264f353f7c1","type":"connector"}},{"type":"Feature","geometry":{"type":"Point","coordinates":[-73.7442128,45.6193528]},"properties":{"id":"9e9c1c21-9626-4d62-8745-bf61ea25d677","type":"connector"}},{"type":"Feature","geometry":{"type":"Point","coordinates":[-73.7453148,45.6191858]},"properties":{"id":"442b0f12-9be2-4082-81f5-53ca4eadc297","type":"connector"}},{"type":"Feature","geometry":{"type":"Point","coordinates":[-73.7447162,45.6187436]},"properties":{"id":"b2b0bb01-2298-446e-bf74-a1b7c663bdc2","type":"connector"}},{"type":"Feature","geometry":{"type":"Point","coordinates":[-73.7448779,45.6188831]},"properties":{"id":"9f38dc82-da35-45de-a3ac-f07078adb7b0","type":"connector"}},{"type":"Feature","geometry":{"type":"Point","coordinates":[-73.7447985,45.6189233]},"properties":{"id":"c771ab88-b020-4a5c-88b2-5d94bc6218ef","type":"connector"}},{"type":"Feature","geometry":{"type":"Point","coordinates":[-73.7445496,45.6188688]},"properties":{"id":"c0d7f870-5455-4d3a-a32b-b71adfc01ed8","type":"connector"}},{"type":"Feature","geometry":{"type":"Point","coordinates":[-73.744559,45.6189527]},"properties":{"id":"7c94f15b-dda9-4e28-87c8-f4ceb68f2d8a","type":"connector"}},{"type":"Feature","geometry":{"type":"Point","coordinates":[-73.7444489,45.618321]},"properties":{"id":"265845f5-f0af-438e-a52f-023b7d6532dd","type":"connector"}},{"type":"Feature","geometry":{"type":"Point","coordinates":[-73.7445816,45.6184444]},"properties":{"id":"c783525c-f5b9-4ab5-9ba7-55a9c37dfefd","type":"connector"}},{"type":"Feature","geometry":{"type":"Point","coordinates":[-73.7437031,45.6180553]},"properties":{"id":"b37a3c3c-144c-4fb5-a970-56297d4731c2","type":"connector"}},{"type":"Feature","geometry":{"type":"Point","coordinates":[-73.7441302,45.6184835]},"properties":{"id":"4d10dc4d-ad95-4ea2-b64c-11d4936da38b","type":"connector"}},{"type":"Feature","geometry":{"type":"Point","coordinates":[-73.7437083,45.61863]},"properties":{"id":"fb6f54f0-cb3e-4cdd-aa8a-c13f8baaad73","type":"connector"}},{"type":"Feature","geometry":{"type":"Point","coordinates":[-73.7439959,45.618321]},"properties":{"id":"56c3e343-793e-4eab-b559-4b7d1ef7f18c","type":"connector"}},{"type":"Feature","geometry":{"type":"Point","coordinates":[-73.7434742,45.6183286]},"properties":{"id":"0626b3a7-c0aa-4a3a-b2d1-c7c81ac2288a","type":"connector"}},{"type":"Feature","geometry":{"type":"Point","coordinates":[-73.7433442,45.6183954]},"properties":{"id":"5fed7ef1-0426-4e0d-8666-c6be7882ecca","type":"connector"}},{"type":"Feature","geometry":{"type":"Point","coordinates":[-73.7436039,45.618451]},"properties":{"id":"a46fdef4-3d43-41e8-99ef-90bc8318a07a","type":"connector"}},{"type":"Feature","geometry":{"type":"Point","coordinates":[-73.7436041,45.6185281]},"properties":{"id":"61e7a1c9-2a63-47b2-9b3f-59d66b394dbf","type":"connector"}},{"type":"Feature","geometry":{"type":"Point","coordinates":[-73.7433368,45.6185258]},"properties":{"id":"83640bf5-1aef-4a4d-9025-f446b092bebb","type":"connector"}},{"type":"Feature","geometry":{"type":"Point","coordinates":[-73.7432384,45.6185752]},"properties":{"id":"d155b101-1892-452c-9bef-f18dedf32f16","type":"connector"}},{"type":"Feature","geometry":{"type":"Point","coordinates":[-73.7431455,45.61862]},"properties":{"id":"ab26e659-80ed-497b-98f0-1f2eacd59a41","type":"connector"}},{"type":"Feature","geometry":{"type":"Point","coordinates":[-73.7430746,45.6186584]},"properties":{"id":"df0dd97a-861d-4ae3-9675-5e4bbc91a02f","type":"connector"}},{"type":"Feature","geometry":{"type":"Point","coordinates":[-73.743035,45.6185017]},"properties":{"id":"6a53cba0-3161-4ee8-b252-c3ccda7f0b85","type":"connector"}},{"type":"Feature","geometry":{"type":"Point","coordinates":[-73.74325,45.6184438]},"properties":{"id":"55c4f8b0-c07d-4056-b04c-bbdcfb39e0b2","type":"connector"}},{"type":"Feature","geometry":{"type":"Point","coordinates":[-73.7430449,45.6182501]},"properties":{"id":"d8d9fe4d-00aa-42a7-8fa4-80ae614f181b","type":"connector"}},{"type":"Feature","geometry":{"type":"Point","coordinates":[-73.7431401,45.6182005]},"properties":{"id":"69c5bc86-644e-4215-8e59-bb4a145f6f90","type":"connector"}},{"type":"Feature","geometry":{"type":"Point","coordinates":[-73.7430322,45.6180989]},"properties":{"id":"63f8b1e0-9ba9-4d9d-838a-56ced2de3e61","type":"connector"}},{"type":"Feature","geometry":{"type":"Point","coordinates":[-73.7431429,45.6180458]},"properties":{"id":"bcf9b2a0-8cc2-4eed-8f47-91d7ea3c19ec","type":"connector"}},{"type":"Feature","geometry":{"type":"Point","coordinates":[-73.7428117,45.6180299]},"properties":{"id":"f2714226-87e1-4940-83aa-e22a36d71acc","type":"connector"}},{"type":"Feature","geometry":{"type":"Point","coordinates":[-73.742715,45.6180779]},"properties":{"id":"82f13402-5866-43f3-81f9-7c684cecc8ea","type":"connector"}},{"type":"Feature","geometry":{"type":"Point","coordinates":[-73.7429344,45.6181458]},"properties":{"id":"ccf518ea-7ad2-45f4-a3b4-16b8e493a807","type":"connector"}},{"type":"Feature","geometry":{"type":"Point","coordinates":[-73.742838,45.6181948]},"properties":{"id":"82390e79-76d6-4a74-ba84-a6f674f75cdf","type":"connector"}},{"type":"Feature","geometry":{"type":"Point","coordinates":[-73.7427559,45.6182365]},"properties":{"id":"8389e665-6830-4959-9454-06fb4bbb16e3","type":"connector"}},{"type":"Feature","geometry":{"type":"Point","coordinates":[-73.7426234,45.6181956]},"properties":{"id":"8ebcce42-1dfa-4bf4-b21f-15edcca8d7ea","type":"connector"}},{"type":"Feature","geometry":{"type":"Point","coordinates":[-73.7425757,45.6181471]},"properties":{"id":"77112316-9555-41e4-92e0-f11ab541c1b0","type":"connector"}},{"type":"Feature","geometry":{"type":"Point","coordinates":[-73.7425402,45.6183324]},"properties":{"id":"b6e82ab0-fa32-4de8-9755-8310d0e9d8cd","type":"connector"}},{"type":"Feature","geometry":{"type":"Point","coordinates":[-73.7429781,45.6187186]},"properties":{"id":"eb0411e7-51dc-4a2c-a8be-f496fca03b93","type":"connector"}},{"type":"Feature","geometry":{"type":"Point","coordinates":[-73.7422545,45.6190422]},"properties":{"id":"698d7fa8-a28e-4826-927c-0e02e1cae507","type":"connector"}},{"type":"Feature","geometry":{"type":"Point","coordinates":[-73.7415253,45.6183468]},"properties":{"id":"c5edd4f0-7526-479c-a1f7-559cc56d31dd","type":"connector"}},{"type":"Feature","geometry":{"type":"Point","coordinates":[-73.7409793,45.6180393]},"properties":{"id":"7cb8d1f5-5744-44a6-8ecc-e337ccd08bbb","type":"connector"}},{"type":"Feature","geometry":{"type":"Point","coordinates":[-73.7403683,45.6180969]},"properties":{"id":"69a7a7e1-c71d-4b58-8f2a-52b024521860","type":"connector"}},{"type":"Feature","geometry":{"type":"Point","coordinates":[-73.7407449,45.617843]},"properties":{"id":"de3211c1-cf65-46ab-bd82-1bc4793646fa","type":"connector"}},{"type":"Feature","geometry":{"type":"Point","coordinates":[-73.7408568,45.617762]},"properties":{"id":"837c7d34-57c9-42d5-b238-8f14d80ce44e","type":"connector"}},{"type":"Feature","geometry":{"type":"Point","coordinates":[-73.7409233,45.6176974]},"properties":{"id":"e5b44df7-7848-4ff0-9c0d-3e8be3b1654c","type":"connector"}},{"type":"Feature","geometry":{"type":"Point","coordinates":[-73.7407489,45.6176614]},"properties":{"id":"0b602f93-84f9-43fc-b5cd-510b2b6ec349","type":"connector"}},{"type":"Feature","geometry":{"type":"Point","coordinates":[-73.7407019,45.6176842]},"properties":{"id":"86feb0e2-6c1f-49e1-baad-ba775adee64e","type":"connector"}},{"type":"Feature","geometry":{"type":"Point","coordinates":[-73.7403076,45.6173425]},"properties":{"id":"aa3f6bcd-a048-4f54-b0af-4a03d2c5e0d7","type":"connector"}},{"type":"Feature","geometry":{"type":"Point","coordinates":[-73.7407416,45.6174313]},"properties":{"id":"746595e7-c9e7-4d0a-a793-0db7cde5e9bd","type":"connector"}},{"type":"Feature","geometry":{"type":"Point","coordinates":[-73.7408894,45.6173544]},"properties":{"id":"3bca3c95-44dc-480a-836b-1e55f4ef5e13","type":"connector"}},{"type":"Feature","geometry":{"type":"Point","coordinates":[-73.740814,45.6176299]},"properties":{"id":"d963c364-95ba-4b11-9aa9-c04337d1d375","type":"connector"}},{"type":"Feature","geometry":{"type":"Point","coordinates":[-73.7409958,45.6176191]},"properties":{"id":"1d64a8fb-4113-4951-98e5-4a311faaa64b","type":"connector"}},{"type":"Feature","geometry":{"type":"Point","coordinates":[-73.7411996,45.6173017]},"properties":{"id":"194e1fb8-d075-4d5b-9a56-25df1c7c9a4a","type":"connector"}},{"type":"Feature","geometry":{"type":"Point","coordinates":[-73.7411522,45.6174621]},"properties":{"id":"109c0c0c-1847-4734-8af5-14d2f39c6e94","type":"connector"}},{"type":"Feature","geometry":{"type":"Point","coordinates":[-73.7412704,45.6173493]},"properties":{"id":"b9843cf7-f00f-4b7e-92fe-f2de380bfcc0","type":"connector"}},{"type":"Feature","geometry":{"type":"Point","coordinates":[-73.7413552,45.6176194]},"properties":{"id":"7f486d49-7919-499e-a334-761204931189","type":"connector"}},{"type":"Feature","geometry":{"type":"Point","coordinates":[-73.741574,45.6176175]},"properties":{"id":"9e8cf4e2-1391-40bc-b6aa-1c33b367b336","type":"connector"}},{"type":"Feature","geometry":{"type":"Point","coordinates":[-73.741177,45.6177989]},"properties":{"id":"ea3fd9d3-78ee-4795-8e60-6c49bde57050","type":"connector"}},{"type":"Feature","geometry":{"type":"Point","coordinates":[-73.7410846,45.6178132]},"properties":{"id":"136a1d93-09ee-4b78-9bd8-81c1b835d311","type":"connector"}},{"type":"Feature","geometry":{"type":"Point","coordinates":[-73.7421797,45.6177657]},"properties":{"id":"b9f77ba4-abe5-4f1c-aa3d-39f615ef357b","type":"connector"}},{"type":"Feature","geometry":{"type":"Point","coordinates":[-73.7423047,45.6178894]},"properties":{"id":"aba302bc-656e-4de0-91ee-67db6bf24181","type":"connector"}},{"type":"Feature","geometry":{"type":"Point","coordinates":[-73.7424438,45.6178143]},"properties":{"id":"2bf30ec5-0465-42ec-8e0b-7eb10b9dab29","type":"connector"}},{"type":"Feature","geometry":{"type":"Point","coordinates":[-73.7425,45.6178666]},"properties":{"id":"0cdedc17-a3ea-43ad-9248-0d4cf31e7669","type":"connector"}},{"type":"Feature","geometry":{"type":"Point","coordinates":[-73.7425891,45.61782]},"properties":{"id":"7f815ff5-7d75-4511-a506-5d5db641fe10","type":"connector"}},{"type":"Feature","geometry":{"type":"Point","coordinates":[-73.7429032,45.6178192]},"properties":{"id":"36714829-ca8f-46fe-b193-1b0a9cee926f","type":"connector"}},{"type":"Feature","geometry":{"type":"Point","coordinates":[-73.7427522,45.6178332]},"properties":{"id":"cddaa64a-c574-46fb-aa92-2bb1b708f06f","type":"connector"}},{"type":"Feature","geometry":{"type":"Point","coordinates":[-73.7426557,45.6178829]},"properties":{"id":"d8566099-3753-47b7-b7c1-0d6bfe2c34b7","type":"connector"}},{"type":"Feature","geometry":{"type":"Point","coordinates":[-73.7426834,45.6177713]},"properties":{"id":"d0dc715c-c1d3-48c4-8e95-ad8e0413f24b","type":"connector"}},{"type":"Feature","geometry":{"type":"Point","coordinates":[-73.74275,45.6176347]},"properties":{"id":"f7ddca50-4544-467f-bc35-be334846a2cc","type":"connector"}},{"type":"Feature","geometry":{"type":"Point","coordinates":[-73.742572,45.6176646]},"properties":{"id":"8ca23e3d-9f25-452b-95d8-92a28708f8d7","type":"connector"}},{"type":"Feature","geometry":{"type":"Point","coordinates":[-73.7425522,45.617675]},"properties":{"id":"16d5e063-dcdb-450c-95de-928536419fa0","type":"connector"}},{"type":"Feature","geometry":{"type":"Point","coordinates":[-73.742479,45.6177159]},"properties":{"id":"85b1b939-101c-46ab-911b-62389b4c4ca6","type":"connector"}},{"type":"Feature","geometry":{"type":"Point","coordinates":[-73.7426018,45.6176916]},"properties":{"id":"e67f51ae-2eb8-4879-b307-4494ac77ab0d","type":"connector"}},{"type":"Feature","geometry":{"type":"Point","coordinates":[-73.7425334,45.6177679]},"properties":{"id":"874aad24-4a46-4528-b82c-3bcba03cbe10","type":"connector"}},{"type":"Feature","geometry":{"type":"Point","coordinates":[-73.7423892,45.617766]},"properties":{"id":"f3bccfc7-3c2d-4ae6-a01f-d03fe4ddde18","type":"connector"}},{"type":"Feature","geometry":{"type":"Point","coordinates":[-73.7426068,45.6174991]},"properties":{"id":"0d3f94bb-31aa-4149-b02f-9b7bae63e933","type":"connector"}},{"type":"Feature","geometry":{"type":"Point","coordinates":[-73.7425342,45.6174405]},"properties":{"id":"6704c5f1-e178-4f85-8fdc-e2b1d78a0d37","type":"connector"}},{"type":"Feature","geometry":{"type":"Point","coordinates":[-73.7423132,45.6174194]},"properties":{"id":"c7153bdf-a141-4db9-8603-d32538ed2db4","type":"connector"}},{"type":"Feature","geometry":{"type":"Point","coordinates":[-73.7424467,45.6173537]},"properties":{"id":"e17ce035-9bcb-4b06-9ab6-4b73f3f698a2","type":"connector"}},{"type":"Feature","geometry":{"type":"Point","coordinates":[-73.7422418,45.6174913]},"properties":{"id":"86a1c978-cbb2-4d52-9d41-79168b2a0c46","type":"connector"}},{"type":"Feature","geometry":{"type":"Point","coordinates":[-73.7422168,45.6174668]},"properties":{"id":"2b1b82b6-74c2-4db0-b5c5-4887d1dc16c0","type":"connector"}},{"type":"Feature","geometry":{"type":"Point","coordinates":[-73.7421424,45.6175412]},"properties":{"id":"add924b5-a2b1-4e01-9116-6ef5a9d99133","type":"connector"}},{"type":"Feature","geometry":{"type":"Point","coordinates":[-73.7420719,45.6175782]},"properties":{"id":"39c0f8a1-8611-4ef0-958e-427b1d5d71d1","type":"connector"}},{"type":"Feature","geometry":{"type":"Point","coordinates":[-73.7419241,45.6174821]},"properties":{"id":"83483ed3-4a7d-41b9-b03e-5412f4b71323","type":"connector"}},{"type":"Feature","geometry":{"type":"Point","coordinates":[-73.7418043,45.6173684]},"properties":{"id":"52035a14-68db-44aa-b6ce-355484300f77","type":"connector"}},{"type":"Feature","geometry":{"type":"Point","coordinates":[-73.7419017,45.6173164]},"properties":{"id":"6b557091-0bdf-4bb4-a823-916cd1b8f17d","type":"connector"}},{"type":"Feature","geometry":{"type":"Point","coordinates":[-73.741731,45.6171536]},"properties":{"id":"598f0d75-ab2e-4988-bb2b-0a3b5d1e177f","type":"connector"}},{"type":"Feature","geometry":{"type":"Point","coordinates":[-73.7416642,45.617089]},"properties":{"id":"91dc5560-969b-4a7e-bf17-a62cec6e61fc","type":"connector"}},{"type":"Feature","geometry":{"type":"Point","coordinates":[-73.7417625,45.6170395]},"properties":{"id":"43e076a3-ecca-4f7f-a9c4-61dc8e1b5f8c","type":"connector"}},{"type":"Feature","geometry":{"type":"Point","coordinates":[-73.7416857,45.6169676]},"properties":{"id":"3be5f826-6587-4129-a09c-f5a776f75d55","type":"connector"}},{"type":"Feature","geometry":{"type":"Point","coordinates":[-73.7419079,45.6170404]},"properties":{"id":"adc67be8-cd99-4af3-9eed-b16444274d1a","type":"connector"}},{"type":"Feature","geometry":{"type":"Point","coordinates":[-73.7418211,45.6170945]},"properties":{"id":"19f0926c-b5b3-451f-bf6c-f333ad6cb056","type":"connector"}},{"type":"Feature","geometry":{"type":"Point","coordinates":[-73.7421688,45.6171942]},"properties":{"id":"272173cd-c7e1-42c4-b11f-1ae288ab0724","type":"connector"}},{"type":"Feature","geometry":{"type":"Point","coordinates":[-73.7421141,45.617235]},"properties":{"id":"ffbb26bf-3c37-42a4-8783-9e094ae5f3d5","type":"connector"}},{"type":"Feature","geometry":{"type":"Point","coordinates":[-73.7420011,45.6172634]},"properties":{"id":"3494cd9f-7def-4ae3-8e63-334d40342a39","type":"connector"}},{"type":"Feature","geometry":{"type":"Point","coordinates":[-73.7420216,45.6172827]},"properties":{"id":"4ff5dd7e-251d-4981-b00f-1a00a17246f3","type":"connector"}},{"type":"Feature","geometry":{"type":"Point","coordinates":[-73.7422777,45.617293]},"properties":{"id":"f8b562a4-ea11-49c1-a898-d19ee6f9d9cb","type":"connector"}},{"type":"Feature","geometry":{"type":"Point","coordinates":[-73.7428307,45.6171649]},"properties":{"id":"6af0b6f9-d65b-41c6-96cf-9a1c02a01525","type":"connector"}},{"type":"Feature","geometry":{"type":"Point","coordinates":[-73.7422505,45.6167117]},"properties":{"id":"fb8e3f77-8951-45da-842d-2d1d4ab88f47","type":"connector"}},{"type":"Feature","geometry":{"type":"Point","coordinates":[-73.7420764,45.6168039]},"properties":{"id":"bb75a127-3d28-4dc7-b376-7e34faf8e02c","type":"connector"}},{"type":"Feature","geometry":{"type":"Point","coordinates":[-73.7417876,45.6168169]},"properties":{"id":"64c97a1d-ef64-4267-be38-8dff2944b185","type":"connector"}},{"type":"Feature","geometry":{"type":"Point","coordinates":[-73.741765,45.6169053]},"properties":{"id":"605572a1-f050-493d-a855-fc2557d36ecc","type":"connector"}},{"type":"Feature","geometry":{"type":"Point","coordinates":[-73.7416154,45.6169018]},"properties":{"id":"05cc4671-6ecf-4569-91d9-1c3d7f7f00f5","type":"connector"}},{"type":"Feature","geometry":{"type":"Point","coordinates":[-73.7417109,45.6168547]},"properties":{"id":"23e59822-5378-4a84-b19f-9e452a6f4f71","type":"connector"}},{"type":"Feature","geometry":{"type":"Point","coordinates":[-73.7416046,45.6170314]},"properties":{"id":"5fce0fa3-f01d-4bb3-9252-22124780c33c","type":"connector"}},{"type":"Feature","geometry":{"type":"Point","coordinates":[-73.7414833,45.6171128]},"properties":{"id":"b80ebfe4-f9fe-4f97-a79f-b4592463deac","type":"connector"}},{"type":"Feature","geometry":{"type":"Point","coordinates":[-73.7415326,45.6171601]},"properties":{"id":"1ebf98b0-cab2-4e6c-bf5c-7ed088f6a62d","type":"connector"}},{"type":"Feature","geometry":{"type":"Point","coordinates":[-73.7414937,45.6171834]},"properties":{"id":"37377d0c-ede2-4fa6-a74b-b3c0af74dd6b","type":"connector"}},{"type":"Feature","geometry":{"type":"Point","coordinates":[-73.7405217,45.6172302]},"properties":{"id":"caab50a3-0dde-4179-ae28-06d00dcbc03f","type":"connector"}},{"type":"Feature","geometry":{"type":"Point","coordinates":[-73.7403254,45.6170397]},"properties":{"id":"84c91e5c-7d34-440a-860e-a56be939af38","type":"connector"}},{"type":"Feature","geometry":{"type":"Point","coordinates":[-73.7406519,45.6168779]},"properties":{"id":"89226437-15ec-45ab-90e1-d7ea83369a86","type":"connector"}},{"type":"Feature","geometry":{"type":"Point","coordinates":[-73.7405153,45.6167599]},"properties":{"id":"24331c92-79f4-48c0-bdc4-8bdaea56dfd7","type":"connector"}},{"type":"Feature","geometry":{"type":"Point","coordinates":[-73.7409138,45.6163918]},"properties":{"id":"8c0004c7-f89a-4546-9edf-4a2745717dcc","type":"connector"}},{"type":"Feature","geometry":{"type":"Point","coordinates":[-73.7408197,45.6164615]},"properties":{"id":"7e12d58c-8bf3-46f9-a0d2-a7ce86677cc0","type":"connector"}},{"type":"Feature","geometry":{"type":"Point","coordinates":[-73.741196,45.6165093]},"properties":{"id":"13c3ae80-6692-460a-929f-0b2d0e11476f","type":"connector"}},{"type":"Feature","geometry":{"type":"Point","coordinates":[-73.7412445,45.6165546]},"properties":{"id":"541bc6c2-bff9-447f-9507-1c630beb7002","type":"connector"}},{"type":"Feature","geometry":{"type":"Point","coordinates":[-73.7413964,45.6164817]},"properties":{"id":"4586767f-67a3-4aa3-aded-484191706427","type":"connector"}},{"type":"Feature","geometry":{"type":"Point","coordinates":[-73.7413397,45.6165089]},"properties":{"id":"3bcd7f73-e415-492c-ae2b-b0b965164fef","type":"connector"}},{"type":"Feature","geometry":{"type":"Point","coordinates":[-73.7412882,45.6164601]},"properties":{"id":"2f1c5c8d-78c3-4877-a8e0-e584b294083e","type":"connector"}},{"type":"Feature","geometry":{"type":"Point","coordinates":[-73.7414148,45.6163926]},"properties":{"id":"9c41009a-0e7e-412f-a6da-32171744a80e","type":"connector"}},{"type":"Feature","geometry":{"type":"Point","coordinates":[-73.7410145,45.6163407]},"properties":{"id":"5ec455d9-52d1-4382-8a72-a7aa90f9f30e","type":"connector"}},{"type":"Feature","geometry":{"type":"Point","coordinates":[-73.7409333,45.6162664]},"properties":{"id":"2a3fd1b7-10e2-4f2e-9281-ac980d700e21","type":"connector"}},{"type":"Feature","geometry":{"type":"Point","coordinates":[-73.7410283,45.6162201]},"properties":{"id":"f77fc6cb-6b9f-462e-8065-167cc375af9a","type":"connector"}},{"type":"Feature","geometry":{"type":"Point","coordinates":[-73.7411634,45.6161542]},"properties":{"id":"bacb6290-42aa-4f80-bb63-3d7b051c3c07","type":"connector"}},{"type":"Feature","geometry":{"type":"Point","coordinates":[-73.7406141,45.6159689]},"properties":{"id":"9076b94a-20e2-4e38-aecd-6b0d708d9f83","type":"connector"}},{"type":"Feature","geometry":{"type":"Point","coordinates":[-73.7406951,45.6160439]},"properties":{"id":"7aee2c09-4d57-45b4-8dcf-b569897cc1fc","type":"connector"}},{"type":"Feature","geometry":{"type":"Point","coordinates":[-73.7408009,45.6160065]},"properties":{"id":"042c1c9a-39d2-4c9d-9b82-33d5419e902e","type":"connector"}},{"type":"Feature","geometry":{"type":"Point","coordinates":[-73.7408461,45.616049]},"properties":{"id":"e374bae2-1ce2-42a8-9af6-678da3c22dfa","type":"connector"}},{"type":"Feature","geometry":{"type":"Point","coordinates":[-73.7407531,45.6160977]},"properties":{"id":"e3ef40ea-6a64-4a65-aa46-0972c617ec62","type":"connector"}},{"type":"Feature","geometry":{"type":"Point","coordinates":[-73.7403923,45.6160861]},"properties":{"id":"e8571caa-a608-4c17-8e65-5a714e1f0813","type":"connector"}},{"type":"Feature","geometry":{"type":"Point","coordinates":[-73.7405822,45.6160839]},"properties":{"id":"74e90bb5-4c3b-48d0-94f3-d00f2bac0f8a","type":"connector"}},{"type":"Feature","geometry":{"type":"Point","coordinates":[-73.7405141,45.6160217]},"properties":{"id":"4e617682-08cf-4214-81d6-cf7376c3a530","type":"connector"}},{"type":"Feature","geometry":{"type":"Point","coordinates":[-73.7404484,45.6159617]},"properties":{"id":"0c40c0d9-3480-41e0-a7c8-0c1bac7edc65","type":"connector"}},{"type":"Feature","geometry":{"type":"Point","coordinates":[-73.7402463,45.6159447]},"properties":{"id":"656a7b2f-bddf-48f8-895b-6934eba52e5f","type":"connector"}},{"type":"Feature","geometry":{"type":"Point","coordinates":[-73.7405513,45.6159108]},"properties":{"id":"a12a7d16-f9f5-49b5-a68d-47c044937cf2","type":"connector"}},{"type":"Feature","geometry":{"type":"Point","coordinates":[-73.7406468,45.6158628]},"properties":{"id":"e9bd5ba1-d372-427e-81fa-13e041e59c16","type":"connector"}},{"type":"Feature","geometry":{"type":"Point","coordinates":[-73.7402712,45.6156509]},"properties":{"id":"dba2d30a-5d66-4bae-9b9b-546ab033ca14","type":"connector"}},{"type":"Feature","geometry":{"type":"Point","coordinates":[-73.7409128,45.615259]},"properties":{"id":"1d47396f-20ac-4fb1-9e62-f0ef1d6eb771","type":"connector"}},{"type":"Feature","geometry":{"type":"Point","coordinates":[-73.7412445,45.6155714]},"properties":{"id":"0e6c7938-7fa1-40e1-8493-ba52ef1d9f73","type":"connector"}},{"type":"Feature","geometry":{"type":"Point","coordinates":[-73.7415179,45.6153124]},"properties":{"id":"0c13a86d-0310-496b-b557-230f03d7185c","type":"connector"}},{"type":"Feature","geometry":{"type":"Point","coordinates":[-73.7413334,45.6156552]},"properties":{"id":"846fb1e6-83f1-4268-a67a-9285b36ad02a","type":"connector"}},{"type":"Feature","geometry":{"type":"Point","coordinates":[-73.7409358,45.6158367]},"properties":{"id":"91dd96c0-6cb8-461e-bf96-82ac9342082b","type":"connector"}},{"type":"Feature","geometry":{"type":"Point","coordinates":[-73.7417112,45.6154976]},"properties":{"id":"2db41c62-3001-4662-8d49-317de5d9e047","type":"connector"}},{"type":"Feature","geometry":{"type":"Point","coordinates":[-73.7421496,45.6152811]},"properties":{"id":"32633de9-71c2-4186-b4a9-1a936f0bfd05","type":"connector"}},{"type":"Feature","geometry":{"type":"Point","coordinates":[-73.7425243,45.6161114]},"properties":{"id":"c0c44c84-0638-4dcf-adec-2345a4dbf3e5","type":"connector"}},{"type":"Feature","geometry":{"type":"Point","coordinates":[-73.7423915,45.6161736]},"properties":{"id":"76eb6d9d-dc95-46e1-ba5d-ad8616febec3","type":"connector"}},{"type":"Feature","geometry":{"type":"Point","coordinates":[-73.7417708,45.6163925]},"properties":{"id":"cf7ccf57-4a5e-41c1-8b03-da8053172ac3","type":"connector"}},{"type":"Feature","geometry":{"type":"Point","coordinates":[-73.741829,45.6165731]},"properties":{"id":"56f2351c-830e-4e34-907e-6bf1a1b46605","type":"connector"}},{"type":"Feature","geometry":{"type":"Point","coordinates":[-73.7419179,45.6165274]},"properties":{"id":"0ce6c906-e7d2-4ed2-badc-f4a8a863981e","type":"connector"}},{"type":"Feature","geometry":{"type":"Point","coordinates":[-73.7420002,45.616485]},"properties":{"id":"b21b547b-2b15-4d7f-ad67-71f56eb06aaf","type":"connector"}},{"type":"Feature","geometry":{"type":"Point","coordinates":[-73.743713,45.6162051]},"properties":{"id":"d3cc9e1f-8f36-4e3e-b65d-b5f7e86894db","type":"connector"}},{"type":"Feature","geometry":{"type":"Point","coordinates":[-73.7431928,45.6157559]},"properties":{"id":"e7e7a91a-a86e-408d-b5ed-5d312c0cb316","type":"connector"}},{"type":"Feature","geometry":{"type":"Point","coordinates":[-73.7432651,45.6158274]},"properties":{"id":"60f94cf3-0f2c-4e63-8411-34b31f00badc","type":"connector"}},{"type":"Feature","geometry":{"type":"Point","coordinates":[-73.7430372,45.6156147]},"properties":{"id":"eed6ff53-7624-4d6e-b5c2-85c293b49514","type":"connector"}},{"type":"Feature","geometry":{"type":"Point","coordinates":[-73.7451949,45.615298]},"properties":{"id":"f27876d4-b818-483d-b08c-f81f0d8d48e6","type":"connector"}},{"type":"Feature","geometry":{"type":"Point","coordinates":[-73.7454723,45.6167059]},"properties":{"id":"01a043ad-c37d-478a-970f-f80f3f4a69a1","type":"connector"}},{"type":"Feature","geometry":{"type":"Point","coordinates":[-73.7446894,45.6170967]},"properties":{"id":"1d060936-a716-4335-ac97-51482de90d6e","type":"connector"}},{"type":"Feature","geometry":{"type":"Point","coordinates":[-73.7442183,45.616713]},"properties":{"id":"cc097283-1168-4238-9364-6503daac201f","type":"connector"}},{"type":"Feature","geometry":{"type":"Point","coordinates":[-73.7430025,45.6168287]},"properties":{"id":"292e1af3-3077-4167-b11a-2095ca247222","type":"connector"}},{"type":"Feature","geometry":{"type":"Point","coordinates":[-73.7438863,45.6172524]},"properties":{"id":"26e00991-2f5c-4a78-bd6e-e1d427d17bce","type":"connector"}},{"type":"Feature","geometry":{"type":"Point","coordinates":[-73.7440463,45.6173472]},"properties":{"id":"8d63bf4f-9331-4b8b-b649-ae7d7b541fee","type":"connector"}},{"type":"Feature","geometry":{"type":"Point","coordinates":[-73.7438313,45.6174658]},"properties":{"id":"fb90f4cc-3488-4cc1-911a-87164c267ede","type":"connector"}},{"type":"Feature","geometry":{"type":"Point","coordinates":[-73.7439143,45.6172977]},"properties":{"id":"769aaade-9f37-42f8-92e3-96464891bc09","type":"connector"}},{"type":"Feature","geometry":{"type":"Point","coordinates":[-73.7438121,45.6173228]},"properties":{"id":"83c4614f-ce51-45a4-baff-2910ffd8d11a","type":"connector"}},{"type":"Feature","geometry":{"type":"Point","coordinates":[-73.7435936,45.6173495]},"properties":{"id":"2f7b8238-c27a-450c-bc99-07329cfe6f4a","type":"connector"}},{"type":"Feature","geometry":{"type":"Point","coordinates":[-73.7431283,45.6175892]},"properties":{"id":"f25e4240-f482-4d09-a420-e3d63c2a1f9f","type":"connector"}},{"type":"Feature","geometry":{"type":"Point","coordinates":[-73.7433572,45.6175866]},"properties":{"id":"eb819fd7-daa9-451e-adf1-f58ad0c8c613","type":"connector"}},{"type":"Feature","geometry":{"type":"Point","coordinates":[-73.7434417,45.6175371]},"properties":{"id":"495a1048-d8d0-49ca-8571-5a90dd9575a4","type":"connector"}},{"type":"Feature","geometry":{"type":"Point","coordinates":[-73.7435801,45.6177918]},"properties":{"id":"adf62d0a-cecf-45dd-820e-14e9b40f6ad7","type":"connector"}},{"type":"Feature","geometry":{"type":"Point","coordinates":[-73.7432125,45.6176633]},"properties":{"id":"031d06e4-c5b3-421a-8e42-6dd1cfd6462d","type":"connector"}},{"type":"Feature","geometry":{"type":"Point","coordinates":[-73.7435951,45.6179526]},"properties":{"id":"2b2ffc9c-5791-4a88-9281-e4d8e6fe8cc4","type":"connector"}},{"type":"Feature","geometry":{"type":"Point","coordinates":[-73.74399,45.6178818]},"properties":{"id":"e6a935e2-9de5-4676-a443-89829c42fd3d","type":"connector"}},{"type":"Feature","geometry":{"type":"Point","coordinates":[-73.7444738,45.6178436]},"properties":{"id":"39e6abdb-f1f1-46c4-9750-8b92747933a6","type":"connector"}},{"type":"Feature","geometry":{"type":"Point","coordinates":[-73.7460747,45.6184762]},"properties":{"id":"9688fa8b-db3d-41c3-ad07-031e1c4d165e","type":"connector"}},{"type":"Feature","geometry":{"type":"Point","coordinates":[-73.7460944,45.6189803]},"properties":{"id":"fab55809-1f4f-4b0e-b7dd-eb2763f2e23a","type":"connector"}},{"type":"Feature","geometry":{"type":"Point","coordinates":[-73.7460326,45.6190921]},"properties":{"id":"b672c91d-79b4-4aa0-aa75-9d06d08911ef","type":"connector"}},{"type":"Feature","geometry":{"type":"Point","coordinates":[-73.7461343,45.6192579]},"properties":{"id":"905c8829-3f4d-4899-9d57-70c9f00617c5","type":"connector"}},{"type":"Feature","geometry":{"type":"Point","coordinates":[-73.7461888,45.6192297]},"properties":{"id":"3a73dd3a-9300-4b3c-80fd-db75089063b2","type":"connector"}},{"type":"Feature","geometry":{"type":"Point","coordinates":[-73.7462561,45.6193676]},"properties":{"id":"d4c95c31-05ed-4f87-98ee-a0762dbe0d55","type":"connector"}},{"type":"Feature","geometry":{"type":"Point","coordinates":[-73.7457536,45.6197852]},"properties":{"id":"336f5ac4-96a1-44fc-932b-8c7d5ddbe8b2","type":"connector"}},{"type":"Feature","geometry":{"type":"Point","coordinates":[-73.745748,45.619794]},"properties":{"id":"a75ced5a-184f-4afe-a271-7410af0f597e","type":"connector"}},{"type":"Feature","geometry":{"type":"Point","coordinates":[-73.7458068,45.6198352]},"properties":{"id":"bf5b9a8c-4ac9-44e9-86ca-ef053e94e6cf","type":"connector"}},{"type":"Feature","geometry":{"type":"Point","coordinates":[-73.7457555,45.6198667]},"properties":{"id":"276d5143-8410-408c-bf83-a43d917e0eeb","type":"connector"}},{"type":"Feature","geometry":{"type":"Point","coordinates":[-73.745879,45.620002]},"properties":{"id":"efccf45a-aa53-4af8-98fc-8e37bafd8659","type":"connector"}},{"type":"Feature","geometry":{"type":"Point","coordinates":[-73.7459719,45.6199577]},"properties":{"id":"a9084e78-8743-4e8d-8d96-9615449dbda4","type":"connector"}},{"type":"Feature","geometry":{"type":"Point","coordinates":[-73.7461035,45.6200995]},"properties":{"id":"2deb0910-245a-4160-9567-b457525734f3","type":"connector"}},{"type":"Feature","geometry":{"type":"Point","coordinates":[-73.7460189,45.6201343]},"properties":{"id":"6b35b113-1d13-4027-8f0c-abfa3833abc3","type":"connector"}},{"type":"Feature","geometry":{"type":"Point","coordinates":[-73.7461642,45.6202746]},"properties":{"id":"dd8c151f-af26-4715-b004-3d333840872a","type":"connector"}},{"type":"Feature","geometry":{"type":"Point","coordinates":[-73.7462767,45.6202681]},"properties":{"id":"200f12e6-b400-4f9d-af0c-36f0d27b5382","type":"connector"}},{"type":"Feature","geometry":{"type":"Point","coordinates":[-73.7462502,45.6202412]},"properties":{"id":"044af831-41e3-4e0e-8364-6e0724eccd5d","type":"connector"}},{"type":"Feature","geometry":{"type":"Point","coordinates":[-73.7457633,45.6204706]},"properties":{"id":"7b24a45e-3f96-4f64-892c-e8ead13e149f","type":"connector"}},{"type":"Feature","geometry":{"type":"Point","coordinates":[-73.7458021,45.6207124]},"properties":{"id":"95d246e9-fe74-4c20-ac0a-6c5eab8c5f9c","type":"connector"}},{"type":"Feature","geometry":{"type":"Point","coordinates":[-73.7458547,45.6206863]},"properties":{"id":"3533642c-30f6-4838-a8b7-99014dfaf122","type":"connector"}}]}